path,address,type,size,range,default,structure,effect,confidence,display_offset,enum,enum_values,description,notes,source
fm.setup.kbdPatchBankSelectMsb,01 00 00 04,int1x7,1,"[0, 127]",87,Setup,,script+doc,,,,Patch Bank Select MSB (CC# 0) (0~127),[],"{""file"": ""original-roland-files/Script/A8EE/Script.xml"", ""line"": 78}"
fm.setup.kbdPatchBankSelectLsb,01 00 00 05,int1x7,1,"[0, 127]",0,Setup,,script+doc,,,,Patch Bank Select LSB (CC# 32) (0~127),[],"{""file"": ""original-roland-files/Script/A8EE/Script.xml"", ""line"": 87}"
fm.setup.kbdPatchProgramNumber,01 00 00 06,int1x7,1,"[0, 127]",0,Setup,,script+doc,,,,Patch Program Number (PC) (0~127),[],"{""file"": ""original-roland-files/Script/A8EE/Script.xml"", ""line"": 96}"
fm.setup.mfx1Switch,01 00 00 0A,int1x7,1,"[0, 1]",1,Setup,,script+doc,,,,MFX1 Switch (0~1),[],"{""file"": ""original-roland-files/Script/A8EE/Script.xml"", ""line"": 130}"
fm.setup.chorusSwitch,01 00 00 0D,int1x7,1,"[0, 1]",1,Setup,,script+doc,,,,Chorus Switch (0~1),[],"{""file"": ""original-roland-files/Script/A8EE/Script.xml"", ""line"": 156}"
fm.setup.reverbSwitch,01 00 00 0E,int1x7,1,"[0, 1]",1,Setup,,script+doc,,,,Reverb Switch (0~1),[],"{""file"": ""original-roland-files/Script/A8EE/Script.xml"", ""line"": 164}"
fm.setup.transposeValue,01 00 00 12,int1x7,1,"[59, 70]",64,Setup,,script+doc,,,,Transpose Value (59 ~70),[],"{""file"": ""original-roland-files/Script/A8EE/Script.xml"", ""line"": 198}"
fm.setup.octaveShift,01 00 00 13,int1x7,1,"[61, 67]",64,Setup,,script+doc,,,,Octave Shift (61~67),[],"{""file"": ""original-roland-files/Script/A8EE/Script.xml"", ""line"": 206}"
fm.system.common.masterTune,02 00 00 00,int4x4,4,"[24, 2024]",1024,SystemCommon,,script+doc,,"[""415.30"", ""415.33"", ""415.36"", ""415.38"", ""415.41"", ""415.43"", ""415.45"", ""415.48"", ""415.50"", ""415.53"", ""415.55"", ""415.57"", ""415.60"", ""415.62"", ""415.65"", ""415.67"", ""415.69"", ""415.72"", ""415.74"", ""415.77"", ""415.79"", ""415.81"", ""415.84"", ""415.86"", ""415.89"", ""415.91"", ""415.93"", ""415.96"", ""415.98"", ""416.01"", ""416.03"", ""416.05"", ""416.08"", ""416.10"", ""416.13"", ""416.15"", ""416.17"", ""416.20"", ""416.22"", ""416.25"", ""416.27"", ""416.29"", ""416.32"", ""416.34"", ""416.37"", ""416.39"", ""416.41"", ""416.44"", ""416.46"", ""416.49"", ""416.51"", ""416.53"", ""416.56"", ""416.58"", ""416.61"", ""416.63"", ""416.66"", ""416.68"", ""416.70"", ""416.73"", ""416.75"", ""416.78"", ""416.80"", ""416.82"", ""416.85"", ""416.87"", ""416.90"", ""416.92"", ""416.94"", ""416.97"", ""416.99"", ""417.02"", ""417.04"", ""417.06"", ""417.09"", ""417.11"", ""417.14"", ""417.16"", ""417.19"", ""417.21"", ""417.23"", ""417.26"", ""417.28"", ""417.31"", ""417.33"", ""417.35"", ""417.38"", ""417.40"", ""417.43"", ""417.45"", ""417.47"", ""417.50"", ""417.52"", ""417.55"", ""417.57"", ""417.59"", ""417.62"", ""417.64"", ""417.67"", ""417.69"", ""417.72"", ""417.74"", ""417.76"", ""417.79"", ""417.81"", ""417.84"", ""417.86"", ""417.88"", ""417.91"", ""417.93"", ""417.96"", ""417.98"", ""418.01"", ""418.03"", ""418.05"", ""418.08"", ""418.10"", ""418.13"", ""418.15"", ""418.17"", ""418.20"", ""418.22"", ""418.25"", ""418.27"", ""418.30"", ""418.32"", ""418.34"", ""418.37"", ""418.39"", ""418.42"", ""418.44"", ""418.46"", ""418.49"", ""418.51"", ""418.54"", ""418.56"", ""418.59"", ""418.61"", ""418.63"", ""418.66"", ""418.68"", ""418.71"", ""418.73"", ""418.75"", ""418.78"", ""418.80"", ""418.83"", ""418.85"", ""418.88"", ""418.90"", ""418.92"", ""418.95"", ""418.97"", ""419.00"", ""419.02"", ""419.04"", ""419.07"", ""419.09"", ""419.12"", ""419.14"", ""419.17"", ""419.19"", ""419.21"", ""419.24"", ""419.26"", ""419.29"", ""419.31"", ""419.34"", ""419.36"", ""419.38"", ""419.41"", ""419.43"", ""419.46"", ""419.48"", ""419.50"", ""419.53"", ""419.55"", ""419.58"", ""419.60"", ""419.63"", ""419.65"", ""419.67"", ""419.70"", ""419.72"", ""419.75"", ""419.77"", ""419.80"", ""419.82"", ""419.84"", ""419.87"", ""419.89"", ""419.92"", ""419.94"", ""419.97"", ""419.99"", ""420.01"", ""420.04"", ""420.06"", ""420.09"", ""420.11"", ""420.14"", ""420.16"", ""420.18"", ""420.21"", ""420.23"", ""420.26"", ""420.28"", ""420.31"", ""420.33"", ""420.35"", ""420.38"", ""420.40"", ""420.43"", ""420.45"", ""420.48"", ""420.50"", ""420.52"", ""420.55"", ""420.57"", ""420.60"", ""420.62"", ""420.65"", ""420.67"", ""420.69"", ""420.72"", ""420.74"", ""420.77"", ""420.79"", ""420.82"", ""420.84"", ""420.86"", ""420.89"", ""420.91"", ""420.94"", ""420.96"", ""420.99"", ""421.01"", ""421.03"", ""421.06"", ""421.08"", ""421.11"", ""421.13"", ""421.16"", ""421.18"", ""421.20"", ""421.23"", ""421.25"", ""421.28"", ""421.30"", ""421.33"", ""421.35"", ""421.37"", ""421.40"", ""421.42"", ""421.45"", ""421.47"", ""421.50"", ""421.52"", ""421.55"", ""421.57"", ""421.59"", ""421.62"", ""421.64"", ""421.67"", ""421.69"", ""421.72"", ""421.74"", ""421.76"", ""421.79"", ""421.81"", ""421.84"", ""421.86"", ""421.89"", ""421.91"", ""421.93"", ""421.96"", ""421.98"", ""422.01"", ""422.03"", ""422.06"", ""422.08"", ""422.11"", ""422.13"", ""422.15"", ""422.18"", ""422.20"", ""422.23"", ""422.25"", ""422.28"", ""422.30"", ""422.33"", ""422.35"", ""422.37"", ""422.40"", ""422.42"", ""422.45"", ""422.47"", ""422.50"", ""422.52"", ""422.54"", ""422.57"", ""422.59"", ""422.62"", ""422.64"", ""422.67"", ""422.69"", ""422.72"", ""422.74"", ""422.76"", ""422.79"", ""422.81"", ""422.84"", ""422.86"", ""422.89"", ""422.91"", ""422.94"", ""422.96"", ""422.98"", ""423.01"", ""423.03"", ""423.06"", ""423.08"", ""423.11"", ""423.13"", ""423.16"", ""423.18"", ""423.20"", ""423.23"", ""423.25"", ""423.28"", ""423.30"", ""423.33"", ""423.35"", ""423.38"", ""423.40"", ""423.42"", ""423.45"", ""423.47"", ""423.50"", ""423.52"", ""423.55"", ""423.57"", ""423.60"", ""423.62"", ""423.64"", ""423.67"", ""423.69"", ""423.72"", ""423.74"", ""423.77"", ""423.79"", ""423.82"", ""423.84"", ""423.86"", ""423.89"", ""423.91"", ""423.94"", ""423.96"", ""423.99"", ""424.01"", ""424.04"", ""424.06"", ""424.09"", ""424.11"", ""424.13"", ""424.16"", ""424.18"", ""424.21"", ""424.23"", ""424.26"", ""424.28"", ""424.31"", ""424.33"", ""424.35"", ""424.38"", ""424.40"", ""424.43"", ""424.45"", ""424.48"", ""424.50"", ""424.53"", ""424.55"", ""424.58"", ""424.60"", ""424.62"", ""424.65"", ""424.67"", ""424.70"", ""424.72"", ""424.75"", ""424.77"", ""424.80"", ""424.82"", ""424.85"", ""424.87"", ""424.89"", ""424.92"", ""424.94"", ""424.97"", ""424.99"", ""425.02"", ""425.04"", ""425.07"", ""425.09"", ""425.12"", ""425.14"", ""425.16"", ""425.19"", ""425.21"", ""425.24"", ""425.26"", ""425.29"", ""425.31"", ""425.34"", ""425.36"", ""425.39"", ""425.41"", ""425.43"", ""425.46"", ""425.48"", ""425.51"", ""425.53"", ""425.56"", ""425.58"", ""425.61"", ""425.63"", ""425.66"", ""425.68"", ""425.70"", ""425.73"", ""425.75"", ""425.78"", ""425.80"", ""425.83"", ""425.85"", ""425.88"", ""425.90"", ""425.93"", ""425.95"", ""425.98"", ""426.00"", ""426.02"", ""426.05"", ""426.07"", ""426.10"", ""426.12"", ""426.15"", ""426.17"", ""426.20"", ""426.22"", ""426.25"", ""426.27"", ""426.30"", ""426.32"", ""426.34"", ""426.37"", ""426.39"", ""426.42"", ""426.44"", ""426.47"", ""426.49"", ""426.52"", ""426.54"", ""426.57"", ""426.59"", ""426.62"", ""426.64"", ""426.66"", ""426.69"", ""426.71"", ""426.74"", ""426.76"", ""426.79"", ""426.81"", ""426.84"", ""426.86"", ""426.89"", ""426.91"", ""426.94"", ""426.96"", ""426.99"", ""427.01"", ""427.03"", ""427.06"", ""427.08"", ""427.11"", ""427.13"", ""427.16"", ""427.18"", ""427.21"", ""427.23"", ""427.26"", ""427.28"", ""427.31"", ""427.33"", ""427.36"", ""427.38"", ""427.40"", ""427.43"", ""427.45"", ""427.48"", ""427.50"", ""427.53"", ""427.55"", ""427.58"", ""427.60"", ""427.63"", ""427.65"", ""427.68"", ""427.70"", ""427.73"", ""427.75"", ""427.78"", ""427.80"", ""427.82"", ""427.85"", ""427.87"", ""427.90"", ""427.92"", ""427.95"", ""427.97"", ""428.00"", ""428.02"", ""428.05"", ""428.07"", ""428.10"", ""428.12"", ""428.15"", ""428.17"", ""428.20"", ""428.22"", ""428.25"", ""428.27"", ""428.29"", ""428.32"", ""428.34"", ""428.37"", ""428.39"", ""428.42"", ""428.44"", ""428.47"", ""428.49"", ""428.52"", ""428.54"", ""428.57"", ""428.59"", ""428.62"", ""428.64"", ""428.67"", ""428.69"", ""428.72"", ""428.74"", ""428.76"", ""428.79"", ""428.81"", ""428.84"", ""428.86"", ""428.89"", ""428.91"", ""428.94"", ""428.96"", ""428.99"", ""429.01"", ""429.04"", ""429.06"", ""429.09"", ""429.11"", ""429.14"", ""429.16"", ""429.19"", ""429.21"", ""429.24"", ""429.26"", ""429.29"", ""429.31"", ""429.33"", ""429.36"", ""429.38"", ""429.41"", ""429.43"", ""429.46"", ""429.48"", ""429.51"", ""429.53"", ""429.56"", ""429.58"", ""429.61"", ""429.63"", ""429.66"", ""429.68"", ""429.71"", ""429.73"", ""429.76"", ""429.78"", ""429.81"", ""429.83"", ""429.86"", ""429.88"", ""429.91"", ""429.93"", ""429.96"", ""429.98"", ""430.01"", ""430.03"", ""430.05"", ""430.08"", ""430.10"", ""430.13"", ""430.15"", ""430.18"", ""430.20"", ""430.23"", ""430.25"", ""430.28"", ""430.30"", ""430.33"", ""430.35"", ""430.38"", ""430.40"", ""430.43"", ""430.45"", ""430.48"", ""430.50"", ""430.53"", ""430.55"", ""430.58"", ""430.60"", ""430.63"", ""430.65"", ""430.68"", ""430.70"", ""430.73"", ""430.75"", ""430.78"", ""430.80"", ""430.83"", ""430.85"", ""430.88"", ""430.90"", ""430.93"", ""430.95"", ""430.97"", ""431.00"", ""431.02"", ""431.05"", ""431.07"", ""431.10"", ""431.12"", ""431.15"", ""431.17"", ""431.20"", ""431.22"", ""431.25"", ""431.27"", ""431.30"", ""431.32"", ""431.35"", ""431.37"", ""431.40"", ""431.42"", ""431.45"", ""431.47"", ""431.50"", ""431.52"", ""431.55"", ""431.57"", ""431.60"", ""431.62"", ""431.65"", ""431.67"", ""431.70"", ""431.72"", ""431.75"", ""431.77"", ""431.80"", ""431.82"", ""431.85"", ""431.87"", ""431.90"", ""431.92"", ""431.95"", ""431.97"", ""432.00"", ""432.02"", ""432.05"", ""432.07"", ""432.10"", ""432.12"", ""432.15"", ""432.17"", ""432.20"", ""432.22"", ""432.25"", ""432.27"", ""432.30"", ""432.32"", ""432.35"", ""432.37"", ""432.40"", ""432.42"", ""432.45"", ""432.47"", ""432.50"", ""432.52"", ""432.55"", ""432.57"", ""432.60"", ""432.62"", ""432.65"", ""432.67"", ""432.70"", ""432.72"", ""432.75"", ""432.77"", ""432.80"", ""432.82"", ""432.85"", ""432.87"", ""432.90"", ""432.92"", ""432.95"", ""432.97"", ""433.00"", ""433.02"", ""433.05"", ""433.07"", ""433.10"", ""433.12"", ""433.15"", ""433.17"", ""433.20"", ""433.22"", ""433.25"", ""433.27"", ""433.30"", ""433.32"", ""433.35"", ""433.37"", ""433.40"", ""433.42"", ""433.45"", ""433.47"", ""433.50"", ""433.52"", ""433.55"", ""433.57"", ""433.60"", ""433.62"", ""433.65"", ""433.67"", ""433.70"", ""433.72"", ""433.75"", ""433.77"", ""433.80"", ""433.82"", ""433.85"", ""433.87"", ""433.90"", ""433.92"", ""433.95"", ""433.97"", ""434.00"", ""434.02"", ""434.05"", ""434.07"", ""434.10"", ""434.12"", ""434.15"", ""434.17"", ""434.20"", ""434.22"", ""434.25"", ""434.27"", ""434.30"", ""434.32"", ""434.35"", ""434.37"", ""434.40"", ""434.42"", ""434.45"", ""434.47"", ""434.50"", ""434.52"", ""434.55"", ""434.57"", ""434.60"", ""434.62"", ""434.65"", ""434.67"", ""434.70"", ""434.73"", ""434.75"", ""434.78"", ""434.80"", ""434.83"", ""434.85"", ""434.88"", ""434.90"", ""434.93"", ""434.95"", ""434.98"", ""435.00"", ""435.03"", ""435.05"", ""435.08"", ""435.10"", ""435.13"", ""435.15"", ""435.18"", ""435.20"", ""435.23"", ""435.25"", ""435.28"", ""435.30"", ""435.33"", ""435.35"", ""435.38"", ""435.40"", ""435.43"", ""435.45"", ""435.48"", ""435.50"", ""435.53"", ""435.55"", ""435.58"", ""435.60"", ""435.63"", ""435.66"", ""435.68"", ""435.71"", ""435.73"", ""435.76"", ""435.78"", ""435.81"", ""435.83"", ""435.86"", ""435.88"", ""435.91"", ""435.93"", ""435.96"", ""435.98"", ""436.01"", ""436.03"", ""436.06"", ""436.08"", ""436.11"", ""436.13"", ""436.16"", ""436.18"", ""436.21"", ""436.23"", ""436.26"", ""436.28"", ""436.31"", ""436.34"", ""436.36"", ""436.39"", ""436.41"", ""436.44"", ""436.46"", ""436.49"", ""436.51"", ""436.54"", ""436.56"", ""436.59"", ""436.61"", ""436.64"", ""436.66"", ""436.69"", ""436.71"", ""436.74"", ""436.76"", ""436.79"", ""436.81"", ""436.84"", ""436.86"", ""436.89"", ""436.92"", ""436.94"", ""436.97"", ""436.99"", ""437.02"", ""437.04"", ""437.07"", ""437.09"", ""437.12"", ""437.14"", ""437.17"", ""437.19"", ""437.22"", ""437.24"", ""437.27"", ""437.29"", ""437.32"", ""437.34"", ""437.37"", ""437.39"", ""437.42"", ""437.45"", ""437.47"", ""437.50"", ""437.52"", ""437.55"", ""437.57"", ""437.60"", ""437.62"", ""437.65"", ""437.67"", ""437.70"", ""437.72"", ""437.75"", ""437.77"", ""437.80"", ""437.82"", ""437.85"", ""437.88"", ""437.90"", ""437.93"", ""437.95"", ""437.98"", ""438.00"", ""438.03"", ""438.05"", ""438.08"", ""438.10"", ""438.13"", ""438.15"", ""438.18"", ""438.20"", ""438.23"", ""438.25"", ""438.28"", ""438.31"", ""438.33"", ""438.36"", ""438.38"", ""438.41"", ""438.43"", ""438.46"", ""438.48"", ""438.51"", ""438.53"", ""438.56"", ""438.58"", ""438.61"", ""438.63"", ""438.66"", ""438.69"", ""438.71"", ""438.74"", ""438.76"", ""438.79"", ""438.81"", ""438.84"", ""438.86"", ""438.89"", ""438.91"", ""438.94"", ""438.96"", ""438.99"", ""439.01"", ""439.04"", ""439.07"", ""439.09"", ""439.12"", ""439.14"", ""439.17"", ""439.19"", ""439.22"", ""439.24"", ""439.27"", ""439.29"", ""439.32"", ""439.34"", ""439.37"", ""439.40"", ""439.42"", ""439.45"", ""439.47"", ""439.50"", ""439.52"", ""439.55"", ""439.57"", ""439.60"", ""439.62"", ""439.65"", ""439.67"", ""439.70"", ""439.73"", ""439.75"", ""439.78"", ""439.80"", ""439.83"", ""439.85"", ""439.88"", ""439.90"", ""439.93"", ""439.95"", ""439.98"", ""440.00"", ""440.03"", ""440.06"", ""440.08"", ""440.11"", ""440.13"", ""440.16"", ""440.18"", ""440.21"", ""440.23"", ""440.26"", ""440.28"", ""440.31"", ""440.34"", ""440.36"", ""440.39"", ""440.41"", ""440.44"", ""440.46"", ""440.49"", ""440.51"", ""440.54"", ""440.56"", ""440.59"", ""440.62"", ""440.64"", ""440.67"", ""440.69"", ""440.72"", ""440.74"", ""440.77"", ""440.79"", ""440.82"", ""440.84"", ""440.87"", ""440.90"", ""440.92"", ""440.95"", ""440.97"", ""441.00"", ""441.02"", ""441.05"", ""441.07"", ""441.10"", ""441.12"", ""441.15"", ""441.18"", ""441.20"", ""441.23"", ""441.25"", ""441.28"", ""441.30"", ""441.33"", ""441.35"", ""441.38"", ""441.41"", ""441.43"", ""441.46"", ""441.48"", ""441.51"", ""441.53"", ""441.56"", ""441.58"", ""441.61"", ""441.63"", ""441.66"", ""441.69"", ""441.71"", ""441.74"", ""441.76"", ""441.79"", ""441.81"", ""441.84"", ""441.86"", ""441.89"", ""441.92"", ""441.94"", ""441.97"", ""441.99"", ""442.02"", ""442.04"", ""442.07"", ""442.09"", ""442.12"", ""442.15"", ""442.17"", ""442.20"", ""442.22"", ""442.25"", ""442.27"", ""442.30"", ""442.32"", ""442.35"", ""442.37"", ""442.40"", ""442.43"", ""442.45"", ""442.48"", ""442.50"", ""442.53"", ""442.55"", ""442.58"", ""442.61"", ""442.63"", ""442.66"", ""442.68"", ""442.71"", ""442.73"", ""442.76"", ""442.78"", ""442.81"", ""442.84"", ""442.86"", ""442.89"", ""442.91"", ""442.94"", ""442.96"", ""442.99"", ""443.01"", ""443.04"", ""443.07"", ""443.09"", ""443.12"", ""443.14"", ""443.17"", ""443.19"", ""443.22"", ""443.24"", ""443.27"", ""443.30"", ""443.32"", ""443.35"", ""443.37"", ""443.40"", ""443.42"", ""443.45"", ""443.48"", ""443.50"", ""443.53"", ""443.55"", ""443.58"", ""443.60"", ""443.63"", ""443.65"", ""443.68"", ""443.71"", ""443.73"", ""443.76"", ""443.78"", ""443.81"", ""443.83"", ""443.86"", ""443.89"", ""443.91"", ""443.94"", ""443.96"", ""443.99"", ""444.01"", ""444.04"", ""444.06"", ""444.09"", ""444.12"", ""444.14"", ""444.17"", ""444.19"", ""444.22"", ""444.24"", ""444.27"", ""444.30"", ""444.32"", ""444.35"", ""444.37"", ""444.40"", ""444.42"", ""444.45"", ""444.48"", ""444.50"", ""444.53"", ""444.55"", ""444.58"", ""444.60"", ""444.63"", ""444.66"", ""444.68"", ""444.71"", ""444.73"", ""444.76"", ""444.78"", ""444.81"", ""444.83"", ""444.86"", ""444.89"", ""444.91"", ""444.94"", ""444.96"", ""444.99"", ""445.01"", ""445.04"", ""445.07"", ""445.09"", ""445.12"", ""445.14"", ""445.17"", ""445.19"", ""445.22"", ""445.25"", ""445.27"", ""445.30"", ""445.32"", ""445.35"", ""445.37"", ""445.40"", ""445.43"", ""445.45"", ""445.48"", ""445.50"", ""445.53"", ""445.55"", ""445.58"", ""445.61"", ""445.63"", ""445.66"", ""445.68"", ""445.71"", ""445.74"", ""445.76"", ""445.79"", ""445.81"", ""445.84"", ""445.86"", ""445.89"", ""445.92"", ""445.94"", ""445.97"", ""445.99"", ""446.02"", ""446.04"", ""446.07"", ""446.10"", ""446.12"", ""446.15"", ""446.17"", ""446.20"", ""446.22"", ""446.25"", ""446.28"", ""446.30"", ""446.33"", ""446.35"", ""446.38"", ""446.40"", ""446.43"", ""446.46"", ""446.48"", ""446.51"", ""446.53"", ""446.56"", ""446.59"", ""446.61"", ""446.64"", ""446.66"", ""446.69"", ""446.71"", ""446.74"", ""446.77"", ""446.79"", ""446.82"", ""446.84"", ""446.87"", ""446.90"", ""446.92"", ""446.95"", ""446.97"", ""447.00"", ""447.02"", ""447.05"", ""447.08"", ""447.10"", ""447.13"", ""447.15"", ""447.18"", ""447.21"", ""447.23"", ""447.26"", ""447.28"", ""447.31"", ""447.33"", ""447.36"", ""447.39"", ""447.41"", ""447.44"", ""447.46"", ""447.49"", ""447.52"", ""447.54"", ""447.57"", ""447.59"", ""447.62"", ""447.64"", ""447.67"", ""447.70"", ""447.72"", ""447.75"", ""447.77"", ""447.80"", ""447.83"", ""447.85"", ""447.88"", ""447.90"", ""447.93"", ""447.95"", ""447.98"", ""448.01"", ""448.03"", ""448.06"", ""448.08"", ""448.11"", ""448.14"", ""448.16"", ""448.19"", ""448.21"", ""448.24"", ""448.27"", ""448.29"", ""448.32"", ""448.34"", ""448.37"", ""448.39"", ""448.42"", ""448.45"", ""448.47"", ""448.50"", ""448.52"", ""448.55"", ""448.58"", ""448.60"", ""448.63"", ""448.65"", ""448.68"", ""448.71"", ""448.73"", ""448.76"", ""448.78"", ""448.81"", ""448.84"", ""448.86"", ""448.89"", ""448.91"", ""448.94"", ""448.96"", ""448.99"", ""449.02"", ""449.04"", ""449.07"", ""449.09"", ""449.12"", ""449.15"", ""449.17"", ""449.20"", ""449.22"", ""449.25"", ""449.28"", ""449.30"", ""449.33"", ""449.35"", ""449.38"", ""449.41"", ""449.43"", ""449.46"", ""449.48"", ""449.51"", ""449.54"", ""449.56"", ""449.59"", ""449.61"", ""449.64"", ""449.67"", ""449.69"", ""449.72"", ""449.74"", ""449.77"", ""449.80"", ""449.82"", ""449.85"", ""449.87"", ""449.90"", ""449.93"", ""449.95"", ""449.98"", ""450.00"", ""450.03"", ""450.06"", ""450.08"", ""450.11"", ""450.13"", ""450.16"", ""450.19"", ""450.21"", ""450.24"", ""450.26"", ""450.29"", ""450.32"", ""450.34"", ""450.37"", ""450.39"", ""450.42"", ""450.45"", ""450.47"", ""450.50"", ""450.52"", ""450.55"", ""450.58"", ""450.60"", ""450.63"", ""450.65"", ""450.68"", ""450.71"", ""450.73"", ""450.76"", ""450.78"", ""450.81"", ""450.84"", ""450.86"", ""450.89"", ""450.91"", ""450.94"", ""450.97"", ""450.99"", ""451.02"", ""451.04"", ""451.07"", ""451.10"", ""451.12"", ""451.15"", ""451.17"", ""451.20"", ""451.23"", ""451.25"", ""451.28"", ""451.31"", ""451.33"", ""451.36"", ""451.38"", ""451.41"", ""451.44"", ""451.46"", ""451.49"", ""451.51"", ""451.54"", ""451.57"", ""451.59"", ""451.62"", ""451.64"", ""451.67"", ""451.70"", ""451.72"", ""451.75"", ""451.77"", ""451.80"", ""451.83"", ""451.85"", ""451.88"", ""451.90"", ""451.93"", ""451.96"", ""451.98"", ""452.01"", ""452.04"", ""452.06"", ""452.09"", ""452.11"", ""452.14"", ""452.17"", ""452.19"", ""452.22"", ""452.24"", ""452.27"", ""452.30"", ""452.32"", ""452.35"", ""452.38"", ""452.40"", ""452.43"", ""452.45"", ""452.48"", ""452.51"", ""452.53"", ""452.56"", ""452.58"", ""452.61"", ""452.64"", ""452.66"", ""452.69"", ""452.71"", ""452.74"", ""452.77"", ""452.79"", ""452.82"", ""452.85"", ""452.87"", ""452.90"", ""452.92"", ""452.95"", ""452.98"", ""453.00"", ""453.03"", ""453.05"", ""453.08"", ""453.11"", ""453.13"", ""453.16"", ""453.19"", ""453.21"", ""453.24"", ""453.26"", ""453.29"", ""453.32"", ""453.34"", ""453.37"", ""453.40"", ""453.42"", ""453.45"", ""453.47"", ""453.50"", ""453.53"", ""453.55"", ""453.58"", ""453.60"", ""453.63"", ""453.66"", ""453.68"", ""453.71"", ""453.74"", ""453.76"", ""453.79"", ""453.81"", ""453.84"", ""453.87"", ""453.89"", ""453.92"", ""453.95"", ""453.97"", ""454.00"", ""454.02"", ""454.05"", ""454.08"", ""454.10"", ""454.13"", ""454.16"", ""454.18"", ""454.21"", ""454.23"", ""454.26"", ""454.29"", ""454.31"", ""454.34"", ""454.37"", ""454.39"", ""454.42"", ""454.44"", ""454.47"", ""454.50"", ""454.52"", ""454.55"", ""454.58"", ""454.60"", ""454.63"", ""454.65"", ""454.68"", ""454.71"", ""454.73"", ""454.76"", ""454.79"", ""454.81"", ""454.84"", ""454.86"", ""454.89"", ""454.92"", ""454.94"", ""454.97"", ""455.00"", ""455.02"", ""455.05"", ""455.07"", ""455.10"", ""455.13"", ""455.15"", ""455.18"", ""455.21"", ""455.23"", ""455.26"", ""455.28"", ""455.31"", ""455.34"", ""455.36"", ""455.39"", ""455.42"", ""455.44"", ""455.47"", ""455.50"", ""455.52"", ""455.55"", ""455.57"", ""455.60"", ""455.63"", ""455.65"", ""455.68"", ""455.71"", ""455.73"", ""455.76"", ""455.78"", ""455.81"", ""455.84"", ""455.86"", ""455.89"", ""455.92"", ""455.94"", ""455.97"", ""456.00"", ""456.02"", ""456.05"", ""456.07"", ""456.10"", ""456.13"", ""456.15"", ""456.18"", ""456.21"", ""456.23"", ""456.26"", ""456.29"", ""456.31"", ""456.34"", ""456.36"", ""456.39"", ""456.42"", ""456.44"", ""456.47"", ""456.50"", ""456.52"", ""456.55"", ""456.58"", ""456.60"", ""456.63"", ""456.65"", ""456.68"", ""456.71"", ""456.73"", ""456.76"", ""456.79"", ""456.81"", ""456.84"", ""456.87"", ""456.89"", ""456.92"", ""456.94"", ""456.97"", ""457.00"", ""457.02"", ""457.05"", ""457.08"", ""457.10"", ""457.13"", ""457.16"", ""457.18"", ""457.21"", ""457.24"", ""457.26"", ""457.29"", ""457.31"", ""457.34"", ""457.37"", ""457.39"", ""457.42"", ""457.45"", ""457.47"", ""457.50"", ""457.53"", ""457.55"", ""457.58"", ""457.60"", ""457.63"", ""457.66"", ""457.68"", ""457.71"", ""457.74"", ""457.76"", ""457.79"", ""457.82"", ""457.84"", ""457.87"", ""457.90"", ""457.92"", ""457.95"", ""457.98"", ""458.00"", ""458.03"", ""458.05"", ""458.08"", ""458.11"", ""458.13"", ""458.16"", ""458.19"", ""458.21"", ""458.24"", ""458.27"", ""458.29"", ""458.32"", ""458.35"", ""458.37"", ""458.40"", ""458.43"", ""458.45"", ""458.48"", ""458.50"", ""458.53"", ""458.56"", ""458.58"", ""458.61"", ""458.64"", ""458.66"", ""458.69"", ""458.72"", ""458.74"", ""458.77"", ""458.80"", ""458.82"", ""458.85"", ""458.88"", ""458.90"", ""458.93"", ""458.95"", ""458.98"", ""459.01"", ""459.03"", ""459.06"", ""459.09"", ""459.11"", ""459.14"", ""459.17"", ""459.19"", ""459.22"", ""459.25"", ""459.27"", ""459.30"", ""459.33"", ""459.35"", ""459.38"", ""459.41"", ""459.43"", ""459.46"", ""459.49"", ""459.51"", ""459.54"", ""459.57"", ""459.59"", ""459.62"", ""459.64"", ""459.67"", ""459.70"", ""459.72"", ""459.75"", ""459.78"", ""459.80"", ""459.83"", ""459.86"", ""459.88"", ""459.91"", ""459.94"", ""459.96"", ""459.99"", ""460.02"", ""460.04"", ""460.07"", ""460.10"", ""460.12"", ""460.15"", ""460.18"", ""460.20"", ""460.23"", ""460.26"", ""460.28"", ""460.31"", ""460.34"", ""460.36"", ""460.39"", ""460.42"", ""460.44"", ""460.47"", ""460.50"", ""460.52"", ""460.55"", ""460.57"", ""460.60"", ""460.63"", ""460.65"", ""460.68"", ""460.71"", ""460.73"", ""460.76"", ""460.79"", ""460.81"", ""460.84"", ""460.87"", ""460.89"", ""460.92"", ""460.95"", ""460.97"", ""461.00"", ""461.03"", ""461.05"", ""461.08"", ""461.11"", ""461.13"", ""461.16"", ""461.19"", ""461.21"", ""461.24"", ""461.27"", ""461.29"", ""461.32"", ""461.35"", ""461.37"", ""461.40"", ""461.43"", ""461.45"", ""461.48"", ""461.51"", ""461.53"", ""461.56"", ""461.59"", ""461.61"", ""461.64"", ""461.67"", ""461.69"", ""461.72"", ""461.75"", ""461.77"", ""461.80"", ""461.83"", ""461.85"", ""461.88"", ""461.91"", ""461.93"", ""461.96"", ""461.99"", ""462.01"", ""462.04"", ""462.07"", ""462.09"", ""462.12"", ""462.15"", ""462.17"", ""462.20"", ""462.23"", ""462.25"", ""462.28"", ""462.31"", ""462.33"", ""462.36"", ""462.39"", ""462.41"", ""462.44"", ""462.47"", ""462.49"", ""462.52"", ""462.55"", ""462.57"", ""462.60"", ""462.63"", ""462.65"", ""462.68"", ""462.71"", ""462.73"", ""462.76"", ""462.79"", ""462.82"", ""462.84"", ""462.87"", ""462.90"", ""462.92"", ""462.95"", ""462.98"", ""463.00"", ""463.03"", ""463.06"", ""463.08"", ""463.11"", ""463.14"", ""463.16"", ""463.19"", ""463.22"", ""463.24"", ""463.27"", ""463.30"", ""463.32"", ""463.35"", ""463.38"", ""463.40"", ""463.43"", ""463.46"", ""463.48"", ""463.51"", ""463.54"", ""463.56"", ""463.59"", ""463.62"", ""463.64"", ""463.67"", ""463.70"", ""463.72"", ""463.75"", ""463.78"", ""463.81"", ""463.83"", ""463.86"", ""463.89"", ""463.91"", ""463.94"", ""463.97"", ""463.99"", ""464.02"", ""464.05"", ""464.07"", ""464.10"", ""464.13"", ""464.15"", ""464.18"", ""464.21"", ""464.23"", ""464.26"", ""464.29"", ""464.31"", ""464.34"", ""464.37"", ""464.39"", ""464.42"", ""464.45"", ""464.48"", ""464.50"", ""464.53"", ""464.56"", ""464.58"", ""464.61"", ""464.64"", ""464.66"", ""464.69"", ""464.72"", ""464.74"", ""464.77"", ""464.80"", ""464.82"", ""464.85"", ""464.88"", ""464.90"", ""464.93"", ""464.96"", ""464.99"", ""465.01"", ""465.04"", ""465.07"", ""465.09"", ""465.12"", ""465.15"", ""465.17"", ""465.20"", ""465.23"", ""465.25"", ""465.28"", ""465.31"", ""465.33"", ""465.36"", ""465.39"", ""465.42"", ""465.44"", ""465.47"", ""465.50"", ""465.52"", ""465.55"", ""465.58"", ""465.60"", ""465.63"", ""465.66"", ""465.68"", ""465.71"", ""465.74"", ""465.77"", ""465.79"", ""465.82"", ""465.85"", ""465.87"", ""465.90"", ""465.93"", ""465.95"", ""465.98"", ""466.01"", ""466.03"", ""466.06"", ""466.09"", ""466.11"", ""466.14"", ""466.20""]",,,"[""enum labels ui-derived from stringTable masterTuneTable""]","{""file"": ""original-roland-files/Script/A8EE/Script.xml"", ""line"": 241}"
fm.system.common.masterKeyShift,02 00 00 04,int1x7,1,"[40, 88]",64,SystemCommon,,script+doc,-64,,,Master Key Shift (40~88),[],"{""file"": ""original-roland-files/Script/A8EE/Script.xml"", ""line"": 249}"
fm.system.common.masterLevel,02 00 00 05,int1x7,1,"[0, 127]",127,SystemCommon,,script+doc,,,,Master Level (0~127),[],"{""file"": ""original-roland-files/Script/A8EE/Script.xml"", ""line"": 257}"
fm.system.common.scaleTuneSwitch,02 00 00 06,int1x7,1,"[0, 1]",1,SystemCommon,,script+doc,,,,Scale Tune Switch (0~1),[],"{""file"": ""original-roland-files/Script/A8EE/Script.xml"", ""line"": 265}"
fm.system.common.kbdPatchRxTxChannel,02 00 00 0A,int1x7,1,"[0, 15]",0,SystemCommon,,script+doc,1,,,Kbd Patch Rx/Tx Channel (0~15),[],"{""file"": ""original-roland-files/Script/A8EE/Script.xml"", ""line"": 299}"
fm.system.common.patchScaleTuneForC,02 00 00 0C,int1x7,1,"[0, 127]",64,SystemCommon,,script+doc,-64,,,Patch Scale Tune for C (0~127),[],"{""file"": ""original-roland-files/Script/A8EE/Script.xml"", ""line"": 317}"
fm.system.common.patchScaleTuneForC#,02 00 00 0D,int1x7,1,"[0, 127]",64,SystemCommon,,script+doc,-64,,,Patch Scale Tune for C# (0~127),[],"{""file"": ""original-roland-files/Script/A8EE/Script.xml"", ""line"": 325}"
fm.system.common.patchScaleTuneForD,02 00 00 0E,int1x7,1,"[0, 127]",64,SystemCommon,,script+doc,-64,,,Patch Scale Tune for D (0~127),[],"{""file"": ""original-roland-files/Script/A8EE/Script.xml"", ""line"": 333}"
fm.system.common.patchScaleTuneForD#,02 00 00 0F,int1x7,1,"[0, 127]",64,SystemCommon,,script+doc,-64,,,Patch Scale Tune for D# (0~127),[],"{""file"": ""original-roland-files/Script/A8EE/Script.xml"", ""line"": 341}"
fm.system.common.patchScaleTuneForE,02 00 00 10,int1x7,1,"[0, 127]",64,SystemCommon,,script+doc,-64,,,Patch Scale Tune for E (0~127),[],"{""file"": ""original-roland-files/Script/A8EE/Script.xml"", ""line"": 349}"
fm.system.common.patchScaleTuneForF,02 00 00 11,int1x7,1,"[0, 127]",64,SystemCommon,,script+doc,-64,,,Patch Scale Tune for F (0~127),[],"{""file"": ""original-roland-files/Script/A8EE/Script.xml"", ""line"": 357}"
fm.system.common.patchScaleTuneForF#,02 00 00 12,int1x7,1,"[0, 127]",64,SystemCommon,,script+doc,-64,,,Patch Scale Tune for F# (0~127),[],"{""file"": ""original-roland-files/Script/A8EE/Script.xml"", ""line"": 365}"
fm.system.common.patchScaleTuneForG,02 00 00 13,int1x7,1,"[0, 127]",64,SystemCommon,,script+doc,-64,,,Patch Scale Tune for G (0~127),[],"{""file"": ""original-roland-files/Script/A8EE/Script.xml"", ""line"": 373}"
fm.system.common.patchScaleTuneForG#,02 00 00 14,int1x7,1,"[0, 127]",64,SystemCommon,,script+doc,-64,,,Patch Scale Tune for G# (0~127),[],"{""file"": ""original-roland-files/Script/A8EE/Script.xml"", ""line"": 381}"
fm.system.common.patchScaleTuneForA,02 00 00 15,int1x7,1,"[0, 127]",64,SystemCommon,,script+doc,-64,,,Patch Scale Tune for A (0~127),[],"{""file"": ""original-roland-files/Script/A8EE/Script.xml"", ""line"": 389}"
fm.system.common.patchScaleTuneForA#,02 00 00 16,int1x7,1,"[0, 127]",64,SystemCommon,,script+doc,-64,,,Patch Scale Tune for A# (0~127),[],"{""file"": ""original-roland-files/Script/A8EE/Script.xml"", ""line"": 397}"
fm.system.common.patchScaleTuneForB,02 00 00 17,int1x7,1,"[0, 127]",64,SystemCommon,,script+doc,-64,,,Patch Scale Tune for B (0~127),[],"{""file"": ""original-roland-files/Script/A8EE/Script.xml"", ""line"": 405}"
fm.system.common.receiveProgramChange,02 00 00 1C,int1x7,1,"[0, 1]",1,SystemCommon,,script+doc,,,,Receive Program Change (0~1),[],"{""file"": ""original-roland-files/Script/A8EE/Script.xml"", ""line"": 447}"
fm.system.common.receiveBankSelect,02 00 00 1D,int1x7,1,"[0, 1]",1,SystemCommon,,script+doc,,,,Receive Bank Select (0~1),[],"{""file"": ""original-roland-files/Script/A8EE/Script.xml"", ""line"": 455}"
fm.system.controller.reserve00,02 00 40 00,int1x7,1,"[0, 1]",1,SystemController,,script+doc,,,,(reserve) <*> (0~1),[],"{""file"": ""original-roland-files/Script/A8EE/Script.xml"", ""line"": 471}"
fm.system.controller.reserve01,02 00 40 01,int1x7,1,"[0, 1]",1,SystemController,,script+doc,,,,(reserve) <*> (0~1),[],"{""file"": ""original-roland-files/Script/A8EE/Script.xml"", ""line"": 479}"
fm.system.controller.keyboardVelocity,02 00 40 02,int1x7,1,"[0, 127]",0,SystemController,,script+doc,,"[""REAL"", ""1"", ""2"", ""3"", ""4"", ""5"", ""6"", ""7"", ""8"", ""9"", ""10"", ""11"", ""12"", ""13"", ""14"", ""15"", ""16"", ""17"", ""18"", ""19"", ""20"", ""21"", ""22"", ""23"", ""24"", ""25"", ""26"", ""27"", ""28"", ""29"", ""30"", ""31"", ""32"", ""33"", ""34"", ""35"", ""36"", ""37"", ""38"", ""39"", ""40"", ""41"", ""42"", ""43"", ""44"", ""45"", ""46"", ""47"", ""48"", ""49"", ""50"", ""51"", ""52"", ""53"", ""54"", ""55"", ""56"", ""57"", ""58"", ""59"", ""60"", ""61"", ""62"", ""63"", ""64"", ""65"", ""66"", ""67"", ""68"", ""69"", ""70"", ""71"", ""72"", ""73"", ""74"", ""75"", ""76"", ""77"", ""78"", ""79"", ""80"", ""81"", ""82"", ""83"", ""84"", ""85"", ""86"", ""87"", ""88"", ""89"", ""90"", ""91"", ""92"", ""93"", ""94"", ""95"", ""96"", ""97"", ""98"", ""99"", ""100"", ""101"", ""102"", ""103"", ""104"", ""105"", ""106"", ""107"", ""108"", ""109"", ""110"", ""111"", ""112"", ""113"", ""114"", ""115"", ""116"", ""117"", ""118"", ""119"", ""120"", ""121"", ""122"", ""123"", ""124"", ""125"", ""126"", ""127""]",,Keyboard Velocity (0~127),"[""enum labels ui-derived from stringTable keyboardVelocityRangeTable""]","{""file"": ""original-roland-files/Script/A8EE/Script.xml"", ""line"": 487}"
fm.system.controller.reserve03,02 00 40 03,int1x7,1,"[0, 2]",1,SystemController,,script+doc,,,,(reserve) <*> (0~2),[],"{""file"": ""original-roland-files/Script/A8EE/Script.xml"", ""line"": 495}"
fm.system.controller.reserve04,02 00 40 04,int1x7,1,"[0, 1]",0,SystemController,,script+doc,,,,(reserve) <*>,[],"{""file"": ""original-roland-files/Script/A8EE/Script.xml"", ""line"": 503}"
fm.system.controller.holdPedalPolarity,02 00 40 05,int1x7,1,"[0, 1]",0,SystemController,,script+doc,,,,Hold Pedal Polarity (0~1),[],"{""file"": ""original-roland-files/Script/A8EE/Script.xml"", ""line"": 511}"
fm.system.controller.reserve06,02 00 40 06,int1x7,1,"[0, 1]",0,SystemController,,script+doc,,,,(reserve) <*> (0~1),[],"{""file"": ""original-roland-files/Script/A8EE/Script.xml"", ""line"": 519}"
fm.system.controller.reserve07,02 00 40 07,int1x7,1,"[0, 96]",0,SystemController,,script+doc,,,,(reserve) <*> (0~96),[],"{""file"": ""original-roland-files/Script/A8EE/Script.xml"", ""line"": 527}"
fm.system.controller.reserve08,02 00 40 08,int1x7,1,"[0, 1]",0,SystemController,,script+doc,,,,(reserve) <*> (0~1),[],"{""file"": ""original-roland-files/Script/A8EE/Script.xml"", ""line"": 535}"
fm.system.controller.reserve09,02 00 40 09,int1x7,1,"[1, 10]",1,SystemController,,script+doc,,,,(reserve) <*> (1~10),[],"{""file"": ""original-roland-files/Script/A8EE/Script.xml"", ""line"": 543}"
fm.system.controller.beamAssign,02 00 40 0A,int1x7,1,"[0, 93]",0,SystemController,,script+doc,,"[""CC01:MODULATION"", ""CC02:BREATH"", ""CC03:"", ""CC04:FOOT TYPE"", ""CC05:PORTA TIME"", ""CC06:DATA ENTRY"", ""CC07:VOLUME"", ""CC08:BALANCE"", ""CC09:"", ""CC10:PANPOT"", ""CC11:EXPRESSION"", ""CC12:"", ""CC13:"", ""CC14:"", ""CC15:"", ""CC16:GENERAL-1"", ""CC17:GENERAL-2"", ""CC18:GENERAL-3"", ""CC19:GENERAL-4"", ""CC20:"", ""CC21:"", ""CC22:"", ""CC23:"", ""CC24:"", ""CC25:"", ""CC26:"", ""CC27:"", ""CC28:"", ""CC29:"", ""CC30:"", ""CC31:"", ""CC33:"", ""CC34:"", ""CC35:"", ""CC36:"", ""CC37:"", ""CC38:DATA ENTRY"", ""CC39:"", ""CC40:"", ""CC41:"", ""CC42:"", ""CC43:"", ""CC44:"", ""CC45:"", ""CC46:"", ""CC47:"", ""CC48:"", ""CC49:"", ""CC50:"", ""CC51:"", ""CC52:"", ""CC53:"", ""CC54:"", ""CC55:"", ""CC56:"", ""CC57:"", ""CC58:"", ""CC59:"", ""CC60:"", ""CC61:"", ""CC62:"", ""CC63:"", ""CC64:HOLD-1"", ""CC65:PORTAMENTO"", ""CC66:SOSTENUTO"", ""CC67:SOFT"", ""CC68:LEGATO SW"", ""CC69:HOLD-2"", ""CC70:"", ""CC71:RESONANCE"", ""CC72:RELEASE TM"", ""CC73:ATTACK TM"", ""CC74:CUTOFF"", ""CC75:DECAY TIME"", ""CC76:VIB RATE"", ""CC77:VIB DEPTH"", ""CC78:VIB DELAY"", ""CC79:"", ""CC80:GENERAL-5"", ""CC81:GENERAL-6"", ""CC82:GENERAL-7"", ""CC83:GENERAL-8"", ""CC84:PORTA CTRL"", ""CC85:"", ""CC86:"", ""CC87:"", ""CC88:"", ""CC89:"", ""CC90:"", ""CC91:REVERB"", ""CC92:TREMOLO"", ""CC93:CHORUS"", ""CC94:CELESTE"", ""CC95:PHASER""]",,D Beam Assign (0~93),"[""enum labels ui-derived from stringTable beamControlSourceTable""]","{""file"": ""original-roland-files/Script/A8EE/Script.xml"", ""line"": 551}"
fm.system.controller.beamRangeLower,02 00 40 0B,int1x7,1,"[0, 127]",0,SystemController,,script+doc,,,,Beam Range Lower (0~127),[],"{""file"": ""original-roland-files/Script/A8EE/Script.xml"", ""line"": 559}"
fm.system.controller.beamRangeUpper,02 00 40 0C,int1x7,1,"[0, 127]",127,SystemController,,script+doc,,,,Beam Range Upper (0~127),[],"{""file"": ""original-roland-files/Script/A8EE/Script.xml"", ""line"": 567}"
fm.system.controller.neckSwitchSelect,02 00 40 4E,int1x7,1,"[0, 2]",0,SystemController,,script+doc,,,,Octave/Variation Buttons Assign (0~2),[],"{""file"": ""original-roland-files/Script/A8EE/Script.xml"", ""line"": 576}"
fm.pat.common.patchName,1F 00 00 00,string,12,,INIT PATCH  ,PatchCommon,,script+doc,,,,Patch Name 1 (32~127),[],"{""file"": ""original-roland-files/Script/A8EE/Script.xml"", ""line"": 644}"
fm.pat.common.patchCategory,1F 00 00 0C,int1x7,1,"[0, 127]",0,PatchCommon,,script+doc,,,,Patch Category (0~127),[],"{""file"": ""original-roland-files/Script/A8EE/Script.xml"", ""line"": 651}"
fm.pat.common.reserve0D,1F 00 00 0D,int1x7,1,"[0, 1]",0,PatchCommon,,script+doc,,,,(reserve),[],"{""file"": ""original-roland-files/Script/A8EE/Script.xml"", ""line"": 659}"
fm.pat.common.patchLevel,1F 00 00 0E,int1x7,1,"[0, 127]",127,PatchCommon,,script+doc,,,,Patch Level (0~127),[],"{""file"": ""original-roland-files/Script/A8EE/Script.xml"", ""line"": 667}"
fm.pat.common.patchPan,1F 00 00 0F,int1x7,1,"[0, 127]",64,PatchCommon,,script+doc,,"[""L64"", ""L63"", ""L62"", ""L61"", ""L60"", ""L59"", ""L58"", ""L57"", ""L56"", ""L55"", ""L54"", ""L53"", ""L52"", ""L51"", ""L50"", ""L49"", ""L48"", ""L47"", ""L46"", ""L45"", ""L44"", ""L43"", ""L42"", ""L41"", ""L40"", ""L39"", ""L38"", ""L37"", ""L36"", ""L35"", ""L34"", ""L33"", ""L32"", ""L31"", ""L30"", ""L29"", ""L28"", ""L27"", ""L26"", ""L25"", ""L24"", ""L23"", ""L22"", ""L21"", ""L20"", ""L19"", ""L18"", ""L17"", ""L16"", ""L15"", ""L14"", ""L13"", ""L12"", ""L11"", ""L10"", ""L09"", ""L08"", ""L07"", ""L06"", ""L05"", ""L04"", ""L03"", ""L02"", ""L01"", ""0"", ""01R"", ""02R"", ""03R"", ""04R"", ""05R"", ""06R"", ""07R"", ""08R"", ""09R"", ""10R"", ""11R"", ""12R"", ""13R"", ""14R"", ""15R"", ""16R"", ""17R"", ""18R"", ""19R"", ""20R"", ""21R"", ""22R"", ""23R"", ""24R"", ""25R"", ""26R"", ""27R"", ""28R"", ""29R"", ""30R"", ""31R"", ""32R"", ""33R"", ""34R"", ""35R"", ""36R"", ""37R"", ""38R"", ""39R"", ""40R"", ""41R"", ""42R"", ""43R"", ""44R"", ""45R"", ""46R"", ""47R"", ""48R"", ""49R"", ""50R"", ""51R"", ""52R"", ""53R"", ""54R"", ""55R"", ""56R"", ""57R"", ""58R"", ""59R"", ""60R"", ""61R"", ""62R"", ""63R""]",,Patch Pan (0~127),"[""enum labels ui-derived from stringTable panTable""]","{""file"": ""original-roland-files/Script/A8EE/Script.xml"", ""line"": 675}"
fm.pat.common.patchPriority,1F 00 00 10,int1x7,1,"[0, 1]",0,PatchCommon,,script+doc,,,,Patch Priority (0~1),[],"{""file"": ""original-roland-files/Script/A8EE/Script.xml"", ""line"": 683}"
fm.pat.common.patchCoarseTune,1F 00 00 11,int1x7,1,"[16, 112]",64,PatchCommon,,script+doc,-64,,,Patch Coarse Tune (16 - 112),[],"{""file"": ""original-roland-files/Script/A8EE/Script.xml"", ""line"": 691}"
fm.pat.common.patchFineTune,1F 00 00 12,int1x7,1,"[14, 114]",64,PatchCommon,,script+doc,-64,,,Patch Fine Tune (14 ~114),[],"{""file"": ""original-roland-files/Script/A8EE/Script.xml"", ""line"": 699}"
fm.pat.common.octaveShift,1F 00 00 13,int1x7,1,"[61, 67]",64,PatchCommon,,script+doc,-64,,,Octave Shift (61~67),[],"{""file"": ""original-roland-files/Script/A8EE/Script.xml"", ""line"": 707}"
fm.pat.common.stretchTuneDepth,1F 00 00 14,int1x7,1,"[0, 3]",0,PatchCommon,,script+doc,,"[""OFF"", ""1"", ""2"", ""3""]",,Stretch Tune Depth (0~3),"[""enum labels ui-derived from stringTable numberOffTable""]","{""file"": ""original-roland-files/Script/A8EE/Script.xml"", ""line"": 715}"
fm.pat.common.analogFeel,1F 00 00 15,int1x7,1,"[0, 127]",0,PatchCommon,,script+doc,,,,Analog Feel (0~127),[],"{""file"": ""original-roland-files/Script/A8EE/Script.xml"", ""line"": 723}"
fm.pat.common.monoPoly,1F 00 00 16,int1x7,1,"[0, 1]",1,PatchCommon,,script+doc,,,,Mono/Poly (0~1),[],"{""file"": ""original-roland-files/Script/A8EE/Script.xml"", ""line"": 731}"
fm.pat.common.legatoSwitch,1F 00 00 17,int1x7,1,"[0, 1]",0,PatchCommon,,script+doc,,,,Legato Switch (0~1),[],"{""file"": ""original-roland-files/Script/A8EE/Script.xml"", ""line"": 739}"
fm.pat.common.legatoRetrigger,1F 00 00 18,int1x7,1,"[0, 1]",0,PatchCommon,,script+doc,,,,Legato Retrigger (0~1),[],"{""file"": ""original-roland-files/Script/A8EE/Script.xml"", ""line"": 747}"
fm.pat.common.portamentoSwitch,1F 00 00 19,int1x7,1,"[0, 1]",0,PatchCommon,,script+doc,,,,Portamento Switch (0~1),[],"{""file"": ""original-roland-files/Script/A8EE/Script.xml"", ""line"": 755}"
fm.pat.common.portamentoMode,1F 00 00 1A,int1x7,1,"[0, 1]",0,PatchCommon,,script+doc,,,,Portamento Mode (0~1),[],"{""file"": ""original-roland-files/Script/A8EE/Script.xml"", ""line"": 763}"
fm.pat.common.portamentoType,1F 00 00 1B,int1x7,1,"[0, 1]",0,PatchCommon,,script+doc,,,,Portamento Type (0~1),[],"{""file"": ""original-roland-files/Script/A8EE/Script.xml"", ""line"": 771}"
fm.pat.common.portamentoStart,1F 00 00 1C,int1x7,1,"[0, 1]",0,PatchCommon,,script+doc,,,,Portamento Start (0~1),[],"{""file"": ""original-roland-files/Script/A8EE/Script.xml"", ""line"": 779}"
fm.pat.common.portamentoTime,1F 00 00 1D,int1x7,1,"[0, 127]",20,PatchCommon,,script+doc,,,,Portamento Time (0~127),[],"{""file"": ""original-roland-files/Script/A8EE/Script.xml"", ""line"": 787}"
fm.pat.common.reserve1E,1F 00 00 1E,int1x7,1,"[0, 1]",0,PatchCommon,,script+doc,,,,(reserve),[],"{""file"": ""original-roland-files/Script/A8EE/Script.xml"", ""line"": 795}"
fm.pat.common.reserve1F,1F 00 00 1F,int2x4,2,"[20, 250]",120,PatchCommon,,script+doc,,,,,[],"{""file"": ""original-roland-files/Script/A8EE/Script.xml"", ""line"": 803}"
fm.pat.common.reserve21,1F 00 00 21,int1x7,1,"[0, 1]",0,PatchCommon,,script+doc,,,,(reserve),[],"{""file"": ""original-roland-files/Script/A8EE/Script.xml"", ""line"": 811}"
fm.pat.common.cutoffOffset,1F 00 00 22,int1x7,1,"[1, 127]",64,PatchCommon,,script+doc,-64,,,Cutoff Offset (1~127),[],"{""file"": ""original-roland-files/Script/A8EE/Script.xml"", ""line"": 819}"
fm.pat.common.resonanceOffset,1F 00 00 23,int1x7,1,"[1, 127]",64,PatchCommon,,script+doc,-64,,,Resonance Offset (1~127),[],"{""file"": ""original-roland-files/Script/A8EE/Script.xml"", ""line"": 827}"
fm.pat.common.attackTimeOffset,1F 00 00 24,int1x7,1,"[1, 127]",64,PatchCommon,,script+doc,-64,,,Attack Time Offset (1~127),[],"{""file"": ""original-roland-files/Script/A8EE/Script.xml"", ""line"": 835}"
fm.pat.common.releaseTimeOffset,1F 00 00 25,int1x7,1,"[1, 127]",64,PatchCommon,,script+doc,-64,,,Release Time Offset (1~127),[],"{""file"": ""original-roland-files/Script/A8EE/Script.xml"", ""line"": 843}"
fm.pat.common.velocitySensOffset,1F 00 00 26,int1x7,1,"[1, 127]",64,PatchCommon,,script+doc,-64,,,Velocity Sens Offset (1~127),[],"{""file"": ""original-roland-files/Script/A8EE/Script.xml"", ""line"": 851}"
fm.pat.common.patchOutputAssign,1F 00 00 27,int1x7,1,"[0, 13]",13,PatchCommon,,script+doc,,"[""MFX"", ""L+R"", ""L"", ""R"", ""TONE""]","[0, 1, 5, 6, 13]",Patch Output Assign (0~13),"[""enum labels ui-derived from stringTable patchOutputAssignTable""]","{""file"": ""original-roland-files/Script/A8EE/Script.xml"", ""line"": 859}"
fm.pat.common.tmtControlSwitch,1F 00 00 28,int1x7,1,"[0, 1]",0,PatchCommon,,script+doc,,,,TMT Control Switch (0~1),[],"{""file"": ""original-roland-files/Script/A8EE/Script.xml"", ""line"": 868}"
fm.pat.common.pitchBendRangeUp,1F 00 00 29,int1x7,1,"[0, 48]",2,PatchCommon,,script+doc,,,,Pitch Bend Range Up (0~48),[],"{""file"": ""original-roland-files/Script/A8EE/Script.xml"", ""line"": 876}"
fm.pat.common.pitchBendRangeDown,1F 00 00 2A,int1x7,1,"[0, 48]",2,PatchCommon,,script+doc,,"[""0"", ""-1"", ""-2"", ""-3"", ""-4"", ""-5"", ""-6"", ""-7"", ""-8"", ""-9"", ""-10"", ""-11"", ""-12"", ""-13"", ""-14"", ""-15"", ""-16"", ""-17"", ""-18"", ""-19"", ""-20"", ""-21"", ""-22"", ""-23"", ""-24"", ""-25"", ""-26"", ""-27"", ""-28"", ""-29"", ""-30"", ""-31"", ""-32"", ""-33"", ""-34"", ""-35"", ""-36"", ""-37"", ""-38"", ""-39"", ""-40"", ""-41"", ""-42"", ""-43"", ""-44"", ""-45"", ""-46"", ""-47"", ""-48""]",,Pitch Bend Range Down (0~48) (0~48),"[""enum labels ui-derived from stringTable minusNumberTable""]","{""file"": ""original-roland-files/Script/A8EE/Script.xml"", ""line"": 884}"
fm.pat.common.matrixControl1Source,1F 00 00 2B,int1x7,1,"[0, 109]",1,PatchCommon,,script+doc,,"[""00:OFF"", ""CC01:MODULATION"", ""CC02:BREATH"", ""CC03:"", ""CC04:FOOT TYPE"", ""CC05:PORTA TIME"", ""CC06:DATA ENTRY"", ""CC07:VOLUME"", ""CC08:BALANCE"", ""CC09:"", ""CC10:PANPOT"", ""CC11:EXPRESSION"", ""CC12:"", ""CC13:"", ""CC14:"", ""CC15:"", ""CC16:GENERAL-1"", ""CC17:GENERAL-2"", ""CC18:GENERAL-3"", ""CC19:GENERAL-4"", ""CC20:"", ""CC21:"", ""CC22:"", ""CC23:"", ""CC24:"", ""CC25:"", ""CC26:"", ""CC27:"", ""CC28:"", ""CC29:"", ""CC30:"", ""CC31:"", ""32:OFF"", ""CC33:"", ""CC34:"", ""CC35:"", ""CC36:"", ""CC37:"", ""CC38:DATA ENTRY"", ""CC39:"", ""CC40:"", ""CC41:"", ""CC42:"", ""CC43:"", ""CC44:"", ""CC45:"", ""CC46:"", ""CC47:"", ""CC48:"", ""CC49:"", ""CC50:"", ""CC51:"", ""CC52:"", ""CC53:"", ""CC54:"", ""CC55:"", ""CC56:"", ""CC57:"", ""CC58:"", ""CC59:"", ""CC60:"", ""CC61:"", ""CC62:"", ""CC63:"", ""CC64:HOLD-1"", ""CC65:PORTAMENTO"", ""CC66:SOSTENUTO"", ""CC67:SOFT"", ""CC68:LEGATO SW"", ""CC69:HOLD-2"", ""CC70:"", ""CC71:RESONANCE"", ""CC72:RELEASE TM"", ""CC73:ATTACK TM"", ""CC74:CUTOFF"", ""CC75:DECAY TIME"", ""CC76:VIB RATE"", ""CC77:VIB DEPTH"", ""CC78:VIB DELAY"", ""CC79:"", ""CC80:GENERAL-5"", ""CC81:GENERAL-6"", ""CC82:GENERAL-7"", ""CC83:GENERAL-8"", ""CC84:PORTA CTRL"", ""CC85:"", ""CC86:"", ""CC87:"", ""CC88:"", ""CC89:"", ""CC90:"", ""CC91:REVERB"", ""CC92:TREMOLO"", ""CC93:CHORUS"", ""CC94:CELESTE"", ""CC95:PHASER"", ""96:PITCH BEND"", ""97:AFTERTOUCH"", ""98:OFF"", ""99:OFF"", ""100:OFF"", ""101:OFF"", ""102:VELOCITY"", ""103:KEYFOLLOW"", ""104:OFF"", ""105:LFO1"", ""106:LFO2"", ""107:PITCH ENV"", ""108:TVF ENV"", ""109:TVA ENV""]",,Matrix Control 1 Source (0~109),"[""enum labels ui-derived from stringTable controlSourceTable""]","{""file"": ""original-roland-files/Script/A8EE/Script.xml"", ""line"": 892}"
fm.pat.common.matrixControl1Destination1,1F 00 00 2C,int1x7,1,"[0, 33]",9,PatchCommon,,script+doc,,"[""OFF"", ""PITCH"", ""CUTOFF"", ""RESONANCE"", ""LEVEL"", ""PAN"", ""OUTPUT LEVEL"", ""CHORUS SEND"", ""REVERB SEND"", ""LFO1 PCH DEPTH"", ""LFO2 PCH DEPTH"", ""LFO1 TVF DEPTH"", ""LFO2 TVF DEPTH"", ""LFO1 TVA DEPTH"", ""LFO2 TVA DEPTH"", ""LFO1 PAN DEPTH"", ""LFO2 PAN DEPTH"", ""LFO1 RATE"", ""LFO2 RATE"", ""PCH ENV A-TIME"", ""PCH ENV D-TIME"", ""PCH ENV R-TIME"", ""TVF ENV A-TIME"", ""TVF ENV D-TIME"", ""TVF ENV R-TIME"", ""TVA ENV A-TIME"", ""TVA ENV D-TIME"", ""TVA ENV R-TIME"", ""TMT"", ""FXM DEPTH"", ""MFX-CTRL1"", ""MFX-CTRL2"", ""MFX-CTRL3"", ""MFX-CTRL4""]",,Matrix Control 1 Destination 1 (0~33),"[""enum labels ui-derived from stringTable controlDestinationTable""]","{""file"": ""original-roland-files/Script/A8EE/Script.xml"", ""line"": 900}"
fm.pat.common.matrixControl1Sens1,1F 00 00 2D,int1x7,1,"[1, 127]",74,PatchCommon,,script+doc,-64,,,Matrix Control 1 Sens 1 (1~127),[],"{""file"": ""original-roland-files/Script/A8EE/Script.xml"", ""line"": 908}"
fm.pat.common.matrixControl1Destination2,1F 00 00 2E,int1x7,1,"[0, 33]",0,PatchCommon,,script+doc,,"[""OFF"", ""PITCH"", ""CUTOFF"", ""RESONANCE"", ""LEVEL"", ""PAN"", ""OUTPUT LEVEL"", ""CHORUS SEND"", ""REVERB SEND"", ""LFO1 PCH DEPTH"", ""LFO2 PCH DEPTH"", ""LFO1 TVF DEPTH"", ""LFO2 TVF DEPTH"", ""LFO1 TVA DEPTH"", ""LFO2 TVA DEPTH"", ""LFO1 PAN DEPTH"", ""LFO2 PAN DEPTH"", ""LFO1 RATE"", ""LFO2 RATE"", ""PCH ENV A-TIME"", ""PCH ENV D-TIME"", ""PCH ENV R-TIME"", ""TVF ENV A-TIME"", ""TVF ENV D-TIME"", ""TVF ENV R-TIME"", ""TVA ENV A-TIME"", ""TVA ENV D-TIME"", ""TVA ENV R-TIME"", ""TMT"", ""FXM DEPTH"", ""MFX-CTRL1"", ""MFX-CTRL2"", ""MFX-CTRL3"", ""MFX-CTRL4""]",,Matrix Control 1 Destination 2 (0~33),"[""enum labels ui-derived from stringTable controlDestinationTable""]","{""file"": ""original-roland-files/Script/A8EE/Script.xml"", ""line"": 916}"
fm.pat.common.matrixControl1Sens2,1F 00 00 2F,int1x7,1,"[1, 127]",64,PatchCommon,,script+doc,-64,,,Matrix Control 1 Sens 2 (1~127),[],"{""file"": ""original-roland-files/Script/A8EE/Script.xml"", ""line"": 924}"
fm.pat.common.matrixControl1Destination3,1F 00 00 30,int1x7,1,"[0, 33]",0,PatchCommon,,script+doc,,"[""OFF"", ""PITCH"", ""CUTOFF"", ""RESONANCE"", ""LEVEL"", ""PAN"", ""OUTPUT LEVEL"", ""CHORUS SEND"", ""REVERB SEND"", ""LFO1 PCH DEPTH"", ""LFO2 PCH DEPTH"", ""LFO1 TVF DEPTH"", ""LFO2 TVF DEPTH"", ""LFO1 TVA DEPTH"", ""LFO2 TVA DEPTH"", ""LFO1 PAN DEPTH"", ""LFO2 PAN DEPTH"", ""LFO1 RATE"", ""LFO2 RATE"", ""PCH ENV A-TIME"", ""PCH ENV D-TIME"", ""PCH ENV R-TIME"", ""TVF ENV A-TIME"", ""TVF ENV D-TIME"", ""TVF ENV R-TIME"", ""TVA ENV A-TIME"", ""TVA ENV D-TIME"", ""TVA ENV R-TIME"", ""TMT"", ""FXM DEPTH"", ""MFX-CTRL1"", ""MFX-CTRL2"", ""MFX-CTRL3"", ""MFX-CTRL4""]",,Matrix Control 1 Destination 3 (0~33),"[""enum labels ui-derived from stringTable controlDestinationTable""]","{""file"": ""original-roland-files/Script/A8EE/Script.xml"", ""line"": 932}"
fm.pat.common.matrixControl1Sens3,1F 00 00 31,int1x7,1,"[1, 127]",64,PatchCommon,,script+doc,-64,,,Matrix Control 1 Sens 3 (1~127),[],"{""file"": ""original-roland-files/Script/A8EE/Script.xml"", ""line"": 940}"
fm.pat.common.matrixControl1Destination4,1F 00 00 32,int1x7,1,"[0, 33]",0,PatchCommon,,script+doc,,"[""OFF"", ""PITCH"", ""CUTOFF"", ""RESONANCE"", ""LEVEL"", ""PAN"", ""OUTPUT LEVEL"", ""CHORUS SEND"", ""REVERB SEND"", ""LFO1 PCH DEPTH"", ""LFO2 PCH DEPTH"", ""LFO1 TVF DEPTH"", ""LFO2 TVF DEPTH"", ""LFO1 TVA DEPTH"", ""LFO2 TVA DEPTH"", ""LFO1 PAN DEPTH"", ""LFO2 PAN DEPTH"", ""LFO1 RATE"", ""LFO2 RATE"", ""PCH ENV A-TIME"", ""PCH ENV D-TIME"", ""PCH ENV R-TIME"", ""TVF ENV A-TIME"", ""TVF ENV D-TIME"", ""TVF ENV R-TIME"", ""TVA ENV A-TIME"", ""TVA ENV D-TIME"", ""TVA ENV R-TIME"", ""TMT"", ""FXM DEPTH"", ""MFX-CTRL1"", ""MFX-CTRL2"", ""MFX-CTRL3"", ""MFX-CTRL4""]",,Matrix Control 1 Destination 4 (0~33),"[""enum labels ui-derived from stringTable controlDestinationTable""]","{""file"": ""original-roland-files/Script/A8EE/Script.xml"", ""line"": 948}"
fm.pat.common.matrixControl1Sens4,1F 00 00 33,int1x7,1,"[1, 127]",64,PatchCommon,,script+doc,-64,,,Matrix Control 1 Sens 4 (1~127),[],"{""file"": ""original-roland-files/Script/A8EE/Script.xml"", ""line"": 956}"
fm.pat.common.matrixControl2Source,1F 00 00 34,int1x7,1,"[0, 109]",97,PatchCommon,,script+doc,,"[""00:OFF"", ""CC01:MODULATION"", ""CC02:BREATH"", ""CC03:"", ""CC04:FOOT TYPE"", ""CC05:PORTA TIME"", ""CC06:DATA ENTRY"", ""CC07:VOLUME"", ""CC08:BALANCE"", ""CC09:"", ""CC10:PANPOT"", ""CC11:EXPRESSION"", ""CC12:"", ""CC13:"", ""CC14:"", ""CC15:"", ""CC16:GENERAL-1"", ""CC17:GENERAL-2"", ""CC18:GENERAL-3"", ""CC19:GENERAL-4"", ""CC20:"", ""CC21:"", ""CC22:"", ""CC23:"", ""CC24:"", ""CC25:"", ""CC26:"", ""CC27:"", ""CC28:"", ""CC29:"", ""CC30:"", ""CC31:"", ""32:OFF"", ""CC33:"", ""CC34:"", ""CC35:"", ""CC36:"", ""CC37:"", ""CC38:DATA ENTRY"", ""CC39:"", ""CC40:"", ""CC41:"", ""CC42:"", ""CC43:"", ""CC44:"", ""CC45:"", ""CC46:"", ""CC47:"", ""CC48:"", ""CC49:"", ""CC50:"", ""CC51:"", ""CC52:"", ""CC53:"", ""CC54:"", ""CC55:"", ""CC56:"", ""CC57:"", ""CC58:"", ""CC59:"", ""CC60:"", ""CC61:"", ""CC62:"", ""CC63:"", ""CC64:HOLD-1"", ""CC65:PORTAMENTO"", ""CC66:SOSTENUTO"", ""CC67:SOFT"", ""CC68:LEGATO SW"", ""CC69:HOLD-2"", ""CC70:"", ""CC71:RESONANCE"", ""CC72:RELEASE TM"", ""CC73:ATTACK TM"", ""CC74:CUTOFF"", ""CC75:DECAY TIME"", ""CC76:VIB RATE"", ""CC77:VIB DEPTH"", ""CC78:VIB DELAY"", ""CC79:"", ""CC80:GENERAL-5"", ""CC81:GENERAL-6"", ""CC82:GENERAL-7"", ""CC83:GENERAL-8"", ""CC84:PORTA CTRL"", ""CC85:"", ""CC86:"", ""CC87:"", ""CC88:"", ""CC89:"", ""CC90:"", ""CC91:REVERB"", ""CC92:TREMOLO"", ""CC93:CHORUS"", ""CC94:CELESTE"", ""CC95:PHASER"", ""96:PITCH BEND"", ""97:AFTERTOUCH"", ""98:OFF"", ""99:OFF"", ""100:OFF"", ""101:OFF"", ""102:VELOCITY"", ""103:KEYFOLLOW"", ""104:OFF"", ""105:LFO1"", ""106:LFO2"", ""107:PITCH ENV"", ""108:TVF ENV"", ""109:TVA ENV""]",,Matrix Control 2 Source (0~109),"[""enum labels ui-derived from stringTable controlSourceTable""]","{""file"": ""original-roland-files/Script/A8EE/Script.xml"", ""line"": 964}"
fm.pat.common.matrixControl2Destination1,1F 00 00 35,int1x7,1,"[0, 33]",4,PatchCommon,,script+doc,,"[""OFF"", ""PITCH"", ""CUTOFF"", ""RESONANCE"", ""LEVEL"", ""PAN"", ""OUTPUT LEVEL"", ""CHORUS SEND"", ""REVERB SEND"", ""LFO1 PCH DEPTH"", ""LFO2 PCH DEPTH"", ""LFO1 TVF DEPTH"", ""LFO2 TVF DEPTH"", ""LFO1 TVA DEPTH"", ""LFO2 TVA DEPTH"", ""LFO1 PAN DEPTH"", ""LFO2 PAN DEPTH"", ""LFO1 RATE"", ""LFO2 RATE"", ""PCH ENV A-TIME"", ""PCH ENV D-TIME"", ""PCH ENV R-TIME"", ""TVF ENV A-TIME"", ""TVF ENV D-TIME"", ""TVF ENV R-TIME"", ""TVA ENV A-TIME"", ""TVA ENV D-TIME"", ""TVA ENV R-TIME"", ""TMT"", ""FXM DEPTH"", ""MFX-CTRL1"", ""MFX-CTRL2"", ""MFX-CTRL3"", ""MFX-CTRL4""]",,Matrix Control 2 Destination 1 (0~33),"[""enum labels ui-derived from stringTable controlDestinationTable""]","{""file"": ""original-roland-files/Script/A8EE/Script.xml"", ""line"": 972}"
fm.pat.common.matrixControl2Sens1,1F 00 00 36,int1x7,1,"[1, 127]",64,PatchCommon,,script+doc,-64,,,Matrix Control 2 Sens 1 (1~127),[],"{""file"": ""original-roland-files/Script/A8EE/Script.xml"", ""line"": 980}"
fm.pat.common.matrixControl2Destination2,1F 00 00 37,int1x7,1,"[0, 33]",2,PatchCommon,,script+doc,,"[""OFF"", ""PITCH"", ""CUTOFF"", ""RESONANCE"", ""LEVEL"", ""PAN"", ""OUTPUT LEVEL"", ""CHORUS SEND"", ""REVERB SEND"", ""LFO1 PCH DEPTH"", ""LFO2 PCH DEPTH"", ""LFO1 TVF DEPTH"", ""LFO2 TVF DEPTH"", ""LFO1 TVA DEPTH"", ""LFO2 TVA DEPTH"", ""LFO1 PAN DEPTH"", ""LFO2 PAN DEPTH"", ""LFO1 RATE"", ""LFO2 RATE"", ""PCH ENV A-TIME"", ""PCH ENV D-TIME"", ""PCH ENV R-TIME"", ""TVF ENV A-TIME"", ""TVF ENV D-TIME"", ""TVF ENV R-TIME"", ""TVA ENV A-TIME"", ""TVA ENV D-TIME"", ""TVA ENV R-TIME"", ""TMT"", ""FXM DEPTH"", ""MFX-CTRL1"", ""MFX-CTRL2"", ""MFX-CTRL3"", ""MFX-CTRL4""]",,Matrix Control 2 Destination 2 (0~33),"[""enum labels ui-derived from stringTable controlDestinationTable""]","{""file"": ""original-roland-files/Script/A8EE/Script.xml"", ""line"": 988}"
fm.pat.common.matrixControl2Sens2,1F 00 00 38,int1x7,1,"[1, 127]",64,PatchCommon,,script+doc,-64,,,Matrix Control 2 Sens 2 (1~127),[],"{""file"": ""original-roland-files/Script/A8EE/Script.xml"", ""line"": 996}"
fm.pat.common.matrixControl2Destination3,1F 00 00 39,int1x7,1,"[0, 33]",0,PatchCommon,,script+doc,,"[""OFF"", ""PITCH"", ""CUTOFF"", ""RESONANCE"", ""LEVEL"", ""PAN"", ""OUTPUT LEVEL"", ""CHORUS SEND"", ""REVERB SEND"", ""LFO1 PCH DEPTH"", ""LFO2 PCH DEPTH"", ""LFO1 TVF DEPTH"", ""LFO2 TVF DEPTH"", ""LFO1 TVA DEPTH"", ""LFO2 TVA DEPTH"", ""LFO1 PAN DEPTH"", ""LFO2 PAN DEPTH"", ""LFO1 RATE"", ""LFO2 RATE"", ""PCH ENV A-TIME"", ""PCH ENV D-TIME"", ""PCH ENV R-TIME"", ""TVF ENV A-TIME"", ""TVF ENV D-TIME"", ""TVF ENV R-TIME"", ""TVA ENV A-TIME"", ""TVA ENV D-TIME"", ""TVA ENV R-TIME"", ""TMT"", ""FXM DEPTH"", ""MFX-CTRL1"", ""MFX-CTRL2"", ""MFX-CTRL3"", ""MFX-CTRL4""]",,Matrix Control 2 Destination 3 (0~33),"[""enum labels ui-derived from stringTable controlDestinationTable""]","{""file"": ""original-roland-files/Script/A8EE/Script.xml"", ""line"": 1004}"
fm.pat.common.matrixControl2Sens3,1F 00 00 3A,int1x7,1,"[1, 127]",64,PatchCommon,,script+doc,-64,,,Matrix Control 2 Sens 3 (1~127),[],"{""file"": ""original-roland-files/Script/A8EE/Script.xml"", ""line"": 1012}"
fm.pat.common.matrixControl2Destination4,1F 00 00 3B,int1x7,1,"[0, 33]",0,PatchCommon,,script+doc,,"[""OFF"", ""PITCH"", ""CUTOFF"", ""RESONANCE"", ""LEVEL"", ""PAN"", ""OUTPUT LEVEL"", ""CHORUS SEND"", ""REVERB SEND"", ""LFO1 PCH DEPTH"", ""LFO2 PCH DEPTH"", ""LFO1 TVF DEPTH"", ""LFO2 TVF DEPTH"", ""LFO1 TVA DEPTH"", ""LFO2 TVA DEPTH"", ""LFO1 PAN DEPTH"", ""LFO2 PAN DEPTH"", ""LFO1 RATE"", ""LFO2 RATE"", ""PCH ENV A-TIME"", ""PCH ENV D-TIME"", ""PCH ENV R-TIME"", ""TVF ENV A-TIME"", ""TVF ENV D-TIME"", ""TVF ENV R-TIME"", ""TVA ENV A-TIME"", ""TVA ENV D-TIME"", ""TVA ENV R-TIME"", ""TMT"", ""FXM DEPTH"", ""MFX-CTRL1"", ""MFX-CTRL2"", ""MFX-CTRL3"", ""MFX-CTRL4""]",,Matrix Control 2 Destination 4 (0~33),"[""enum labels ui-derived from stringTable controlDestinationTable""]","{""file"": ""original-roland-files/Script/A8EE/Script.xml"", ""line"": 1020}"
fm.pat.common.matrixControl2Sens4,1F 00 00 3C,int1x7,1,"[1, 127]",64,PatchCommon,,script+doc,-64,,,Matrix Control 2 Sens 4 (1~127),[],"{""file"": ""original-roland-files/Script/A8EE/Script.xml"", ""line"": 1028}"
fm.pat.common.matrixControl3Source,1F 00 00 3D,int1x7,1,"[0, 109]",2,PatchCommon,,script+doc,,"[""00:OFF"", ""CC01:MODULATION"", ""CC02:BREATH"", ""CC03:"", ""CC04:FOOT TYPE"", ""CC05:PORTA TIME"", ""CC06:DATA ENTRY"", ""CC07:VOLUME"", ""CC08:BALANCE"", ""CC09:"", ""CC10:PANPOT"", ""CC11:EXPRESSION"", ""CC12:"", ""CC13:"", ""CC14:"", ""CC15:"", ""CC16:GENERAL-1"", ""CC17:GENERAL-2"", ""CC18:GENERAL-3"", ""CC19:GENERAL-4"", ""CC20:"", ""CC21:"", ""CC22:"", ""CC23:"", ""CC24:"", ""CC25:"", ""CC26:"", ""CC27:"", ""CC28:"", ""CC29:"", ""CC30:"", ""CC31:"", ""32:OFF"", ""CC33:"", ""CC34:"", ""CC35:"", ""CC36:"", ""CC37:"", ""CC38:DATA ENTRY"", ""CC39:"", ""CC40:"", ""CC41:"", ""CC42:"", ""CC43:"", ""CC44:"", ""CC45:"", ""CC46:"", ""CC47:"", ""CC48:"", ""CC49:"", ""CC50:"", ""CC51:"", ""CC52:"", ""CC53:"", ""CC54:"", ""CC55:"", ""CC56:"", ""CC57:"", ""CC58:"", ""CC59:"", ""CC60:"", ""CC61:"", ""CC62:"", ""CC63:"", ""CC64:HOLD-1"", ""CC65:PORTAMENTO"", ""CC66:SOSTENUTO"", ""CC67:SOFT"", ""CC68:LEGATO SW"", ""CC69:HOLD-2"", ""CC70:"", ""CC71:RESONANCE"", ""CC72:RELEASE TM"", ""CC73:ATTACK TM"", ""CC74:CUTOFF"", ""CC75:DECAY TIME"", ""CC76:VIB RATE"", ""CC77:VIB DEPTH"", ""CC78:VIB DELAY"", ""CC79:"", ""CC80:GENERAL-5"", ""CC81:GENERAL-6"", ""CC82:GENERAL-7"", ""CC83:GENERAL-8"", ""CC84:PORTA CTRL"", ""CC85:"", ""CC86:"", ""CC87:"", ""CC88:"", ""CC89:"", ""CC90:"", ""CC91:REVERB"", ""CC92:TREMOLO"", ""CC93:CHORUS"", ""CC94:CELESTE"", ""CC95:PHASER"", ""96:PITCH BEND"", ""97:AFTERTOUCH"", ""98:OFF"", ""99:OFF"", ""100:OFF"", ""101:OFF"", ""102:VELOCITY"", ""103:KEYFOLLOW"", ""104:OFF"", ""105:LFO1"", ""106:LFO2"", ""107:PITCH ENV"", ""108:TVF ENV"", ""109:TVA ENV""]",,Matrix Control 3 Source (0~109),"[""enum labels ui-derived from stringTable controlSourceTable""]","{""file"": ""original-roland-files/Script/A8EE/Script.xml"", ""line"": 1036}"
fm.pat.common.matrixControl3Destination1,1F 00 00 3E,int1x7,1,"[0, 33]",4,PatchCommon,,script+doc,,"[""OFF"", ""PITCH"", ""CUTOFF"", ""RESONANCE"", ""LEVEL"", ""PAN"", ""OUTPUT LEVEL"", ""CHORUS SEND"", ""REVERB SEND"", ""LFO1 PCH DEPTH"", ""LFO2 PCH DEPTH"", ""LFO1 TVF DEPTH"", ""LFO2 TVF DEPTH"", ""LFO1 TVA DEPTH"", ""LFO2 TVA DEPTH"", ""LFO1 PAN DEPTH"", ""LFO2 PAN DEPTH"", ""LFO1 RATE"", ""LFO2 RATE"", ""PCH ENV A-TIME"", ""PCH ENV D-TIME"", ""PCH ENV R-TIME"", ""TVF ENV A-TIME"", ""TVF ENV D-TIME"", ""TVF ENV R-TIME"", ""TVA ENV A-TIME"", ""TVA ENV D-TIME"", ""TVA ENV R-TIME"", ""TMT"", ""FXM DEPTH"", ""MFX-CTRL1"", ""MFX-CTRL2"", ""MFX-CTRL3"", ""MFX-CTRL4""]",,Matrix Control 3 Destination 1 (0~33),"[""enum labels ui-derived from stringTable controlDestinationTable""]","{""file"": ""original-roland-files/Script/A8EE/Script.xml"", ""line"": 1044}"
fm.pat.common.matrixControl3Sens1,1F 00 00 3F,int1x7,1,"[1, 127]",64,PatchCommon,,script+doc,-64,,,Matrix Control 3 Sens 1 (1~127),[],"{""file"": ""original-roland-files/Script/A8EE/Script.xml"", ""line"": 1052}"
fm.pat.common.matrixControl3Destination2,1F 00 00 40,int1x7,1,"[0, 33]",2,PatchCommon,,script+doc,,"[""OFF"", ""PITCH"", ""CUTOFF"", ""RESONANCE"", ""LEVEL"", ""PAN"", ""OUTPUT LEVEL"", ""CHORUS SEND"", ""REVERB SEND"", ""LFO1 PCH DEPTH"", ""LFO2 PCH DEPTH"", ""LFO1 TVF DEPTH"", ""LFO2 TVF DEPTH"", ""LFO1 TVA DEPTH"", ""LFO2 TVA DEPTH"", ""LFO1 PAN DEPTH"", ""LFO2 PAN DEPTH"", ""LFO1 RATE"", ""LFO2 RATE"", ""PCH ENV A-TIME"", ""PCH ENV D-TIME"", ""PCH ENV R-TIME"", ""TVF ENV A-TIME"", ""TVF ENV D-TIME"", ""TVF ENV R-TIME"", ""TVA ENV A-TIME"", ""TVA ENV D-TIME"", ""TVA ENV R-TIME"", ""TMT"", ""FXM DEPTH"", ""MFX-CTRL1"", ""MFX-CTRL2"", ""MFX-CTRL3"", ""MFX-CTRL4""]",,Matrix Control 3 Destination 2 (0~33),"[""enum labels ui-derived from stringTable controlDestinationTable""]","{""file"": ""original-roland-files/Script/A8EE/Script.xml"", ""line"": 1060}"
fm.pat.common.matrixControl3Sens2,1F 00 00 41,int1x7,1,"[1, 127]",64,PatchCommon,,script+doc,-64,,,Matrix Control 3 Sens 2 (1~127),[],"{""file"": ""original-roland-files/Script/A8EE/Script.xml"", ""line"": 1068}"
fm.pat.common.matrixControl3Destination3,1F 00 00 42,int1x7,1,"[0, 33]",0,PatchCommon,,script+doc,,"[""OFF"", ""PITCH"", ""CUTOFF"", ""RESONANCE"", ""LEVEL"", ""PAN"", ""OUTPUT LEVEL"", ""CHORUS SEND"", ""REVERB SEND"", ""LFO1 PCH DEPTH"", ""LFO2 PCH DEPTH"", ""LFO1 TVF DEPTH"", ""LFO2 TVF DEPTH"", ""LFO1 TVA DEPTH"", ""LFO2 TVA DEPTH"", ""LFO1 PAN DEPTH"", ""LFO2 PAN DEPTH"", ""LFO1 RATE"", ""LFO2 RATE"", ""PCH ENV A-TIME"", ""PCH ENV D-TIME"", ""PCH ENV R-TIME"", ""TVF ENV A-TIME"", ""TVF ENV D-TIME"", ""TVF ENV R-TIME"", ""TVA ENV A-TIME"", ""TVA ENV D-TIME"", ""TVA ENV R-TIME"", ""TMT"", ""FXM DEPTH"", ""MFX-CTRL1"", ""MFX-CTRL2"", ""MFX-CTRL3"", ""MFX-CTRL4""]",,Matrix Control 3 Destination 3 (0~33),"[""enum labels ui-derived from stringTable controlDestinationTable""]","{""file"": ""original-roland-files/Script/A8EE/Script.xml"", ""line"": 1076}"
fm.pat.common.matrixControl3Sens3,1F 00 00 43,int1x7,1,"[1, 127]",64,PatchCommon,,script+doc,-64,,,Matrix Control 3 Sens 3 (1~127),[],"{""file"": ""original-roland-files/Script/A8EE/Script.xml"", ""line"": 1084}"
fm.pat.common.matrixControl3Destination4,1F 00 00 44,int1x7,1,"[0, 33]",0,PatchCommon,,script+doc,,"[""OFF"", ""PITCH"", ""CUTOFF"", ""RESONANCE"", ""LEVEL"", ""PAN"", ""OUTPUT LEVEL"", ""CHORUS SEND"", ""REVERB SEND"", ""LFO1 PCH DEPTH"", ""LFO2 PCH DEPTH"", ""LFO1 TVF DEPTH"", ""LFO2 TVF DEPTH"", ""LFO1 TVA DEPTH"", ""LFO2 TVA DEPTH"", ""LFO1 PAN DEPTH"", ""LFO2 PAN DEPTH"", ""LFO1 RATE"", ""LFO2 RATE"", ""PCH ENV A-TIME"", ""PCH ENV D-TIME"", ""PCH ENV R-TIME"", ""TVF ENV A-TIME"", ""TVF ENV D-TIME"", ""TVF ENV R-TIME"", ""TVA ENV A-TIME"", ""TVA ENV D-TIME"", ""TVA ENV R-TIME"", ""TMT"", ""FXM DEPTH"", ""MFX-CTRL1"", ""MFX-CTRL2"", ""MFX-CTRL3"", ""MFX-CTRL4""]",,Matrix Control 3 Destination 4 (0~33),"[""enum labels ui-derived from stringTable controlDestinationTable""]","{""file"": ""original-roland-files/Script/A8EE/Script.xml"", ""line"": 1092}"
fm.pat.common.matrixControl3Sens4,1F 00 00 45,int1x7,1,"[1, 127]",64,PatchCommon,,script+doc,-64,,,Matrix Control 3 Sens 4 (1~127),[],"{""file"": ""original-roland-files/Script/A8EE/Script.xml"", ""line"": 1100}"
fm.pat.common.matrixControl4Source,1F 00 00 46,int1x7,1,"[0, 109]",4,PatchCommon,,script+doc,,"[""00:OFF"", ""CC01:MODULATION"", ""CC02:BREATH"", ""CC03:"", ""CC04:FOOT TYPE"", ""CC05:PORTA TIME"", ""CC06:DATA ENTRY"", ""CC07:VOLUME"", ""CC08:BALANCE"", ""CC09:"", ""CC10:PANPOT"", ""CC11:EXPRESSION"", ""CC12:"", ""CC13:"", ""CC14:"", ""CC15:"", ""CC16:GENERAL-1"", ""CC17:GENERAL-2"", ""CC18:GENERAL-3"", ""CC19:GENERAL-4"", ""CC20:"", ""CC21:"", ""CC22:"", ""CC23:"", ""CC24:"", ""CC25:"", ""CC26:"", ""CC27:"", ""CC28:"", ""CC29:"", ""CC30:"", ""CC31:"", ""32:OFF"", ""CC33:"", ""CC34:"", ""CC35:"", ""CC36:"", ""CC37:"", ""CC38:DATA ENTRY"", ""CC39:"", ""CC40:"", ""CC41:"", ""CC42:"", ""CC43:"", ""CC44:"", ""CC45:"", ""CC46:"", ""CC47:"", ""CC48:"", ""CC49:"", ""CC50:"", ""CC51:"", ""CC52:"", ""CC53:"", ""CC54:"", ""CC55:"", ""CC56:"", ""CC57:"", ""CC58:"", ""CC59:"", ""CC60:"", ""CC61:"", ""CC62:"", ""CC63:"", ""CC64:HOLD-1"", ""CC65:PORTAMENTO"", ""CC66:SOSTENUTO"", ""CC67:SOFT"", ""CC68:LEGATO SW"", ""CC69:HOLD-2"", ""CC70:"", ""CC71:RESONANCE"", ""CC72:RELEASE TM"", ""CC73:ATTACK TM"", ""CC74:CUTOFF"", ""CC75:DECAY TIME"", ""CC76:VIB RATE"", ""CC77:VIB DEPTH"", ""CC78:VIB DELAY"", ""CC79:"", ""CC80:GENERAL-5"", ""CC81:GENERAL-6"", ""CC82:GENERAL-7"", ""CC83:GENERAL-8"", ""CC84:PORTA CTRL"", ""CC85:"", ""CC86:"", ""CC87:"", ""CC88:"", ""CC89:"", ""CC90:"", ""CC91:REVERB"", ""CC92:TREMOLO"", ""CC93:CHORUS"", ""CC94:CELESTE"", ""CC95:PHASER"", ""96:PITCH BEND"", ""97:AFTERTOUCH"", ""98:OFF"", ""99:OFF"", ""100:OFF"", ""101:OFF"", ""102:VELOCITY"", ""103:KEYFOLLOW"", ""104:OFF"", ""105:LFO1"", ""106:LFO2"", ""107:PITCH ENV"", ""108:TVF ENV"", ""109:TVA ENV""]",,Matrix Control 4 Source (0~109),"[""enum labels ui-derived from stringTable controlSourceTable""]","{""file"": ""original-roland-files/Script/A8EE/Script.xml"", ""line"": 1108}"
fm.pat.common.matrixControl4Destination1,1F 00 00 47,int1x7,1,"[0, 33]",4,PatchCommon,,script+doc,,"[""OFF"", ""PITCH"", ""CUTOFF"", ""RESONANCE"", ""LEVEL"", ""PAN"", ""OUTPUT LEVEL"", ""CHORUS SEND"", ""REVERB SEND"", ""LFO1 PCH DEPTH"", ""LFO2 PCH DEPTH"", ""LFO1 TVF DEPTH"", ""LFO2 TVF DEPTH"", ""LFO1 TVA DEPTH"", ""LFO2 TVA DEPTH"", ""LFO1 PAN DEPTH"", ""LFO2 PAN DEPTH"", ""LFO1 RATE"", ""LFO2 RATE"", ""PCH ENV A-TIME"", ""PCH ENV D-TIME"", ""PCH ENV R-TIME"", ""TVF ENV A-TIME"", ""TVF ENV D-TIME"", ""TVF ENV R-TIME"", ""TVA ENV A-TIME"", ""TVA ENV D-TIME"", ""TVA ENV R-TIME"", ""TMT"", ""FXM DEPTH"", ""MFX-CTRL1"", ""MFX-CTRL2"", ""MFX-CTRL3"", ""MFX-CTRL4""]",,Matrix Control 4 Destination 1 (0~33),"[""enum labels ui-derived from stringTable controlDestinationTable""]","{""file"": ""original-roland-files/Script/A8EE/Script.xml"", ""line"": 1116}"
fm.pat.common.matrixControl4Sens1,1F 00 00 48,int1x7,1,"[1, 127]",64,PatchCommon,,script+doc,-64,,,Matrix Control 4 Sens 1 (1~127),[],"{""file"": ""original-roland-files/Script/A8EE/Script.xml"", ""line"": 1124}"
fm.pat.common.matrixControl4Destination2,1F 00 00 49,int1x7,1,"[0, 33]",2,PatchCommon,,script+doc,,"[""OFF"", ""PITCH"", ""CUTOFF"", ""RESONANCE"", ""LEVEL"", ""PAN"", ""OUTPUT LEVEL"", ""CHORUS SEND"", ""REVERB SEND"", ""LFO1 PCH DEPTH"", ""LFO2 PCH DEPTH"", ""LFO1 TVF DEPTH"", ""LFO2 TVF DEPTH"", ""LFO1 TVA DEPTH"", ""LFO2 TVA DEPTH"", ""LFO1 PAN DEPTH"", ""LFO2 PAN DEPTH"", ""LFO1 RATE"", ""LFO2 RATE"", ""PCH ENV A-TIME"", ""PCH ENV D-TIME"", ""PCH ENV R-TIME"", ""TVF ENV A-TIME"", ""TVF ENV D-TIME"", ""TVF ENV R-TIME"", ""TVA ENV A-TIME"", ""TVA ENV D-TIME"", ""TVA ENV R-TIME"", ""TMT"", ""FXM DEPTH"", ""MFX-CTRL1"", ""MFX-CTRL2"", ""MFX-CTRL3"", ""MFX-CTRL4""]",,Matrix Control 4 Destination 2 (0~33),"[""enum labels ui-derived from stringTable controlDestinationTable""]","{""file"": ""original-roland-files/Script/A8EE/Script.xml"", ""line"": 1132}"
fm.pat.common.matrixControl4Sens2,1F 00 00 4A,int1x7,1,"[1, 127]",64,PatchCommon,,script+doc,-64,,,Matrix Control 4 Sens 2 (1~127),[],"{""file"": ""original-roland-files/Script/A8EE/Script.xml"", ""line"": 1140}"
fm.pat.common.matrixControl4Destination3,1F 00 00 4B,int1x7,1,"[0, 33]",0,PatchCommon,,script+doc,,"[""OFF"", ""PITCH"", ""CUTOFF"", ""RESONANCE"", ""LEVEL"", ""PAN"", ""OUTPUT LEVEL"", ""CHORUS SEND"", ""REVERB SEND"", ""LFO1 PCH DEPTH"", ""LFO2 PCH DEPTH"", ""LFO1 TVF DEPTH"", ""LFO2 TVF DEPTH"", ""LFO1 TVA DEPTH"", ""LFO2 TVA DEPTH"", ""LFO1 PAN DEPTH"", ""LFO2 PAN DEPTH"", ""LFO1 RATE"", ""LFO2 RATE"", ""PCH ENV A-TIME"", ""PCH ENV D-TIME"", ""PCH ENV R-TIME"", ""TVF ENV A-TIME"", ""TVF ENV D-TIME"", ""TVF ENV R-TIME"", ""TVA ENV A-TIME"", ""TVA ENV D-TIME"", ""TVA ENV R-TIME"", ""TMT"", ""FXM DEPTH"", ""MFX-CTRL1"", ""MFX-CTRL2"", ""MFX-CTRL3"", ""MFX-CTRL4""]",,Matrix Control 4 Destination 3 (0~33),"[""enum labels ui-derived from stringTable controlDestinationTable""]","{""file"": ""original-roland-files/Script/A8EE/Script.xml"", ""line"": 1148}"
fm.pat.common.matrixControl4Sens3,1F 00 00 4C,int1x7,1,"[1, 127]",64,PatchCommon,,script+doc,-64,,,Matrix Control 4 Sens 3 (1~127),[],"{""file"": ""original-roland-files/Script/A8EE/Script.xml"", ""line"": 1156}"
fm.pat.common.matrixControl4Destination4,1F 00 00 4D,int1x7,1,"[0, 33]",0,PatchCommon,,script+doc,,"[""OFF"", ""PITCH"", ""CUTOFF"", ""RESONANCE"", ""LEVEL"", ""PAN"", ""OUTPUT LEVEL"", ""CHORUS SEND"", ""REVERB SEND"", ""LFO1 PCH DEPTH"", ""LFO2 PCH DEPTH"", ""LFO1 TVF DEPTH"", ""LFO2 TVF DEPTH"", ""LFO1 TVA DEPTH"", ""LFO2 TVA DEPTH"", ""LFO1 PAN DEPTH"", ""LFO2 PAN DEPTH"", ""LFO1 RATE"", ""LFO2 RATE"", ""PCH ENV A-TIME"", ""PCH ENV D-TIME"", ""PCH ENV R-TIME"", ""TVF ENV A-TIME"", ""TVF ENV D-TIME"", ""TVF ENV R-TIME"", ""TVA ENV A-TIME"", ""TVA ENV D-TIME"", ""TVA ENV R-TIME"", ""TMT"", ""FXM DEPTH"", ""MFX-CTRL1"", ""MFX-CTRL2"", ""MFX-CTRL3"", ""MFX-CTRL4""]",,Matrix Control 4 Destination 4 (0~33),"[""enum labels ui-derived from stringTable controlDestinationTable""]","{""file"": ""original-roland-files/Script/A8EE/Script.xml"", ""line"": 1164}"
fm.pat.common.matrixControl4Sens4,1F 00 00 4E,int1x7,1,"[1, 127]",64,PatchCommon,,script+doc,-64,,,Matrix Control 4 Sens 4 ) (1~127,[],"{""file"": ""original-roland-files/Script/A8EE/Script.xml"", ""line"": 1172}"
fm.pat.mfx.mfxType,1F 00 02 00,int1x7,1,"[0, 78]",0,PatchCommonMFX,,script+doc,,,,MFX Type (0~78),[],"{""file"": ""original-roland-files/Script/A8EE/Script.xml"", ""line"": 1188}"
fm.pat.mfx.mfxDrySendLevel,1F 00 02 01,int1x7,1,"[0, 127]",127,PatchCommonMFX,,script+doc,,,,MFX Dry Send Level (0~127),[],"{""file"": ""original-roland-files/Script/A8EE/Script.xml"", ""line"": 1196}"
fm.pat.mfx.mfxChorusSendLevel,1F 00 02 02,int1x7,1,"[0, 127]",0,PatchCommonMFX,,script+doc,,,,MFX Chorus Send Level (0~127),[],"{""file"": ""original-roland-files/Script/A8EE/Script.xml"", ""line"": 1204}"
fm.pat.mfx.mfxReverbSendLevel,1F 00 02 03,int1x7,1,"[0, 127]",0,PatchCommonMFX,,script+doc,,,,MFX Reverb Send Level (0~127),[],"{""file"": ""original-roland-files/Script/A8EE/Script.xml"", ""line"": 1212}"
fm.pat.mfx.mfxOutputAssign,1F 00 02 04,int1x7,1,"[0, 1]",0,PatchCommonMFX,,script,,,,MFX Output Assign <*> (0~3),"[""doc cross-check: range differs (doc [0, 3])""]","{""file"": ""original-roland-files/Script/A8EE/Script.xml"", ""line"": 1220}"
fm.pat.mfx.mfxControl1Source,1F 00 02 05,int1x7,1,"[0, 97]",0,PatchCommonMFX,,script+doc,,"[""00:OFF"", ""CC01:MODULATION"", ""CC02:BREATH"", ""CC03:"", ""CC04:FOOT TYPE"", ""CC05:PORTA TIME"", ""CC06:DATA ENTRY"", ""CC07:VOLUME"", ""CC08:BALANCE"", ""CC09:"", ""CC10:PANPOT"", ""CC11:EXPRESSION"", ""CC12:"", ""CC13:"", ""CC14:"", ""CC15:"", ""CC16:GENERAL-1"", ""CC17:GENERAL-2"", ""CC18:GENERAL-3"", ""CC19:GENERAL-4"", ""CC20:"", ""CC21:"", ""CC22:"", ""CC23:"", ""CC24:"", ""CC25:"", ""CC26:"", ""CC27:"", ""CC28:"", ""CC29:"", ""CC30:"", ""CC31:"", ""32:OFF"", ""CC33:"", ""CC34:"", ""CC35:"", ""CC36:"", ""CC37:"", ""CC38:DATA ENTRY"", ""CC39:"", ""CC40:"", ""CC41:"", ""CC42:"", ""CC43:"", ""CC44:"", ""CC45:"", ""CC46:"", ""CC47:"", ""CC48:"", ""CC49:"", ""CC50:"", ""CC51:"", ""CC52:"", ""CC53:"", ""CC54:"", ""CC55:"", ""CC56:"", ""CC57:"", ""CC58:"", ""CC59:"", ""CC60:"", ""CC61:"", ""CC62:"", ""CC63:"", ""CC64:HOLD-1"", ""CC65:PORTAMENTO"", ""CC66:SOSTENUTO"", ""CC67:SOFT"", ""CC68:LEGATO SW"", ""CC69:HOLD-2"", ""CC70:"", ""CC71:RESONANCE"", ""CC72:RELEASE TM"", ""CC73:ATTACK TM"", ""CC74:CUTOFF"", ""CC75:DECAY TIME"", ""CC76:VIB RATE"", ""CC77:VIB DEPTH"", ""CC78:VIB DELAY"", ""CC79:"", ""CC80:GENERAL-5"", ""CC81:GENERAL-6"", ""CC82:GENERAL-7"", ""CC83:GENERAL-8"", ""CC84:PORTA CTRL"", ""CC85:"", ""CC86:"", ""CC87:"", ""CC88:"", ""CC89:"", ""CC90:"", ""CC91:REVERB"", ""CC92:TREMOLO"", ""CC93:CHORUS"", ""CC94:CELESTE"", ""CC95:PHASER"", ""96:PITCH BEND"", ""97:AFTERTOUCH""]",,MFX Control 1 Source (0~97),"[""enum labels ui-derived from stringTable controlSourceTable""]","{""file"": ""original-roland-files/Script/A8EE/Script.xml"", ""line"": 1228}"
fm.pat.mfx.mfxControl1Sens,1F 00 02 06,int1x7,1,"[1, 127]",64,PatchCommonMFX,,script+doc,-64,,,MFX Control 1 Sens (1~127),[],"{""file"": ""original-roland-files/Script/A8EE/Script.xml"", ""line"": 1236}"
fm.pat.mfx.mfxControl2Source,1F 00 02 07,int1x7,1,"[0, 97]",0,PatchCommonMFX,,script+doc,,"[""00:OFF"", ""CC01:MODULATION"", ""CC02:BREATH"", ""CC03:"", ""CC04:FOOT TYPE"", ""CC05:PORTA TIME"", ""CC06:DATA ENTRY"", ""CC07:VOLUME"", ""CC08:BALANCE"", ""CC09:"", ""CC10:PANPOT"", ""CC11:EXPRESSION"", ""CC12:"", ""CC13:"", ""CC14:"", ""CC15:"", ""CC16:GENERAL-1"", ""CC17:GENERAL-2"", ""CC18:GENERAL-3"", ""CC19:GENERAL-4"", ""CC20:"", ""CC21:"", ""CC22:"", ""CC23:"", ""CC24:"", ""CC25:"", ""CC26:"", ""CC27:"", ""CC28:"", ""CC29:"", ""CC30:"", ""CC31:"", ""32:OFF"", ""CC33:"", ""CC34:"", ""CC35:"", ""CC36:"", ""CC37:"", ""CC38:DATA ENTRY"", ""CC39:"", ""CC40:"", ""CC41:"", ""CC42:"", ""CC43:"", ""CC44:"", ""CC45:"", ""CC46:"", ""CC47:"", ""CC48:"", ""CC49:"", ""CC50:"", ""CC51:"", ""CC52:"", ""CC53:"", ""CC54:"", ""CC55:"", ""CC56:"", ""CC57:"", ""CC58:"", ""CC59:"", ""CC60:"", ""CC61:"", ""CC62:"", ""CC63:"", ""CC64:HOLD-1"", ""CC65:PORTAMENTO"", ""CC66:SOSTENUTO"", ""CC67:SOFT"", ""CC68:LEGATO SW"", ""CC69:HOLD-2"", ""CC70:"", ""CC71:RESONANCE"", ""CC72:RELEASE TM"", ""CC73:ATTACK TM"", ""CC74:CUTOFF"", ""CC75:DECAY TIME"", ""CC76:VIB RATE"", ""CC77:VIB DEPTH"", ""CC78:VIB DELAY"", ""CC79:"", ""CC80:GENERAL-5"", ""CC81:GENERAL-6"", ""CC82:GENERAL-7"", ""CC83:GENERAL-8"", ""CC84:PORTA CTRL"", ""CC85:"", ""CC86:"", ""CC87:"", ""CC88:"", ""CC89:"", ""CC90:"", ""CC91:REVERB"", ""CC92:TREMOLO"", ""CC93:CHORUS"", ""CC94:CELESTE"", ""CC95:PHASER"", ""96:PITCH BEND"", ""97:AFTERTOUCH""]",,MFX Control 2 Source (0~97),"[""enum labels ui-derived from stringTable controlSourceTable""]","{""file"": ""original-roland-files/Script/A8EE/Script.xml"", ""line"": 1244}"
fm.pat.mfx.mfxControl2Sens,1F 00 02 08,int1x7,1,"[1, 127]",64,PatchCommonMFX,,script+doc,-64,,,MFX Control 2 Sens (1~127),[],"{""file"": ""original-roland-files/Script/A8EE/Script.xml"", ""line"": 1252}"
fm.pat.mfx.mfxControl3Source,1F 00 02 09,int1x7,1,"[0, 97]",0,PatchCommonMFX,,script+doc,,"[""00:OFF"", ""CC01:MODULATION"", ""CC02:BREATH"", ""CC03:"", ""CC04:FOOT TYPE"", ""CC05:PORTA TIME"", ""CC06:DATA ENTRY"", ""CC07:VOLUME"", ""CC08:BALANCE"", ""CC09:"", ""CC10:PANPOT"", ""CC11:EXPRESSION"", ""CC12:"", ""CC13:"", ""CC14:"", ""CC15:"", ""CC16:GENERAL-1"", ""CC17:GENERAL-2"", ""CC18:GENERAL-3"", ""CC19:GENERAL-4"", ""CC20:"", ""CC21:"", ""CC22:"", ""CC23:"", ""CC24:"", ""CC25:"", ""CC26:"", ""CC27:"", ""CC28:"", ""CC29:"", ""CC30:"", ""CC31:"", ""32:OFF"", ""CC33:"", ""CC34:"", ""CC35:"", ""CC36:"", ""CC37:"", ""CC38:DATA ENTRY"", ""CC39:"", ""CC40:"", ""CC41:"", ""CC42:"", ""CC43:"", ""CC44:"", ""CC45:"", ""CC46:"", ""CC47:"", ""CC48:"", ""CC49:"", ""CC50:"", ""CC51:"", ""CC52:"", ""CC53:"", ""CC54:"", ""CC55:"", ""CC56:"", ""CC57:"", ""CC58:"", ""CC59:"", ""CC60:"", ""CC61:"", ""CC62:"", ""CC63:"", ""CC64:HOLD-1"", ""CC65:PORTAMENTO"", ""CC66:SOSTENUTO"", ""CC67:SOFT"", ""CC68:LEGATO SW"", ""CC69:HOLD-2"", ""CC70:"", ""CC71:RESONANCE"", ""CC72:RELEASE TM"", ""CC73:ATTACK TM"", ""CC74:CUTOFF"", ""CC75:DECAY TIME"", ""CC76:VIB RATE"", ""CC77:VIB DEPTH"", ""CC78:VIB DELAY"", ""CC79:"", ""CC80:GENERAL-5"", ""CC81:GENERAL-6"", ""CC82:GENERAL-7"", ""CC83:GENERAL-8"", ""CC84:PORTA CTRL"", ""CC85:"", ""CC86:"", ""CC87:"", ""CC88:"", ""CC89:"", ""CC90:"", ""CC91:REVERB"", ""CC92:TREMOLO"", ""CC93:CHORUS"", ""CC94:CELESTE"", ""CC95:PHASER"", ""96:PITCH BEND"", ""97:AFTERTOUCH""]",,MFX Control 3 Source (0~97),"[""enum labels ui-derived from stringTable controlSourceTable""]","{""file"": ""original-roland-files/Script/A8EE/Script.xml"", ""line"": 1260}"
fm.pat.mfx.mfxControl3Sens,1F 00 02 0A,int1x7,1,"[1, 127]",64,PatchCommonMFX,,script+doc,-64,,,MFX Control 3 Sens (1~127),[],"{""file"": ""original-roland-files/Script/A8EE/Script.xml"", ""line"": 1268}"
fm.pat.mfx.mfxControl4Source,1F 00 02 0B,int1x7,1,"[0, 97]",0,PatchCommonMFX,,script+doc,,"[""00:OFF"", ""CC01:MODULATION"", ""CC02:BREATH"", ""CC03:"", ""CC04:FOOT TYPE"", ""CC05:PORTA TIME"", ""CC06:DATA ENTRY"", ""CC07:VOLUME"", ""CC08:BALANCE"", ""CC09:"", ""CC10:PANPOT"", ""CC11:EXPRESSION"", ""CC12:"", ""CC13:"", ""CC14:"", ""CC15:"", ""CC16:GENERAL-1"", ""CC17:GENERAL-2"", ""CC18:GENERAL-3"", ""CC19:GENERAL-4"", ""CC20:"", ""CC21:"", ""CC22:"", ""CC23:"", ""CC24:"", ""CC25:"", ""CC26:"", ""CC27:"", ""CC28:"", ""CC29:"", ""CC30:"", ""CC31:"", ""32:OFF"", ""CC33:"", ""CC34:"", ""CC35:"", ""CC36:"", ""CC37:"", ""CC38:DATA ENTRY"", ""CC39:"", ""CC40:"", ""CC41:"", ""CC42:"", ""CC43:"", ""CC44:"", ""CC45:"", ""CC46:"", ""CC47:"", ""CC48:"", ""CC49:"", ""CC50:"", ""CC51:"", ""CC52:"", ""CC53:"", ""CC54:"", ""CC55:"", ""CC56:"", ""CC57:"", ""CC58:"", ""CC59:"", ""CC60:"", ""CC61:"", ""CC62:"", ""CC63:"", ""CC64:HOLD-1"", ""CC65:PORTAMENTO"", ""CC66:SOSTENUTO"", ""CC67:SOFT"", ""CC68:LEGATO SW"", ""CC69:HOLD-2"", ""CC70:"", ""CC71:RESONANCE"", ""CC72:RELEASE TM"", ""CC73:ATTACK TM"", ""CC74:CUTOFF"", ""CC75:DECAY TIME"", ""CC76:VIB RATE"", ""CC77:VIB DEPTH"", ""CC78:VIB DELAY"", ""CC79:"", ""CC80:GENERAL-5"", ""CC81:GENERAL-6"", ""CC82:GENERAL-7"", ""CC83:GENERAL-8"", ""CC84:PORTA CTRL"", ""CC85:"", ""CC86:"", ""CC87:"", ""CC88:"", ""CC89:"", ""CC90:"", ""CC91:REVERB"", ""CC92:TREMOLO"", ""CC93:CHORUS"", ""CC94:CELESTE"", ""CC95:PHASER"", ""96:PITCH BEND"", ""97:AFTERTOUCH""]",,MFX Control 4 Source (0~97),"[""enum labels ui-derived from stringTable controlSourceTable""]","{""file"": ""original-roland-files/Script/A8EE/Script.xml"", ""line"": 1276}"
fm.pat.mfx.mfxControl4Sens,1F 00 02 0C,int1x7,1,"[1, 127]",64,PatchCommonMFX,,script+doc,-64,,,MFX Control 4 Sens (1~127),[],"{""file"": ""original-roland-files/Script/A8EE/Script.xml"", ""line"": 1284}"
fm.pat.mfx.mfxControlAssign1,1F 00 02 0D,int1x7,1,"[0, 16]",0,PatchCommonMFX,,script+doc,,,,MFX Control Assign 1 (0~16),[],"{""file"": ""original-roland-files/Script/A8EE/Script.xml"", ""line"": 1292}"
fm.pat.mfx.mfxControlAssign2,1F 00 02 0E,int1x7,1,"[0, 16]",0,PatchCommonMFX,,script+doc,,,,MFX Control Assign 2 (0~16),[],"{""file"": ""original-roland-files/Script/A8EE/Script.xml"", ""line"": 1300}"
fm.pat.mfx.mfxControlAssign3,1F 00 02 0F,int1x7,1,"[0, 16]",0,PatchCommonMFX,,script+doc,,,,MFX Control Assign 3 (0~16),[],"{""file"": ""original-roland-files/Script/A8EE/Script.xml"", ""line"": 1308}"
fm.pat.mfx.mfxControlAssign4,1F 00 02 10,int1x7,1,"[0, 16]",0,PatchCommonMFX,,script+doc,,,,MFX Control Assign 4 (0~16),[],"{""file"": ""original-roland-files/Script/A8EE/Script.xml"", ""line"": 1316}"
fm.pat.mfx.mfxParameter1,1F 00 02 11,int4x4,4,"[12768, 52768]",32768,PatchCommonMFX,,script+doc,,,,,[],"{""file"": ""original-roland-files/Script/A8EE/Script.xml"", ""line"": 1324}"
fm.pat.mfx.mfxParameter2,1F 00 02 15,int4x4,4,"[12768, 52768]",32768,PatchCommonMFX,,script+doc,,,,,[],"{""file"": ""original-roland-files/Script/A8EE/Script.xml"", ""line"": 1332}"
fm.pat.mfx.mfxParameter3,1F 00 02 19,int4x4,4,"[12768, 52768]",32768,PatchCommonMFX,,script+doc,,,,,[],"{""file"": ""original-roland-files/Script/A8EE/Script.xml"", ""line"": 1340}"
fm.pat.mfx.mfxParameter4,1F 00 02 1D,int4x4,4,"[12768, 52768]",32768,PatchCommonMFX,,script+doc,,,,,[],"{""file"": ""original-roland-files/Script/A8EE/Script.xml"", ""line"": 1348}"
fm.pat.mfx.mfxParameter5,1F 00 02 21,int4x4,4,"[12768, 52768]",32768,PatchCommonMFX,,script+doc,,,,,[],"{""file"": ""original-roland-files/Script/A8EE/Script.xml"", ""line"": 1356}"
fm.pat.mfx.mfxParameter6,1F 00 02 25,int4x4,4,"[12768, 52768]",32768,PatchCommonMFX,,script+doc,,,,,[],"{""file"": ""original-roland-files/Script/A8EE/Script.xml"", ""line"": 1364}"
fm.pat.mfx.mfxParameter7,1F 00 02 29,int4x4,4,"[12768, 52768]",32768,PatchCommonMFX,,script+doc,,,,,[],"{""file"": ""original-roland-files/Script/A8EE/Script.xml"", ""line"": 1372}"
fm.pat.mfx.mfxParameter8,1F 00 02 2D,int4x4,4,"[12768, 52768]",32768,PatchCommonMFX,,script+doc,,,,,[],"{""file"": ""original-roland-files/Script/A8EE/Script.xml"", ""line"": 1380}"
fm.pat.mfx.mfxParameter9,1F 00 02 31,int4x4,4,"[12768, 52768]",32768,PatchCommonMFX,,script+doc,,,,,[],"{""file"": ""original-roland-files/Script/A8EE/Script.xml"", ""line"": 1388}"
fm.pat.mfx.mfxParameter10,1F 00 02 35,int4x4,4,"[12768, 52768]",32768,PatchCommonMFX,,script+doc,,,,,[],"{""file"": ""original-roland-files/Script/A8EE/Script.xml"", ""line"": 1396}"
fm.pat.mfx.mfxParameter11,1F 00 02 39,int4x4,4,"[12768, 52768]",32768,PatchCommonMFX,,script+doc,,,,,[],"{""file"": ""original-roland-files/Script/A8EE/Script.xml"", ""line"": 1404}"
fm.pat.mfx.mfxParameter12,1F 00 02 3D,int4x4,4,"[12768, 52768]",32768,PatchCommonMFX,,script+doc,,,,,[],"{""file"": ""original-roland-files/Script/A8EE/Script.xml"", ""line"": 1412}"
fm.pat.mfx.mfxParameter13,1F 00 02 41,int4x4,4,"[12768, 52768]",32768,PatchCommonMFX,,script+doc,,,,,[],"{""file"": ""original-roland-files/Script/A8EE/Script.xml"", ""line"": 1420}"
fm.pat.mfx.mfxParameter14,1F 00 02 45,int4x4,4,"[12768, 52768]",32768,PatchCommonMFX,,script+doc,,,,,[],"{""file"": ""original-roland-files/Script/A8EE/Script.xml"", ""line"": 1428}"
fm.pat.mfx.mfxParameter15,1F 00 02 49,int4x4,4,"[12768, 52768]",32768,PatchCommonMFX,,script+doc,,,,,[],"{""file"": ""original-roland-files/Script/A8EE/Script.xml"", ""line"": 1436}"
fm.pat.mfx.mfxParameter16,1F 00 02 4D,int4x4,4,"[12768, 52768]",32768,PatchCommonMFX,,script+doc,,,,,[],"{""file"": ""original-roland-files/Script/A8EE/Script.xml"", ""line"": 1444}"
fm.pat.mfx.mfxParameter17,1F 00 02 51,int4x4,4,"[12768, 52768]",32768,PatchCommonMFX,,script+doc,,,,,[],"{""file"": ""original-roland-files/Script/A8EE/Script.xml"", ""line"": 1452}"
fm.pat.mfx.mfxParameter18,1F 00 02 55,int4x4,4,"[12768, 52768]",32768,PatchCommonMFX,,script+doc,,,,,[],"{""file"": ""original-roland-files/Script/A8EE/Script.xml"", ""line"": 1460}"
fm.pat.mfx.mfxParameter19,1F 00 02 59,int4x4,4,"[12768, 52768]",32768,PatchCommonMFX,,script+doc,,,,,[],"{""file"": ""original-roland-files/Script/A8EE/Script.xml"", ""line"": 1468}"
fm.pat.mfx.mfxParameter20,1F 00 02 5D,int4x4,4,"[12768, 52768]",32768,PatchCommonMFX,,script+doc,,,,,[],"{""file"": ""original-roland-files/Script/A8EE/Script.xml"", ""line"": 1476}"
fm.pat.mfx.mfxParameter21,1F 00 02 61,int4x4,4,"[12768, 52768]",32768,PatchCommonMFX,,script+doc,,,,,[],"{""file"": ""original-roland-files/Script/A8EE/Script.xml"", ""line"": 1484}"
fm.pat.mfx.mfxParameter22,1F 00 02 65,int4x4,4,"[12768, 52768]",32768,PatchCommonMFX,,script+doc,,,,,[],"{""file"": ""original-roland-files/Script/A8EE/Script.xml"", ""line"": 1492}"
fm.pat.mfx.mfxParameter23,1F 00 02 69,int4x4,4,"[12768, 52768]",32768,PatchCommonMFX,,script+doc,,,,,[],"{""file"": ""original-roland-files/Script/A8EE/Script.xml"", ""line"": 1500}"
fm.pat.mfx.mfxParameter24,1F 00 02 6D,int4x4,4,"[12768, 52768]",32768,PatchCommonMFX,,script+doc,,,,,[],"{""file"": ""original-roland-files/Script/A8EE/Script.xml"", ""line"": 1508}"
fm.pat.mfx.mfxParameter25,1F 00 02 71,int4x4,4,"[12768, 52768]",32768,PatchCommonMFX,,script+doc,,,,,[],"{""file"": ""original-roland-files/Script/A8EE/Script.xml"", ""line"": 1516}"
fm.pat.mfx.mfxParameter26,1F 00 02 75,int4x4,4,"[12768, 52768]",32768,PatchCommonMFX,,script+doc,,,,,[],"{""file"": ""original-roland-files/Script/A8EE/Script.xml"", ""line"": 1524}"
fm.pat.mfx.mfxParameter27,1F 00 02 79,int4x4,4,"[12768, 52768]",32768,PatchCommonMFX,,script+doc,,,,,[],"{""file"": ""original-roland-files/Script/A8EE/Script.xml"", ""line"": 1532}"
fm.pat.mfx.mfxParameter28,1F 00 02 7D,int4x4,4,"[12768, 52768]",32768,PatchCommonMFX,,script+doc,,,,,[],"{""file"": ""original-roland-files/Script/A8EE/Script.xml"", ""line"": 1540}"
fm.pat.mfx.mfxParameter29,1F 00 03 01,int4x4,4,"[12768, 52768]",32768,PatchCommonMFX,,script+doc,,,,,[],"{""file"": ""original-roland-files/Script/A8EE/Script.xml"", ""line"": 1548}"
fm.pat.mfx.mfxParameter30,1F 00 03 05,int4x4,4,"[12768, 52768]",32768,PatchCommonMFX,,script+doc,,,,,[],"{""file"": ""original-roland-files/Script/A8EE/Script.xml"", ""line"": 1556}"
fm.pat.mfx.mfxParameter31,1F 00 03 09,int4x4,4,"[12768, 52768]",32768,PatchCommonMFX,,script+doc,,,,,[],"{""file"": ""original-roland-files/Script/A8EE/Script.xml"", ""line"": 1564}"
fm.pat.mfx.mfxParameter32,1F 00 03 0D,int4x4,4,"[12768, 52768]",32768,PatchCommonMFX,,script+doc,,,,,[],"{""file"": ""original-roland-files/Script/A8EE/Script.xml"", ""line"": 1572}"
fm.pat.mfx.equalizer-loFreq,1F 00 02 11,int4x4,4,"[32768, 32769]",32769,PatchCommonMFX,mfx:EQUALIZER,script,,,,,[],"{""file"": ""original-roland-files/Script/A8EE/Script.xml"", ""line"": 1580}"
fm.pat.mfx.equalizer-loGain,1F 00 02 15,int4x4,4,"[32768, 32798]",32783,PatchCommonMFX,mfx:EQUALIZER,script,-32768,"[""-15 dB"", ""-14 dB"", ""-13 dB"", ""-12 dB"", ""-11 dB"", ""-10 dB"", ""-9 dB"", ""-8 dB"", ""-7 dB"", ""-6 dB"", ""-5 dB"", ""-4 dB"", ""-3 dB"", ""-2 dB"", ""-1 dB"", ""0 dB"", ""+1 dB"", ""+2 dB"", ""+3 dB"", ""+4 dB"", ""+5 dB"", ""+6 dB"", ""+7 dB"", ""+8 dB"", ""+9 dB"", ""+10 dB"", ""+11 dB"", ""+12 dB"", ""+13 dB"", ""+14 dB"", ""+15 dB""]",,,"[""enum labels ui-derived from stringTable gain-15-1Table""]","{""file"": ""original-roland-files/Script/A8EE/Script.xml"", ""line"": 1588}"
fm.pat.mfx.equalizer-mid1Freq,1F 00 02 19,int4x4,4,"[32768, 32784]",32775,PatchCommonMFX,mfx:EQUALIZER,script,-32768,,,,[],"{""file"": ""original-roland-files/Script/A8EE/Script.xml"", ""line"": 1596}"
fm.pat.mfx.equalizer-mid1Gain,1F 00 02 1D,int4x4,4,"[32768, 32798]",32783,PatchCommonMFX,mfx:EQUALIZER,script,-32768,"[""-15 dB"", ""-14 dB"", ""-13 dB"", ""-12 dB"", ""-11 dB"", ""-10 dB"", ""-9 dB"", ""-8 dB"", ""-7 dB"", ""-6 dB"", ""-5 dB"", ""-4 dB"", ""-3 dB"", ""-2 dB"", ""-1 dB"", ""0 dB"", ""+1 dB"", ""+2 dB"", ""+3 dB"", ""+4 dB"", ""+5 dB"", ""+6 dB"", ""+7 dB"", ""+8 dB"", ""+9 dB"", ""+10 dB"", ""+11 dB"", ""+12 dB"", ""+13 dB"", ""+14 dB"", ""+15 dB""]",,,"[""enum labels ui-derived from stringTable gain-15-1Table""]","{""file"": ""original-roland-files/Script/A8EE/Script.xml"", ""line"": 1604}"
fm.pat.mfx.equalizer-mid1Q,1F 00 02 21,int4x4,4,"[32768, 32772]",32768,PatchCommonMFX,mfx:EQUALIZER,script,-32768,"[""0.5"", ""1.0"", ""2.0"", ""4.0"", ""8.0""]",,,"[""enum labels ui-derived from stringTable qTable""]","{""file"": ""original-roland-files/Script/A8EE/Script.xml"", ""line"": 1612}"
fm.pat.mfx.equalizer-mid2Freq,1F 00 02 25,int4x4,4,"[32768, 32784]",32778,PatchCommonMFX,mfx:EQUALIZER,script,-32768,,,,[],"{""file"": ""original-roland-files/Script/A8EE/Script.xml"", ""line"": 1620}"
fm.pat.mfx.equalizer-mid2Gain,1F 00 02 29,int4x4,4,"[32768, 32798]",32783,PatchCommonMFX,mfx:EQUALIZER,script,-32768,"[""-15 dB"", ""-14 dB"", ""-13 dB"", ""-12 dB"", ""-11 dB"", ""-10 dB"", ""-9 dB"", ""-8 dB"", ""-7 dB"", ""-6 dB"", ""-5 dB"", ""-4 dB"", ""-3 dB"", ""-2 dB"", ""-1 dB"", ""0 dB"", ""+1 dB"", ""+2 dB"", ""+3 dB"", ""+4 dB"", ""+5 dB"", ""+6 dB"", ""+7 dB"", ""+8 dB"", ""+9 dB"", ""+10 dB"", ""+11 dB"", ""+12 dB"", ""+13 dB"", ""+14 dB"", ""+15 dB""]",,,"[""enum labels ui-derived from stringTable gain-15-1Table""]","{""file"": ""original-roland-files/Script/A8EE/Script.xml"", ""line"": 1628}"
fm.pat.mfx.equalizer-mid2Q,1F 00 02 2D,int4x4,4,"[32768, 32772]",32768,PatchCommonMFX,mfx:EQUALIZER,script,-32768,"[""0.5"", ""1.0"", ""2.0"", ""4.0"", ""8.0""]",,,"[""enum labels ui-derived from stringTable qTable""]","{""file"": ""original-roland-files/Script/A8EE/Script.xml"", ""line"": 1636}"
fm.pat.mfx.equalizer-hiFreq,1F 00 02 31,int4x4,4,"[32768, 32770]",32769,PatchCommonMFX,mfx:EQUALIZER,script,,,,,[],"{""file"": ""original-roland-files/Script/A8EE/Script.xml"", ""line"": 1644}"
fm.pat.mfx.equalizer-hiGain,1F 00 02 35,int4x4,4,"[32768, 32798]",32783,PatchCommonMFX,mfx:EQUALIZER,script,-32768,"[""-15 dB"", ""-14 dB"", ""-13 dB"", ""-12 dB"", ""-11 dB"", ""-10 dB"", ""-9 dB"", ""-8 dB"", ""-7 dB"", ""-6 dB"", ""-5 dB"", ""-4 dB"", ""-3 dB"", ""-2 dB"", ""-1 dB"", ""0 dB"", ""+1 dB"", ""+2 dB"", ""+3 dB"", ""+4 dB"", ""+5 dB"", ""+6 dB"", ""+7 dB"", ""+8 dB"", ""+9 dB"", ""+10 dB"", ""+11 dB"", ""+12 dB"", ""+13 dB"", ""+14 dB"", ""+15 dB""]",,,"[""enum labels ui-derived from stringTable gain-15-1Table""]","{""file"": ""original-roland-files/Script/A8EE/Script.xml"", ""line"": 1652}"
fm.pat.mfx.equalizer-level,1F 00 02 39,int4x4,4,"[32768, 32895]",32895,PatchCommonMFX,mfx:EQUALIZER,script,-32768,,,,[],"{""file"": ""original-roland-files/Script/A8EE/Script.xml"", ""line"": 1660}"
fm.pat.mfx.spectrum-band1,1F 00 02 11,int4x4,4,"[32768, 32798]",32783,PatchCommonMFX,mfx:SPECTRUM,script,-32768,"[""-15 dB"", ""-14 dB"", ""-13 dB"", ""-12 dB"", ""-11 dB"", ""-10 dB"", ""-9 dB"", ""-8 dB"", ""-7 dB"", ""-6 dB"", ""-5 dB"", ""-4 dB"", ""-3 dB"", ""-2 dB"", ""-1 dB"", ""0 dB"", ""+1 dB"", ""+2 dB"", ""+3 dB"", ""+4 dB"", ""+5 dB"", ""+6 dB"", ""+7 dB"", ""+8 dB"", ""+9 dB"", ""+10 dB"", ""+11 dB"", ""+12 dB"", ""+13 dB"", ""+14 dB"", ""+15 dB""]",,,"[""enum labels ui-derived from stringTable gain-15-1Table""]","{""file"": ""original-roland-files/Script/A8EE/Script.xml"", ""line"": 1668}"
fm.pat.mfx.spectrum-band2,1F 00 02 15,int4x4,4,"[32768, 32798]",32783,PatchCommonMFX,mfx:SPECTRUM,script,-32768,"[""-15 dB"", ""-14 dB"", ""-13 dB"", ""-12 dB"", ""-11 dB"", ""-10 dB"", ""-9 dB"", ""-8 dB"", ""-7 dB"", ""-6 dB"", ""-5 dB"", ""-4 dB"", ""-3 dB"", ""-2 dB"", ""-1 dB"", ""0 dB"", ""+1 dB"", ""+2 dB"", ""+3 dB"", ""+4 dB"", ""+5 dB"", ""+6 dB"", ""+7 dB"", ""+8 dB"", ""+9 dB"", ""+10 dB"", ""+11 dB"", ""+12 dB"", ""+13 dB"", ""+14 dB"", ""+15 dB""]",,,"[""enum labels ui-derived from stringTable gain-15-1Table""]","{""file"": ""original-roland-files/Script/A8EE/Script.xml"", ""line"": 1676}"
fm.pat.mfx.spectrum-band3,1F 00 02 19,int4x4,4,"[32768, 32798]",32783,PatchCommonMFX,mfx:SPECTRUM,script,-32768,"[""-15 dB"", ""-14 dB"", ""-13 dB"", ""-12 dB"", ""-11 dB"", ""-10 dB"", ""-9 dB"", ""-8 dB"", ""-7 dB"", ""-6 dB"", ""-5 dB"", ""-4 dB"", ""-3 dB"", ""-2 dB"", ""-1 dB"", ""0 dB"", ""+1 dB"", ""+2 dB"", ""+3 dB"", ""+4 dB"", ""+5 dB"", ""+6 dB"", ""+7 dB"", ""+8 dB"", ""+9 dB"", ""+10 dB"", ""+11 dB"", ""+12 dB"", ""+13 dB"", ""+14 dB"", ""+15 dB""]",,,"[""enum labels ui-derived from stringTable gain-15-1Table""]","{""file"": ""original-roland-files/Script/A8EE/Script.xml"", ""line"": 1684}"
fm.pat.mfx.spectrum-band4,1F 00 02 1D,int4x4,4,"[32768, 32798]",32783,PatchCommonMFX,mfx:SPECTRUM,script,-32768,"[""-15 dB"", ""-14 dB"", ""-13 dB"", ""-12 dB"", ""-11 dB"", ""-10 dB"", ""-9 dB"", ""-8 dB"", ""-7 dB"", ""-6 dB"", ""-5 dB"", ""-4 dB"", ""-3 dB"", ""-2 dB"", ""-1 dB"", ""0 dB"", ""+1 dB"", ""+2 dB"", ""+3 dB"", ""+4 dB"", ""+5 dB"", ""+6 dB"", ""+7 dB"", ""+8 dB"", ""+9 dB"", ""+10 dB"", ""+11 dB"", ""+12 dB"", ""+13 dB"", ""+14 dB"", ""+15 dB""]",,,"[""enum labels ui-derived from stringTable gain-15-1Table""]","{""file"": ""original-roland-files/Script/A8EE/Script.xml"", ""line"": 1692}"
fm.pat.mfx.spectrum-band5,1F 00 02 21,int4x4,4,"[32768, 32798]",32783,PatchCommonMFX,mfx:SPECTRUM,script,-32768,"[""-15 dB"", ""-14 dB"", ""-13 dB"", ""-12 dB"", ""-11 dB"", ""-10 dB"", ""-9 dB"", ""-8 dB"", ""-7 dB"", ""-6 dB"", ""-5 dB"", ""-4 dB"", ""-3 dB"", ""-2 dB"", ""-1 dB"", ""0 dB"", ""+1 dB"", ""+2 dB"", ""+3 dB"", ""+4 dB"", ""+5 dB"", ""+6 dB"", ""+7 dB"", ""+8 dB"", ""+9 dB"", ""+10 dB"", ""+11 dB"", ""+12 dB"", ""+13 dB"", ""+14 dB"", ""+15 dB""]",,,"[""enum labels ui-derived from stringTable gain-15-1Table""]","{""file"": ""original-roland-files/Script/A8EE/Script.xml"", ""line"": 1700}"
fm.pat.mfx.spectrum-band6,1F 00 02 25,int4x4,4,"[32768, 32798]",32783,PatchCommonMFX,mfx:SPECTRUM,script,-32768,"[""-15 dB"", ""-14 dB"", ""-13 dB"", ""-12 dB"", ""-11 dB"", ""-10 dB"", ""-9 dB"", ""-8 dB"", ""-7 dB"", ""-6 dB"", ""-5 dB"", ""-4 dB"", ""-3 dB"", ""-2 dB"", ""-1 dB"", ""0 dB"", ""+1 dB"", ""+2 dB"", ""+3 dB"", ""+4 dB"", ""+5 dB"", ""+6 dB"", ""+7 dB"", ""+8 dB"", ""+9 dB"", ""+10 dB"", ""+11 dB"", ""+12 dB"", ""+13 dB"", ""+14 dB"", ""+15 dB""]",,,"[""enum labels ui-derived from stringTable gain-15-1Table""]","{""file"": ""original-roland-files/Script/A8EE/Script.xml"", ""line"": 1708}"
fm.pat.mfx.spectrum-band7,1F 00 02 29,int4x4,4,"[32768, 32798]",32783,PatchCommonMFX,mfx:SPECTRUM,script,-32768,"[""-15 dB"", ""-14 dB"", ""-13 dB"", ""-12 dB"", ""-11 dB"", ""-10 dB"", ""-9 dB"", ""-8 dB"", ""-7 dB"", ""-6 dB"", ""-5 dB"", ""-4 dB"", ""-3 dB"", ""-2 dB"", ""-1 dB"", ""0 dB"", ""+1 dB"", ""+2 dB"", ""+3 dB"", ""+4 dB"", ""+5 dB"", ""+6 dB"", ""+7 dB"", ""+8 dB"", ""+9 dB"", ""+10 dB"", ""+11 dB"", ""+12 dB"", ""+13 dB"", ""+14 dB"", ""+15 dB""]",,,"[""enum labels ui-derived from stringTable gain-15-1Table""]","{""file"": ""original-roland-files/Script/A8EE/Script.xml"", ""line"": 1716}"
fm.pat.mfx.spectrum-band8,1F 00 02 2D,int4x4,4,"[32768, 32798]",32783,PatchCommonMFX,mfx:SPECTRUM,script,-32768,"[""-15 dB"", ""-14 dB"", ""-13 dB"", ""-12 dB"", ""-11 dB"", ""-10 dB"", ""-9 dB"", ""-8 dB"", ""-7 dB"", ""-6 dB"", ""-5 dB"", ""-4 dB"", ""-3 dB"", ""-2 dB"", ""-1 dB"", ""0 dB"", ""+1 dB"", ""+2 dB"", ""+3 dB"", ""+4 dB"", ""+5 dB"", ""+6 dB"", ""+7 dB"", ""+8 dB"", ""+9 dB"", ""+10 dB"", ""+11 dB"", ""+12 dB"", ""+13 dB"", ""+14 dB"", ""+15 dB""]",,,"[""enum labels ui-derived from stringTable gain-15-1Table""]","{""file"": ""original-roland-files/Script/A8EE/Script.xml"", ""line"": 1724}"
fm.pat.mfx.spectrum-width,1F 00 02 31,int4x4,4,"[32768, 32772]",32768,PatchCommonMFX,mfx:SPECTRUM,script,-32768,"[""0.5"", ""1.0"", ""2.0"", ""4.0"", ""8.0""]",,,"[""enum labels ui-derived from stringTable qTable""]","{""file"": ""original-roland-files/Script/A8EE/Script.xml"", ""line"": 1732}"
fm.pat.mfx.spectrum-level,1F 00 02 35,int4x4,4,"[32768, 32895]",32895,PatchCommonMFX,mfx:SPECTRUM,script,-32768,,,,[],"{""file"": ""original-roland-files/Script/A8EE/Script.xml"", ""line"": 1740}"
fm.pat.mfx.isolator-loLevel,1F 00 02 11,int4x4,4,"[32768, 32832]",32828,PatchCommonMFX,mfx:ISOLATOR,script,-32768,"[""-60 dB"", ""-59 dB"", ""-58 dB"", ""-57 dB"", ""-56 dB"", ""-55 dB"", ""-54 dB"", ""-53 dB"", ""-52 dB"", ""-51 dB"", ""-50 dB"", ""-49 dB"", ""-48 dB"", ""-47 dB"", ""-46 dB"", ""-45 dB"", ""-44 dB"", ""-43 dB"", ""-42 dB"", ""-41 dB"", ""-40 dB"", ""-39 dB"", ""-38 dB"", ""-37 dB"", ""-36 dB"", ""-35 dB"", ""-34 dB"", ""-33 dB"", ""-32 dB"", ""-31 dB"", ""-30 dB"", ""-29 dB"", ""-28 dB"", ""-27 dB"", ""-26 dB"", ""-25 dB"", ""-24 dB"", ""-23 dB"", ""-22 dB"", ""-21 dB"", ""-20 dB"", ""-19 dB"", ""-18 dB"", ""-17 dB"", ""-16 dB"", ""-15 dB"", ""-14 dB"", ""-13 dB"", ""-12 dB"", ""-11 dB"", ""-10 dB"", ""-9 dB"", ""-8 dB"", ""-7 dB"", ""-6 dB"", ""-5 dB"", ""-4 dB"", ""-3 dB"", ""-2 dB"", ""-1 dB"", ""0 dB"", ""+1 dB"", ""+2 dB"", ""+3 dB"", ""+4 dB""]",,,"[""enum labels ui-derived from stringTable level-60-1Table""]","{""file"": ""original-roland-files/Script/A8EE/Script.xml"", ""line"": 1748}"
fm.pat.mfx.isolator-midLevel,1F 00 02 15,int4x4,4,"[32768, 32832]",32828,PatchCommonMFX,mfx:ISOLATOR,script,-32768,"[""-60 dB"", ""-59 dB"", ""-58 dB"", ""-57 dB"", ""-56 dB"", ""-55 dB"", ""-54 dB"", ""-53 dB"", ""-52 dB"", ""-51 dB"", ""-50 dB"", ""-49 dB"", ""-48 dB"", ""-47 dB"", ""-46 dB"", ""-45 dB"", ""-44 dB"", ""-43 dB"", ""-42 dB"", ""-41 dB"", ""-40 dB"", ""-39 dB"", ""-38 dB"", ""-37 dB"", ""-36 dB"", ""-35 dB"", ""-34 dB"", ""-33 dB"", ""-32 dB"", ""-31 dB"", ""-30 dB"", ""-29 dB"", ""-28 dB"", ""-27 dB"", ""-26 dB"", ""-25 dB"", ""-24 dB"", ""-23 dB"", ""-22 dB"", ""-21 dB"", ""-20 dB"", ""-19 dB"", ""-18 dB"", ""-17 dB"", ""-16 dB"", ""-15 dB"", ""-14 dB"", ""-13 dB"", ""-12 dB"", ""-11 dB"", ""-10 dB"", ""-9 dB"", ""-8 dB"", ""-7 dB"", ""-6 dB"", ""-5 dB"", ""-4 dB"", ""-3 dB"", ""-2 dB"", ""-1 dB"", ""0 dB"", ""+1 dB"", ""+2 dB"", ""+3 dB"", ""+4 dB""]",,,"[""enum labels ui-derived from stringTable level-60-1Table""]","{""file"": ""original-roland-files/Script/A8EE/Script.xml"", ""line"": 1756}"
fm.pat.mfx.isolator-hiLevel,1F 00 02 19,int4x4,4,"[32768, 32832]",32828,PatchCommonMFX,mfx:ISOLATOR,script,-32768,"[""-60 dB"", ""-59 dB"", ""-58 dB"", ""-57 dB"", ""-56 dB"", ""-55 dB"", ""-54 dB"", ""-53 dB"", ""-52 dB"", ""-51 dB"", ""-50 dB"", ""-49 dB"", ""-48 dB"", ""-47 dB"", ""-46 dB"", ""-45 dB"", ""-44 dB"", ""-43 dB"", ""-42 dB"", ""-41 dB"", ""-40 dB"", ""-39 dB"", ""-38 dB"", ""-37 dB"", ""-36 dB"", ""-35 dB"", ""-34 dB"", ""-33 dB"", ""-32 dB"", ""-31 dB"", ""-30 dB"", ""-29 dB"", ""-28 dB"", ""-27 dB"", ""-26 dB"", ""-25 dB"", ""-24 dB"", ""-23 dB"", ""-22 dB"", ""-21 dB"", ""-20 dB"", ""-19 dB"", ""-18 dB"", ""-17 dB"", ""-16 dB"", ""-15 dB"", ""-14 dB"", ""-13 dB"", ""-12 dB"", ""-11 dB"", ""-10 dB"", ""-9 dB"", ""-8 dB"", ""-7 dB"", ""-6 dB"", ""-5 dB"", ""-4 dB"", ""-3 dB"", ""-2 dB"", ""-1 dB"", ""0 dB"", ""+1 dB"", ""+2 dB"", ""+3 dB"", ""+4 dB""]",,,"[""enum labels ui-derived from stringTable level-60-1Table""]","{""file"": ""original-roland-files/Script/A8EE/Script.xml"", ""line"": 1764}"
fm.pat.mfx.isolator-loApSw,1F 00 02 1D,int4x4,4,"[32768, 32769]",32768,PatchCommonMFX,mfx:ISOLATOR,script,,,,,[],"{""file"": ""original-roland-files/Script/A8EE/Script.xml"", ""line"": 1772}"
fm.pat.mfx.isolator-loAp,1F 00 02 21,int4x4,4,"[32768, 32895]",32895,PatchCommonMFX,mfx:ISOLATOR,script,-32768,,,,[],"{""file"": ""original-roland-files/Script/A8EE/Script.xml"", ""line"": 1780}"
fm.pat.mfx.isolator-midApSw,1F 00 02 25,int4x4,4,"[32768, 32769]",32768,PatchCommonMFX,mfx:ISOLATOR,script,,,,,[],"{""file"": ""original-roland-files/Script/A8EE/Script.xml"", ""line"": 1788}"
fm.pat.mfx.isolator-midAp,1F 00 02 29,int4x4,4,"[32768, 32895]",32895,PatchCommonMFX,mfx:ISOLATOR,script,-32768,,,,[],"{""file"": ""original-roland-files/Script/A8EE/Script.xml"", ""line"": 1796}"
fm.pat.mfx.isolator-boostSw,1F 00 02 2D,int4x4,4,"[32768, 32769]",32768,PatchCommonMFX,mfx:ISOLATOR,script,,,,,[],"{""file"": ""original-roland-files/Script/A8EE/Script.xml"", ""line"": 1804}"
fm.pat.mfx.isolator-boostLevel,1F 00 02 31,int4x4,4,"[32768, 32895]",32832,PatchCommonMFX,mfx:ISOLATOR,script,-32768,,,,[],"{""file"": ""original-roland-files/Script/A8EE/Script.xml"", ""line"": 1812}"
fm.pat.mfx.isolator-level,1F 00 02 35,int4x4,4,"[32768, 32895]",32895,PatchCommonMFX,mfx:ISOLATOR,script,-32768,,,,[],"{""file"": ""original-roland-files/Script/A8EE/Script.xml"", ""line"": 1820}"
fm.pat.mfx.lowBoost-freq,1F 00 02 11,int4x4,4,"[32768, 32776]",32772,PatchCommonMFX,mfx:LOW BOOST,script,-32768,"[""50 Hz"", ""56 Hz"", ""63 Hz"", ""71 Hz"", ""80 Hz"", ""90 Hz"", ""100 Hz"", ""112 Hz"", ""125 Hz""]",,,"[""enum labels ui-derived from stringTable Boost-Freq-Table""]","{""file"": ""original-roland-files/Script/A8EE/Script.xml"", ""line"": 1828}"
fm.pat.mfx.lowBoost-gain,1F 00 02 15,int4x4,4,"[32768, 32780]",32774,PatchCommonMFX,mfx:LOW BOOST,script,-32768,"[""0 dB"", ""+1 dB"", ""+2 dB"", ""+3 dB"", ""+4 dB"", ""+5 dB"", ""+6 dB"", ""+7 dB"", ""+8 dB"", ""+9 dB"", ""+10 dB"", ""+11 dB"", ""+12 dB""]",,,"[""enum labels ui-derived from stringTable level-0-12Table""]","{""file"": ""original-roland-files/Script/A8EE/Script.xml"", ""line"": 1836}"
fm.pat.mfx.lowBoost-width,1F 00 02 19,int4x4,4,"[32768, 32770]",32768,PatchCommonMFX,mfx:LOW BOOST,script,,,,,[],"{""file"": ""original-roland-files/Script/A8EE/Script.xml"", ""line"": 1844}"
fm.pat.mfx.lowBoost-eqLo,1F 00 02 1D,int4x4,4,"[32768, 32798]",32783,PatchCommonMFX,mfx:LOW BOOST,script,-32768,"[""-15 dB"", ""-14 dB"", ""-13 dB"", ""-12 dB"", ""-11 dB"", ""-10 dB"", ""-9 dB"", ""-8 dB"", ""-7 dB"", ""-6 dB"", ""-5 dB"", ""-4 dB"", ""-3 dB"", ""-2 dB"", ""-1 dB"", ""0 dB"", ""+1 dB"", ""+2 dB"", ""+3 dB"", ""+4 dB"", ""+5 dB"", ""+6 dB"", ""+7 dB"", ""+8 dB"", ""+9 dB"", ""+10 dB"", ""+11 dB"", ""+12 dB"", ""+13 dB"", ""+14 dB"", ""+15 dB""]",,,"[""enum labels ui-derived from stringTable gain-15-1Table""]","{""file"": ""original-roland-files/Script/A8EE/Script.xml"", ""line"": 1852}"
fm.pat.mfx.lowBoost-eqHi,1F 00 02 21,int4x4,4,"[32768, 32798]",32783,PatchCommonMFX,mfx:LOW BOOST,script,-32768,"[""-15 dB"", ""-14 dB"", ""-13 dB"", ""-12 dB"", ""-11 dB"", ""-10 dB"", ""-9 dB"", ""-8 dB"", ""-7 dB"", ""-6 dB"", ""-5 dB"", ""-4 dB"", ""-3 dB"", ""-2 dB"", ""-1 dB"", ""0 dB"", ""+1 dB"", ""+2 dB"", ""+3 dB"", ""+4 dB"", ""+5 dB"", ""+6 dB"", ""+7 dB"", ""+8 dB"", ""+9 dB"", ""+10 dB"", ""+11 dB"", ""+12 dB"", ""+13 dB"", ""+14 dB"", ""+15 dB""]",,,"[""enum labels ui-derived from stringTable gain-15-1Table""]","{""file"": ""original-roland-files/Script/A8EE/Script.xml"", ""line"": 1860}"
fm.pat.mfx.lowBoost-level,1F 00 02 25,int4x4,4,"[32768, 32895]",32895,PatchCommonMFX,mfx:LOW BOOST,script,-32768,,,,[],"{""file"": ""original-roland-files/Script/A8EE/Script.xml"", ""line"": 1868}"
fm.pat.mfx.superFilter-filtType,1F 00 02 11,int4x4,4,"[32768, 32771]",32770,PatchCommonMFX,mfx:SUPER FILTER,script,,"[""LPF"", ""BPF"", ""HPF"", ""NOTCH""]",,,"[""enum labels ui-derived from stringTable filterTypeLpf-NotchTable""]","{""file"": ""original-roland-files/Script/A8EE/Script.xml"", ""line"": 1876}"
fm.pat.mfx.superFilter-filtSlope,1F 00 02 15,int4x4,4,"[32768, 32770]",32770,PatchCommonMFX,mfx:SUPER FILTER,script,,,,,[],"{""file"": ""original-roland-files/Script/A8EE/Script.xml"", ""line"": 1884}"
fm.pat.mfx.superFilter-filtCutoff,1F 00 02 19,int4x4,4,"[32768, 32895]",32798,PatchCommonMFX,mfx:SUPER FILTER,script,-32768,,,,[],"{""file"": ""original-roland-files/Script/A8EE/Script.xml"", ""line"": 1892}"
fm.pat.mfx.superFilter-filtReso,1F 00 02 1D,int4x4,4,"[32768, 32895]",32808,PatchCommonMFX,mfx:SUPER FILTER,script,-32768,,,,[],"{""file"": ""original-roland-files/Script/A8EE/Script.xml"", ""line"": 1900}"
fm.pat.mfx.superFilter-filtGain,1F 00 02 21,int4x4,4,"[32768, 32780]",32768,PatchCommonMFX,mfx:SUPER FILTER,script,-32768,"[""0 dB"", ""+1 dB"", ""+2 dB"", ""+3 dB"", ""+4 dB"", ""+5 dB"", ""+6 dB"", ""+7 dB"", ""+8 dB"", ""+9 dB"", ""+10 dB"", ""+11 dB"", ""+12 dB""]",,,"[""enum labels ui-derived from stringTable level-0-12Table""]","{""file"": ""original-roland-files/Script/A8EE/Script.xml"", ""line"": 1908}"
fm.pat.mfx.superFilter-modSw,1F 00 02 25,int4x4,4,"[32768, 32769]",32768,PatchCommonMFX,mfx:SUPER FILTER,script,,,,,[],"{""file"": ""original-roland-files/Script/A8EE/Script.xml"", ""line"": 1916}"
fm.pat.mfx.superFilter-modWave,1F 00 02 29,int4x4,4,"[32768, 32772]",32768,PatchCommonMFX,mfx:SUPER FILTER,script,,"[""TRI"", ""SQR"", ""SIN"", ""SAW1"", ""SAW2""]",,,"[""enum labels ui-derived from stringTable modurationWaveTable""]","{""file"": ""original-roland-files/Script/A8EE/Script.xml"", ""line"": 1924}"
fm.pat.mfx.superFilter-rateSync,1F 00 02 2D,int4x4,4,"[32768, 32769]",32768,PatchCommonMFX,mfx:SUPER FILTER,script,,,,,[],"{""file"": ""original-roland-files/Script/A8EE/Script.xml"", ""line"": 1932}"
fm.pat.mfx.superFilter-rateHz,1F 00 02 31,int4x4,4,"[32769, 32968]",32778,PatchCommonMFX,mfx:SUPER FILTER,script,-32768,"[""0.05"", ""0.10"", ""0.15"", ""0.20"", ""0.25"", ""0.30"", ""0.35"", ""0.40"", ""0.45"", ""0.50"", ""0.55"", ""0.60"", ""0.65"", ""0.70"", ""0.75"", ""0.80"", ""0.85"", ""0.90"", ""0.95"", ""1.00"", ""1.05"", ""1.10"", ""1.15"", ""1.20"", ""1.25"", ""1.30"", ""1.35"", ""1.40"", ""1.45"", ""1.50"", ""1.55"", ""1.60"", ""1.65"", ""1.70"", ""1.75"", ""1.80"", ""1.85"", ""1.90"", ""1.95"", ""2.00"", ""2.05"", ""2.10"", ""2.15"", ""2.20"", ""2.25"", ""2.30"", ""2.35"", ""2.40"", ""2.45"", ""2.50"", ""2.55"", ""2.60"", ""2.65"", ""2.70"", ""2.75"", ""2.80"", ""2.85"", ""2.90"", ""2.95"", ""3.00"", ""3.05"", ""3.10"", ""3.15"", ""3.20"", ""3.25"", ""3.30"", ""3.35"", ""3.40"", ""3.45"", ""3.50"", ""3.55"", ""3.60"", ""3.65"", ""3.70"", ""3.75"", ""3.80"", ""3.85"", ""3.90"", ""3.95"", ""4.00"", ""4.05"", ""4.10"", ""4.15"", ""4.20"", ""4.25"", ""4.30"", ""4.35"", ""4.40"", ""4.45"", ""4.50"", ""4.55"", ""4.60"", ""4.65"", ""4.70"", ""4.75"", ""4.80"", ""4.85"", ""4.90"", ""4.95"", ""5.00"", ""5.05"", ""5.10"", ""5.15"", ""5.20"", ""5.25"", ""5.30"", ""5.35"", ""5.40"", ""5.45"", ""5.50"", ""5.55"", ""5.60"", ""5.65"", ""5.70"", ""5.75"", ""5.80"", ""5.85"", ""5.90"", ""5.95"", ""6.00"", ""6.05"", ""6.10"", ""6.15"", ""6.20"", ""6.25"", ""6.30"", ""6.35"", ""6.40"", ""6.45"", ""6.50"", ""6.55"", ""6.60"", ""6.65"", ""6.70"", ""6.75"", ""6.80"", ""6.85"", ""6.90"", ""6.95"", ""7.00"", ""7.05"", ""7.10"", ""7.15"", ""7.20"", ""7.25"", ""7.30"", ""7.35"", ""7.40"", ""7.45"", ""7.50"", ""7.55"", ""7.60"", ""7.65"", ""7.70"", ""7.75"", ""7.80"", ""7.85"", ""7.90"", ""7.95"", ""8.00"", ""8.05"", ""8.10"", ""8.15"", ""8.20"", ""8.25"", ""8.30"", ""8.35"", ""8.40"", ""8.45"", ""8.50"", ""8.55"", ""8.60"", ""8.65"", ""8.70"", ""8.75"", ""8.80"", ""8.85"", ""8.90"", ""8.95"", ""9.00"", ""9.05"", ""9.10"", ""9.15"", ""9.20"", ""9.25"", ""9.30"", ""9.35"", ""9.40"", ""9.45"", ""9.50"", ""9.55"", ""9.60"", ""9.65"", ""9.70"", ""9.75"", ""9.80"", ""9.85"", ""9.90"", ""9.95"", ""10.00""]",,,"[""enum labels ui-derived from stringTable rateHz-10.00Table""]","{""file"": ""original-roland-files/Script/A8EE/Script.xml"", ""line"": 1940}"
fm.pat.mfx.superFilter-rateNote,1F 00 02 35,int4x4,4,"[32768, 32789]",32786,PatchCommonMFX,mfx:SUPER FILTER,script,,,,,[],"{""file"": ""original-roland-files/Script/A8EE/Script.xml"", ""line"": 1948}"
fm.pat.mfx.superFilter-depth,1F 00 02 39,int4x4,4,"[32768, 32895]",32808,PatchCommonMFX,mfx:SUPER FILTER,script,-32768,,,,[],"{""file"": ""original-roland-files/Script/A8EE/Script.xml"", ""line"": 1956}"
fm.pat.mfx.superFilter-attack,1F 00 02 3D,int4x4,4,"[32768, 32895]",32818,PatchCommonMFX,mfx:SUPER FILTER,script,-32768,,,,[],"{""file"": ""original-roland-files/Script/A8EE/Script.xml"", ""line"": 1964}"
fm.pat.mfx.superFilter-level,1F 00 02 41,int4x4,4,"[32768, 32895]",32895,PatchCommonMFX,mfx:SUPER FILTER,script,-32768,,,,[],"{""file"": ""original-roland-files/Script/A8EE/Script.xml"", ""line"": 1972}"
fm.pat.mfx.stepFilter-step01,1F 00 02 11,int4x4,4,"[32768, 32895]",32828,PatchCommonMFX,mfx:STEP FILTER,script,-32768,,,,[],"{""file"": ""original-roland-files/Script/A8EE/Script.xml"", ""line"": 1980}"
fm.pat.mfx.stepFilter-step02,1F 00 02 15,int4x4,4,"[32768, 32895]",32798,PatchCommonMFX,mfx:STEP FILTER,script,-32768,,,,[],"{""file"": ""original-roland-files/Script/A8EE/Script.xml"", ""line"": 1988}"
fm.pat.mfx.stepFilter-step03,1F 00 02 19,int4x4,4,"[32768, 32895]",32828,PatchCommonMFX,mfx:STEP FILTER,script,-32768,,,,[],"{""file"": ""original-roland-files/Script/A8EE/Script.xml"", ""line"": 1996}"
fm.pat.mfx.stepFilter-step04,1F 00 02 1D,int4x4,4,"[32768, 32895]",32798,PatchCommonMFX,mfx:STEP FILTER,script,-32768,,,,[],"{""file"": ""original-roland-files/Script/A8EE/Script.xml"", ""line"": 2004}"
fm.pat.mfx.stepFilter-step05,1F 00 02 21,int4x4,4,"[32768, 32895]",32828,PatchCommonMFX,mfx:STEP FILTER,script,-32768,,,,[],"{""file"": ""original-roland-files/Script/A8EE/Script.xml"", ""line"": 2012}"
fm.pat.mfx.stepFilter-step06,1F 00 02 25,int4x4,4,"[32768, 32895]",32798,PatchCommonMFX,mfx:STEP FILTER,script,-32768,,,,[],"{""file"": ""original-roland-files/Script/A8EE/Script.xml"", ""line"": 2020}"
fm.pat.mfx.stepFilter-step07,1F 00 02 29,int4x4,4,"[32768, 32895]",32828,PatchCommonMFX,mfx:STEP FILTER,script,-32768,,,,[],"{""file"": ""original-roland-files/Script/A8EE/Script.xml"", ""line"": 2028}"
fm.pat.mfx.stepFilter-step08,1F 00 02 2D,int4x4,4,"[32768, 32895]",32798,PatchCommonMFX,mfx:STEP FILTER,script,-32768,,,,[],"{""file"": ""original-roland-files/Script/A8EE/Script.xml"", ""line"": 2036}"
fm.pat.mfx.stepFilter-step09,1F 00 02 31,int4x4,4,"[32768, 32895]",32828,PatchCommonMFX,mfx:STEP FILTER,script,-32768,,,,[],"{""file"": ""original-roland-files/Script/A8EE/Script.xml"", ""line"": 2044}"
fm.pat.mfx.stepFilter-step10,1F 00 02 35,int4x4,4,"[32768, 32895]",32828,PatchCommonMFX,mfx:STEP FILTER,script,-32768,,,,[],"{""file"": ""original-roland-files/Script/A8EE/Script.xml"", ""line"": 2052}"
fm.pat.mfx.stepFilter-step11,1F 00 02 39,int4x4,4,"[32768, 32895]",32798,PatchCommonMFX,mfx:STEP FILTER,script,-32768,,,,[],"{""file"": ""original-roland-files/Script/A8EE/Script.xml"", ""line"": 2060}"
fm.pat.mfx.stepFilter-step12,1F 00 02 3D,int4x4,4,"[32768, 32895]",32828,PatchCommonMFX,mfx:STEP FILTER,script,-32768,,,,[],"{""file"": ""original-roland-files/Script/A8EE/Script.xml"", ""line"": 2068}"
fm.pat.mfx.stepFilter-step13,1F 00 02 41,int4x4,4,"[32768, 32895]",32828,PatchCommonMFX,mfx:STEP FILTER,script,-32768,,,,[],"{""file"": ""original-roland-files/Script/A8EE/Script.xml"", ""line"": 2076}"
fm.pat.mfx.stepFilter-step14,1F 00 02 45,int4x4,4,"[32768, 32895]",32798,PatchCommonMFX,mfx:STEP FILTER,script,-32768,,,,[],"{""file"": ""original-roland-files/Script/A8EE/Script.xml"", ""line"": 2084}"
fm.pat.mfx.stepFilter-step15,1F 00 02 49,int4x4,4,"[32768, 32895]",32828,PatchCommonMFX,mfx:STEP FILTER,script,-32768,,,,[],"{""file"": ""original-roland-files/Script/A8EE/Script.xml"", ""line"": 2092}"
fm.pat.mfx.stepFilter-step16,1F 00 02 4D,int4x4,4,"[32768, 32895]",32798,PatchCommonMFX,mfx:STEP FILTER,script,-32768,,,,[],"{""file"": ""original-roland-files/Script/A8EE/Script.xml"", ""line"": 2100}"
fm.pat.mfx.stepFilter-rateSync,1F 00 02 51,int4x4,4,"[32768, 32769]",32768,PatchCommonMFX,mfx:STEP FILTER,script,,,,,[],"{""file"": ""original-roland-files/Script/A8EE/Script.xml"", ""line"": 2108}"
fm.pat.mfx.stepFilter-rateHz,1F 00 02 55,int4x4,4,"[32769, 32968]",32778,PatchCommonMFX,mfx:STEP FILTER,script,-32768,"[""0.05"", ""0.10"", ""0.15"", ""0.20"", ""0.25"", ""0.30"", ""0.35"", ""0.40"", ""0.45"", ""0.50"", ""0.55"", ""0.60"", ""0.65"", ""0.70"", ""0.75"", ""0.80"", ""0.85"", ""0.90"", ""0.95"", ""1.00"", ""1.05"", ""1.10"", ""1.15"", ""1.20"", ""1.25"", ""1.30"", ""1.35"", ""1.40"", ""1.45"", ""1.50"", ""1.55"", ""1.60"", ""1.65"", ""1.70"", ""1.75"", ""1.80"", ""1.85"", ""1.90"", ""1.95"", ""2.00"", ""2.05"", ""2.10"", ""2.15"", ""2.20"", ""2.25"", ""2.30"", ""2.35"", ""2.40"", ""2.45"", ""2.50"", ""2.55"", ""2.60"", ""2.65"", ""2.70"", ""2.75"", ""2.80"", ""2.85"", ""2.90"", ""2.95"", ""3.00"", ""3.05"", ""3.10"", ""3.15"", ""3.20"", ""3.25"", ""3.30"", ""3.35"", ""3.40"", ""3.45"", ""3.50"", ""3.55"", ""3.60"", ""3.65"", ""3.70"", ""3.75"", ""3.80"", ""3.85"", ""3.90"", ""3.95"", ""4.00"", ""4.05"", ""4.10"", ""4.15"", ""4.20"", ""4.25"", ""4.30"", ""4.35"", ""4.40"", ""4.45"", ""4.50"", ""4.55"", ""4.60"", ""4.65"", ""4.70"", ""4.75"", ""4.80"", ""4.85"", ""4.90"", ""4.95"", ""5.00"", ""5.05"", ""5.10"", ""5.15"", ""5.20"", ""5.25"", ""5.30"", ""5.35"", ""5.40"", ""5.45"", ""5.50"", ""5.55"", ""5.60"", ""5.65"", ""5.70"", ""5.75"", ""5.80"", ""5.85"", ""5.90"", ""5.95"", ""6.00"", ""6.05"", ""6.10"", ""6.15"", ""6.20"", ""6.25"", ""6.30"", ""6.35"", ""6.40"", ""6.45"", ""6.50"", ""6.55"", ""6.60"", ""6.65"", ""6.70"", ""6.75"", ""6.80"", ""6.85"", ""6.90"", ""6.95"", ""7.00"", ""7.05"", ""7.10"", ""7.15"", ""7.20"", ""7.25"", ""7.30"", ""7.35"", ""7.40"", ""7.45"", ""7.50"", ""7.55"", ""7.60"", ""7.65"", ""7.70"", ""7.75"", ""7.80"", ""7.85"", ""7.90"", ""7.95"", ""8.00"", ""8.05"", ""8.10"", ""8.15"", ""8.20"", ""8.25"", ""8.30"", ""8.35"", ""8.40"", ""8.45"", ""8.50"", ""8.55"", ""8.60"", ""8.65"", ""8.70"", ""8.75"", ""8.80"", ""8.85"", ""8.90"", ""8.95"", ""9.00"", ""9.05"", ""9.10"", ""9.15"", ""9.20"", ""9.25"", ""9.30"", ""9.35"", ""9.40"", ""9.45"", ""9.50"", ""9.55"", ""9.60"", ""9.65"", ""9.70"", ""9.75"", ""9.80"", ""9.85"", ""9.90"", ""9.95"", ""10.00""]",,,"[""enum labels ui-derived from stringTable rateHz-10.00Table""]","{""file"": ""original-roland-files/Script/A8EE/Script.xml"", ""line"": 2116}"
fm.pat.mfx.stepFilter-rateNote,1F 00 02 59,int4x4,4,"[32768, 32789]",32786,PatchCommonMFX,mfx:STEP FILTER,script,,,,,[],"{""file"": ""original-roland-files/Script/A8EE/Script.xml"", ""line"": 2124}"
fm.pat.mfx.stepFilter-attack,1F 00 02 5D,int4x4,4,"[32768, 32895]",32818,PatchCommonMFX,mfx:STEP FILTER,script,-32768,,,,[],"{""file"": ""original-roland-files/Script/A8EE/Script.xml"", ""line"": 2132}"
fm.pat.mfx.stepFilter-filtType,1F 00 02 61,int4x4,4,"[32768, 32771]",32770,PatchCommonMFX,mfx:STEP FILTER,script,,"[""LPF"", ""BPF"", ""HPF"", ""NOTCH""]",,,"[""enum labels ui-derived from stringTable filterTypeLpf-NotchTable""]","{""file"": ""original-roland-files/Script/A8EE/Script.xml"", ""line"": 2140}"
fm.pat.mfx.stepFilter-filtSlope,1F 00 02 65,int4x4,4,"[32768, 32770]",32770,PatchCommonMFX,mfx:STEP FILTER,script,,,,,[],"{""file"": ""original-roland-files/Script/A8EE/Script.xml"", ""line"": 2148}"
fm.pat.mfx.stepFilter-filtReso,1F 00 02 69,int4x4,4,"[32768, 32895]",32808,PatchCommonMFX,mfx:STEP FILTER,script,-32768,,,,[],"{""file"": ""original-roland-files/Script/A8EE/Script.xml"", ""line"": 2156}"
fm.pat.mfx.stepFilter-filtGain,1F 00 02 6D,int4x4,4,"[32768, 32780]",32768,PatchCommonMFX,mfx:STEP FILTER,script,-32768,"[""0 dB"", ""+1 dB"", ""+2 dB"", ""+3 dB"", ""+4 dB"", ""+5 dB"", ""+6 dB"", ""+7 dB"", ""+8 dB"", ""+9 dB"", ""+10 dB"", ""+11 dB"", ""+12 dB""]",,,"[""enum labels ui-derived from stringTable level-0-12Table""]","{""file"": ""original-roland-files/Script/A8EE/Script.xml"", ""line"": 2164}"
fm.pat.mfx.stepFilter-level,1F 00 02 71,int4x4,4,"[32768, 32895]",32895,PatchCommonMFX,mfx:STEP FILTER,script,-32768,,,,[],"{""file"": ""original-roland-files/Script/A8EE/Script.xml"", ""line"": 2172}"
fm.pat.mfx.enhancer-sens,1F 00 02 11,int4x4,4,"[32768, 32895]",32832,PatchCommonMFX,mfx:ENHANCER,script,-32768,,,,[],"{""file"": ""original-roland-files/Script/A8EE/Script.xml"", ""line"": 2180}"
fm.pat.mfx.enhancer-mix,1F 00 02 15,int4x4,4,"[32768, 32895]",32832,PatchCommonMFX,mfx:ENHANCER,script,-32768,,,,[],"{""file"": ""original-roland-files/Script/A8EE/Script.xml"", ""line"": 2188}"
fm.pat.mfx.enhancer-eqLo,1F 00 02 19,int4x4,4,"[32768, 32798]",32783,PatchCommonMFX,mfx:ENHANCER,script,-32768,"[""-15 dB"", ""-14 dB"", ""-13 dB"", ""-12 dB"", ""-11 dB"", ""-10 dB"", ""-9 dB"", ""-8 dB"", ""-7 dB"", ""-6 dB"", ""-5 dB"", ""-4 dB"", ""-3 dB"", ""-2 dB"", ""-1 dB"", ""0 dB"", ""+1 dB"", ""+2 dB"", ""+3 dB"", ""+4 dB"", ""+5 dB"", ""+6 dB"", ""+7 dB"", ""+8 dB"", ""+9 dB"", ""+10 dB"", ""+11 dB"", ""+12 dB"", ""+13 dB"", ""+14 dB"", ""+15 dB""]",,,"[""enum labels ui-derived from stringTable gain-15-1Table""]","{""file"": ""original-roland-files/Script/A8EE/Script.xml"", ""line"": 2196}"
fm.pat.mfx.enhancer-eqHi,1F 00 02 1D,int4x4,4,"[32768, 32798]",32783,PatchCommonMFX,mfx:ENHANCER,script,-32768,"[""-15 dB"", ""-14 dB"", ""-13 dB"", ""-12 dB"", ""-11 dB"", ""-10 dB"", ""-9 dB"", ""-8 dB"", ""-7 dB"", ""-6 dB"", ""-5 dB"", ""-4 dB"", ""-3 dB"", ""-2 dB"", ""-1 dB"", ""0 dB"", ""+1 dB"", ""+2 dB"", ""+3 dB"", ""+4 dB"", ""+5 dB"", ""+6 dB"", ""+7 dB"", ""+8 dB"", ""+9 dB"", ""+10 dB"", ""+11 dB"", ""+12 dB"", ""+13 dB"", ""+14 dB"", ""+15 dB""]",,,"[""enum labels ui-derived from stringTable gain-15-1Table""]","{""file"": ""original-roland-files/Script/A8EE/Script.xml"", ""line"": 2204}"
fm.pat.mfx.enhancer-level,1F 00 02 21,int4x4,4,"[32768, 32895]",32895,PatchCommonMFX,mfx:ENHANCER,script,-32768,,,,[],"{""file"": ""original-roland-files/Script/A8EE/Script.xml"", ""line"": 2212}"
fm.pat.mfx.autoWah-mode,1F 00 02 11,int4x4,4,"[32768, 32769]",32769,PatchCommonMFX,mfx:AUTO WAH,script,,,,,[],"{""file"": ""original-roland-files/Script/A8EE/Script.xml"", ""line"": 2220}"
fm.pat.mfx.autoWah-manual,1F 00 02 15,int4x4,4,"[32768, 32895]",32828,PatchCommonMFX,mfx:AUTO WAH,script,-32768,,,,[],"{""file"": ""original-roland-files/Script/A8EE/Script.xml"", ""line"": 2228}"
fm.pat.mfx.autoWah-peak,1F 00 02 19,int4x4,4,"[32768, 32895]",32808,PatchCommonMFX,mfx:AUTO WAH,script,-32768,,,,[],"{""file"": ""original-roland-files/Script/A8EE/Script.xml"", ""line"": 2236}"
fm.pat.mfx.autoWah-sens,1F 00 02 1D,int4x4,4,"[32768, 32895]",32768,PatchCommonMFX,mfx:AUTO WAH,script,-32768,,,,[],"{""file"": ""original-roland-files/Script/A8EE/Script.xml"", ""line"": 2244}"
fm.pat.mfx.autoWah-polarity,1F 00 02 21,int4x4,4,"[32768, 32769]",32768,PatchCommonMFX,mfx:AUTO WAH,script,,,,,[],"{""file"": ""original-roland-files/Script/A8EE/Script.xml"", ""line"": 2252}"
fm.pat.mfx.autoWah-rateSync,1F 00 02 25,int4x4,4,"[32768, 32769]",32768,PatchCommonMFX,mfx:AUTO WAH,script,,,,,[],"{""file"": ""original-roland-files/Script/A8EE/Script.xml"", ""line"": 2261}"
fm.pat.mfx.autoWah-rateHz,1F 00 02 29,int4x4,4,"[32769, 32968]",32808,PatchCommonMFX,mfx:AUTO WAH,script,-32768,"[""0.05"", ""0.10"", ""0.15"", ""0.20"", ""0.25"", ""0.30"", ""0.35"", ""0.40"", ""0.45"", ""0.50"", ""0.55"", ""0.60"", ""0.65"", ""0.70"", ""0.75"", ""0.80"", ""0.85"", ""0.90"", ""0.95"", ""1.00"", ""1.05"", ""1.10"", ""1.15"", ""1.20"", ""1.25"", ""1.30"", ""1.35"", ""1.40"", ""1.45"", ""1.50"", ""1.55"", ""1.60"", ""1.65"", ""1.70"", ""1.75"", ""1.80"", ""1.85"", ""1.90"", ""1.95"", ""2.00"", ""2.05"", ""2.10"", ""2.15"", ""2.20"", ""2.25"", ""2.30"", ""2.35"", ""2.40"", ""2.45"", ""2.50"", ""2.55"", ""2.60"", ""2.65"", ""2.70"", ""2.75"", ""2.80"", ""2.85"", ""2.90"", ""2.95"", ""3.00"", ""3.05"", ""3.10"", ""3.15"", ""3.20"", ""3.25"", ""3.30"", ""3.35"", ""3.40"", ""3.45"", ""3.50"", ""3.55"", ""3.60"", ""3.65"", ""3.70"", ""3.75"", ""3.80"", ""3.85"", ""3.90"", ""3.95"", ""4.00"", ""4.05"", ""4.10"", ""4.15"", ""4.20"", ""4.25"", ""4.30"", ""4.35"", ""4.40"", ""4.45"", ""4.50"", ""4.55"", ""4.60"", ""4.65"", ""4.70"", ""4.75"", ""4.80"", ""4.85"", ""4.90"", ""4.95"", ""5.00"", ""5.05"", ""5.10"", ""5.15"", ""5.20"", ""5.25"", ""5.30"", ""5.35"", ""5.40"", ""5.45"", ""5.50"", ""5.55"", ""5.60"", ""5.65"", ""5.70"", ""5.75"", ""5.80"", ""5.85"", ""5.90"", ""5.95"", ""6.00"", ""6.05"", ""6.10"", ""6.15"", ""6.20"", ""6.25"", ""6.30"", ""6.35"", ""6.40"", ""6.45"", ""6.50"", ""6.55"", ""6.60"", ""6.65"", ""6.70"", ""6.75"", ""6.80"", ""6.85"", ""6.90"", ""6.95"", ""7.00"", ""7.05"", ""7.10"", ""7.15"", ""7.20"", ""7.25"", ""7.30"", ""7.35"", ""7.40"", ""7.45"", ""7.50"", ""7.55"", ""7.60"", ""7.65"", ""7.70"", ""7.75"", ""7.80"", ""7.85"", ""7.90"", ""7.95"", ""8.00"", ""8.05"", ""8.10"", ""8.15"", ""8.20"", ""8.25"", ""8.30"", ""8.35"", ""8.40"", ""8.45"", ""8.50"", ""8.55"", ""8.60"", ""8.65"", ""8.70"", ""8.75"", ""8.80"", ""8.85"", ""8.90"", ""8.95"", ""9.00"", ""9.05"", ""9.10"", ""9.15"", ""9.20"", ""9.25"", ""9.30"", ""9.35"", ""9.40"", ""9.45"", ""9.50"", ""9.55"", ""9.60"", ""9.65"", ""9.70"", ""9.75"", ""9.80"", ""9.85"", ""9.90"", ""9.95"", ""10.00""]",,,"[""enum labels ui-derived from stringTable rateHz-10.00Table""]","{""file"": ""original-roland-files/Script/A8EE/Script.xml"", ""line"": 2269}"
fm.pat.mfx.autoWah-rateNote,1F 00 02 2D,int4x4,4,"[32768, 32789]",32780,PatchCommonMFX,mfx:AUTO WAH,script,,,,,[],"{""file"": ""original-roland-files/Script/A8EE/Script.xml"", ""line"": 2277}"
fm.pat.mfx.autoWah-depth,1F 00 02 31,int4x4,4,"[32768, 32895]",32828,PatchCommonMFX,mfx:AUTO WAH,script,-32768,,,,[],"{""file"": ""original-roland-files/Script/A8EE/Script.xml"", ""line"": 2285}"
fm.pat.mfx.autoWah-phs,1F 00 02 35,int4x4,4,"[32768, 32858]",32768,PatchCommonMFX,mfx:AUTO WAH,script,-32768,,,,[],"{""file"": ""original-roland-files/Script/A8EE/Script.xml"", ""line"": 2293}"
fm.pat.mfx.autoWah-eqLo,1F 00 02 39,int4x4,4,"[32768, 32798]",32783,PatchCommonMFX,mfx:AUTO WAH,script,-32768,"[""-15 dB"", ""-14 dB"", ""-13 dB"", ""-12 dB"", ""-11 dB"", ""-10 dB"", ""-9 dB"", ""-8 dB"", ""-7 dB"", ""-6 dB"", ""-5 dB"", ""-4 dB"", ""-3 dB"", ""-2 dB"", ""-1 dB"", ""0 dB"", ""+1 dB"", ""+2 dB"", ""+3 dB"", ""+4 dB"", ""+5 dB"", ""+6 dB"", ""+7 dB"", ""+8 dB"", ""+9 dB"", ""+10 dB"", ""+11 dB"", ""+12 dB"", ""+13 dB"", ""+14 dB"", ""+15 dB""]",,,"[""enum labels ui-derived from stringTable gain-15-1Table""]","{""file"": ""original-roland-files/Script/A8EE/Script.xml"", ""line"": 2301}"
fm.pat.mfx.autoWah-eqHi,1F 00 02 3D,int4x4,4,"[32768, 32798]",32783,PatchCommonMFX,mfx:AUTO WAH,script,-32768,"[""-15 dB"", ""-14 dB"", ""-13 dB"", ""-12 dB"", ""-11 dB"", ""-10 dB"", ""-9 dB"", ""-8 dB"", ""-7 dB"", ""-6 dB"", ""-5 dB"", ""-4 dB"", ""-3 dB"", ""-2 dB"", ""-1 dB"", ""0 dB"", ""+1 dB"", ""+2 dB"", ""+3 dB"", ""+4 dB"", ""+5 dB"", ""+6 dB"", ""+7 dB"", ""+8 dB"", ""+9 dB"", ""+10 dB"", ""+11 dB"", ""+12 dB"", ""+13 dB"", ""+14 dB"", ""+15 dB""]",,,"[""enum labels ui-derived from stringTable gain-15-1Table""]","{""file"": ""original-roland-files/Script/A8EE/Script.xml"", ""line"": 2309}"
fm.pat.mfx.autoWah-level,1F 00 02 41,int4x4,4,"[32768, 32895]",32895,PatchCommonMFX,mfx:AUTO WAH,script,-32768,,,,[],"{""file"": ""original-roland-files/Script/A8EE/Script.xml"", ""line"": 2317}"
fm.pat.mfx.humanizer-driveSw,1F 00 02 11,int4x4,4,"[32768, 32769]",32769,PatchCommonMFX,mfx:HUMANIZER,script,,,,,[],"{""file"": ""original-roland-files/Script/A8EE/Script.xml"", ""line"": 2325}"
fm.pat.mfx.humanizer-drv,1F 00 02 15,int4x4,4,"[32768, 32895]",32895,PatchCommonMFX,mfx:HUMANIZER,script,-32768,,,,[],"{""file"": ""original-roland-files/Script/A8EE/Script.xml"", ""line"": 2333}"
fm.pat.mfx.humanizer-vowel1,1F 00 02 19,int4x4,4,"[32768, 32772]",32772,PatchCommonMFX,mfx:HUMANIZER,script,-32768,"[""a"", ""e"", ""i"", ""o"", ""u""]",,,"[""enum labels ui-derived from stringTable vowelTable""]","{""file"": ""original-roland-files/Script/A8EE/Script.xml"", ""line"": 2341}"
fm.pat.mfx.humanizer-vowel2,1F 00 02 1D,int4x4,4,"[32768, 32772]",32768,PatchCommonMFX,mfx:HUMANIZER,script,-32768,"[""a"", ""e"", ""i"", ""o"", ""u""]",,,"[""enum labels ui-derived from stringTable vowelTable""]","{""file"": ""original-roland-files/Script/A8EE/Script.xml"", ""line"": 2349}"
fm.pat.mfx.humanizer-rateSync,1F 00 02 21,int4x4,4,"[32768, 32769]",32768,PatchCommonMFX,mfx:HUMANIZER,script,,,,,[],"{""file"": ""original-roland-files/Script/A8EE/Script.xml"", ""line"": 2357}"
fm.pat.mfx.humanizer-rateHz,1F 00 02 25,int4x4,4,"[32769, 32968]",32778,PatchCommonMFX,mfx:HUMANIZER,script,-32768,"[""0.05"", ""0.10"", ""0.15"", ""0.20"", ""0.25"", ""0.30"", ""0.35"", ""0.40"", ""0.45"", ""0.50"", ""0.55"", ""0.60"", ""0.65"", ""0.70"", ""0.75"", ""0.80"", ""0.85"", ""0.90"", ""0.95"", ""1.00"", ""1.05"", ""1.10"", ""1.15"", ""1.20"", ""1.25"", ""1.30"", ""1.35"", ""1.40"", ""1.45"", ""1.50"", ""1.55"", ""1.60"", ""1.65"", ""1.70"", ""1.75"", ""1.80"", ""1.85"", ""1.90"", ""1.95"", ""2.00"", ""2.05"", ""2.10"", ""2.15"", ""2.20"", ""2.25"", ""2.30"", ""2.35"", ""2.40"", ""2.45"", ""2.50"", ""2.55"", ""2.60"", ""2.65"", ""2.70"", ""2.75"", ""2.80"", ""2.85"", ""2.90"", ""2.95"", ""3.00"", ""3.05"", ""3.10"", ""3.15"", ""3.20"", ""3.25"", ""3.30"", ""3.35"", ""3.40"", ""3.45"", ""3.50"", ""3.55"", ""3.60"", ""3.65"", ""3.70"", ""3.75"", ""3.80"", ""3.85"", ""3.90"", ""3.95"", ""4.00"", ""4.05"", ""4.10"", ""4.15"", ""4.20"", ""4.25"", ""4.30"", ""4.35"", ""4.40"", ""4.45"", ""4.50"", ""4.55"", ""4.60"", ""4.65"", ""4.70"", ""4.75"", ""4.80"", ""4.85"", ""4.90"", ""4.95"", ""5.00"", ""5.05"", ""5.10"", ""5.15"", ""5.20"", ""5.25"", ""5.30"", ""5.35"", ""5.40"", ""5.45"", ""5.50"", ""5.55"", ""5.60"", ""5.65"", ""5.70"", ""5.75"", ""5.80"", ""5.85"", ""5.90"", ""5.95"", ""6.00"", ""6.05"", ""6.10"", ""6.15"", ""6.20"", ""6.25"", ""6.30"", ""6.35"", ""6.40"", ""6.45"", ""6.50"", ""6.55"", ""6.60"", ""6.65"", ""6.70"", ""6.75"", ""6.80"", ""6.85"", ""6.90"", ""6.95"", ""7.00"", ""7.05"", ""7.10"", ""7.15"", ""7.20"", ""7.25"", ""7.30"", ""7.35"", ""7.40"", ""7.45"", ""7.50"", ""7.55"", ""7.60"", ""7.65"", ""7.70"", ""7.75"", ""7.80"", ""7.85"", ""7.90"", ""7.95"", ""8.00"", ""8.05"", ""8.10"", ""8.15"", ""8.20"", ""8.25"", ""8.30"", ""8.35"", ""8.40"", ""8.45"", ""8.50"", ""8.55"", ""8.60"", ""8.65"", ""8.70"", ""8.75"", ""8.80"", ""8.85"", ""8.90"", ""8.95"", ""9.00"", ""9.05"", ""9.10"", ""9.15"", ""9.20"", ""9.25"", ""9.30"", ""9.35"", ""9.40"", ""9.45"", ""9.50"", ""9.55"", ""9.60"", ""9.65"", ""9.70"", ""9.75"", ""9.80"", ""9.85"", ""9.90"", ""9.95"", ""10.00""]",,,"[""enum labels ui-derived from stringTable rateHz-10.00Table""]","{""file"": ""original-roland-files/Script/A8EE/Script.xml"", ""line"": 2365}"
fm.pat.mfx.humanizer-rateNote,1F 00 02 29,int4x4,4,"[32768, 32789]",32786,PatchCommonMFX,mfx:HUMANIZER,script,,,,,[],"{""file"": ""original-roland-files/Script/A8EE/Script.xml"", ""line"": 2373}"
fm.pat.mfx.humanizer-depth,1F 00 02 2D,int4x4,4,"[32768, 32895]",32895,PatchCommonMFX,mfx:HUMANIZER,script,-32768,,,,[],"{""file"": ""original-roland-files/Script/A8EE/Script.xml"", ""line"": 2381}"
fm.pat.mfx.humanizer-ksSw,1F 00 02 31,int4x4,4,"[32768, 32769]",32768,PatchCommonMFX,mfx:HUMANIZER,script,,,,,[],"{""file"": ""original-roland-files/Script/A8EE/Script.xml"", ""line"": 2389}"
fm.pat.mfx.humanizer-ksThre,1F 00 02 35,int4x4,4,"[32768, 32895]",32828,PatchCommonMFX,mfx:HUMANIZER,script,-32768,,,,[],"{""file"": ""original-roland-files/Script/A8EE/Script.xml"", ""line"": 2397}"
fm.pat.mfx.humanizer-manual,1F 00 02 39,int4x4,4,"[32768, 32868]",32818,PatchCommonMFX,mfx:HUMANIZER,script,-32768,,,,[],"{""file"": ""original-roland-files/Script/A8EE/Script.xml"", ""line"": 2405}"
fm.pat.mfx.humanizer-eqLo,1F 00 02 3D,int4x4,4,"[32768, 32798]",32783,PatchCommonMFX,mfx:HUMANIZER,script,-32768,"[""-15 dB"", ""-14 dB"", ""-13 dB"", ""-12 dB"", ""-11 dB"", ""-10 dB"", ""-9 dB"", ""-8 dB"", ""-7 dB"", ""-6 dB"", ""-5 dB"", ""-4 dB"", ""-3 dB"", ""-2 dB"", ""-1 dB"", ""0 dB"", ""+1 dB"", ""+2 dB"", ""+3 dB"", ""+4 dB"", ""+5 dB"", ""+6 dB"", ""+7 dB"", ""+8 dB"", ""+9 dB"", ""+10 dB"", ""+11 dB"", ""+12 dB"", ""+13 dB"", ""+14 dB"", ""+15 dB""]",,,"[""enum labels ui-derived from stringTable gain-15-1Table""]","{""file"": ""original-roland-files/Script/A8EE/Script.xml"", ""line"": 2413}"
fm.pat.mfx.humanizer-eqHi,1F 00 02 41,int4x4,4,"[32768, 32798]",32783,PatchCommonMFX,mfx:HUMANIZER,script,-32768,"[""-15 dB"", ""-14 dB"", ""-13 dB"", ""-12 dB"", ""-11 dB"", ""-10 dB"", ""-9 dB"", ""-8 dB"", ""-7 dB"", ""-6 dB"", ""-5 dB"", ""-4 dB"", ""-3 dB"", ""-2 dB"", ""-1 dB"", ""0 dB"", ""+1 dB"", ""+2 dB"", ""+3 dB"", ""+4 dB"", ""+5 dB"", ""+6 dB"", ""+7 dB"", ""+8 dB"", ""+9 dB"", ""+10 dB"", ""+11 dB"", ""+12 dB"", ""+13 dB"", ""+14 dB"", ""+15 dB""]",,,"[""enum labels ui-derived from stringTable gain-15-1Table""]","{""file"": ""original-roland-files/Script/A8EE/Script.xml"", ""line"": 2421}"
fm.pat.mfx.humanizer-pan,1F 00 02 45,int4x4,4,"[32768, 32895]",32832,PatchCommonMFX,mfx:HUMANIZER,script,,,,,[],"{""file"": ""original-roland-files/Script/A8EE/Script.xml"", ""line"": 2429}"
fm.pat.mfx.humanizer-level,1F 00 02 49,int4x4,4,"[32768, 32895]",32895,PatchCommonMFX,mfx:HUMANIZER,script,-32768,,,,[],"{""file"": ""original-roland-files/Script/A8EE/Script.xml"", ""line"": 2437}"
fm.pat.mfx.speakerSimulator-spType,1F 00 02 11,int4x4,4,"[32768, 32783]",32774,PatchCommonMFX,mfx:SPEAKER SIMULATOR,script,,"[""SMALL1"", ""SMALL2"", ""MIDDLE"", ""JC-120"", ""BUILT IN 1"", ""BUILT IN 2"", ""BUILT IN 3"", ""BUILT IN 4"", ""BUILT IN 5"", ""BG STACK 1"", ""BG STACK 2"", ""MS STACK 1"", ""MS STACK 2"", ""METAL STACK"", ""2 STACK"", ""3 STACK""]",,,"[""enum labels ui-derived from stringTable speakerTypeTable""]","{""file"": ""original-roland-files/Script/A8EE/Script.xml"", ""line"": 2445}"
fm.pat.mfx.speakerSimulator-micSetting,1F 00 02 15,int4x4,4,"[32768, 32770]",32769,PatchCommonMFX,mfx:SPEAKER SIMULATOR,script,,,,,[],"{""file"": ""original-roland-files/Script/A8EE/Script.xml"", ""line"": 2453}"
fm.pat.mfx.speakerSimulator-micLevel,1F 00 02 19,int4x4,4,"[32768, 32895]",32895,PatchCommonMFX,mfx:SPEAKER SIMULATOR,script,-32768,,,,[],"{""file"": ""original-roland-files/Script/A8EE/Script.xml"", ""line"": 2462}"
fm.pat.mfx.speakerSimulator-directLevel,1F 00 02 1D,int4x4,4,"[32768, 32895]",32768,PatchCommonMFX,mfx:SPEAKER SIMULATOR,script,-32768,,,,[],"{""file"": ""original-roland-files/Script/A8EE/Script.xml"", ""line"": 2470}"
fm.pat.mfx.speakerSimulator-level,1F 00 02 21,int4x4,4,"[32768, 32895]",32895,PatchCommonMFX,mfx:SPEAKER SIMULATOR,script,-32768,,,,[],"{""file"": ""original-roland-files/Script/A8EE/Script.xml"", ""line"": 2478}"
fm.pat.mfx.phaser-mode,1F 00 02 11,int4x4,4,"[32768, 32770]",32770,PatchCommonMFX,mfx:PHASER,script,,,,,[],"{""file"": ""original-roland-files/Script/A8EE/Script.xml"", ""line"": 2486}"
fm.pat.mfx.phaser-manual,1F 00 02 15,int4x4,4,"[32768, 32895]",32832,PatchCommonMFX,mfx:PHASER,script,-32768,,,,[],"{""file"": ""original-roland-files/Script/A8EE/Script.xml"", ""line"": 2494}"
fm.pat.mfx.phaser-rateSync,1F 00 02 19,int4x4,4,"[32768, 32769]",32768,PatchCommonMFX,mfx:PHASER,script,,,,,[],"{""file"": ""original-roland-files/Script/A8EE/Script.xml"", ""line"": 2502}"
fm.pat.mfx.phaser-rateHz,1F 00 02 1D,int4x4,4,"[32769, 32968]",32778,PatchCommonMFX,mfx:PHASER,script,-32768,"[""0.05"", ""0.10"", ""0.15"", ""0.20"", ""0.25"", ""0.30"", ""0.35"", ""0.40"", ""0.45"", ""0.50"", ""0.55"", ""0.60"", ""0.65"", ""0.70"", ""0.75"", ""0.80"", ""0.85"", ""0.90"", ""0.95"", ""1.00"", ""1.05"", ""1.10"", ""1.15"", ""1.20"", ""1.25"", ""1.30"", ""1.35"", ""1.40"", ""1.45"", ""1.50"", ""1.55"", ""1.60"", ""1.65"", ""1.70"", ""1.75"", ""1.80"", ""1.85"", ""1.90"", ""1.95"", ""2.00"", ""2.05"", ""2.10"", ""2.15"", ""2.20"", ""2.25"", ""2.30"", ""2.35"", ""2.40"", ""2.45"", ""2.50"", ""2.55"", ""2.60"", ""2.65"", ""2.70"", ""2.75"", ""2.80"", ""2.85"", ""2.90"", ""2.95"", ""3.00"", ""3.05"", ""3.10"", ""3.15"", ""3.20"", ""3.25"", ""3.30"", ""3.35"", ""3.40"", ""3.45"", ""3.50"", ""3.55"", ""3.60"", ""3.65"", ""3.70"", ""3.75"", ""3.80"", ""3.85"", ""3.90"", ""3.95"", ""4.00"", ""4.05"", ""4.10"", ""4.15"", ""4.20"", ""4.25"", ""4.30"", ""4.35"", ""4.40"", ""4.45"", ""4.50"", ""4.55"", ""4.60"", ""4.65"", ""4.70"", ""4.75"", ""4.80"", ""4.85"", ""4.90"", ""4.95"", ""5.00"", ""5.05"", ""5.10"", ""5.15"", ""5.20"", ""5.25"", ""5.30"", ""5.35"", ""5.40"", ""5.45"", ""5.50"", ""5.55"", ""5.60"", ""5.65"", ""5.70"", ""5.75"", ""5.80"", ""5.85"", ""5.90"", ""5.95"", ""6.00"", ""6.05"", ""6.10"", ""6.15"", ""6.20"", ""6.25"", ""6.30"", ""6.35"", ""6.40"", ""6.45"", ""6.50"", ""6.55"", ""6.60"", ""6.65"", ""6.70"", ""6.75"", ""6.80"", ""6.85"", ""6.90"", ""6.95"", ""7.00"", ""7.05"", ""7.10"", ""7.15"", ""7.20"", ""7.25"", ""7.30"", ""7.35"", ""7.40"", ""7.45"", ""7.50"", ""7.55"", ""7.60"", ""7.65"", ""7.70"", ""7.75"", ""7.80"", ""7.85"", ""7.90"", ""7.95"", ""8.00"", ""8.05"", ""8.10"", ""8.15"", ""8.20"", ""8.25"", ""8.30"", ""8.35"", ""8.40"", ""8.45"", ""8.50"", ""8.55"", ""8.60"", ""8.65"", ""8.70"", ""8.75"", ""8.80"", ""8.85"", ""8.90"", ""8.95"", ""9.00"", ""9.05"", ""9.10"", ""9.15"", ""9.20"", ""9.25"", ""9.30"", ""9.35"", ""9.40"", ""9.45"", ""9.50"", ""9.55"", ""9.60"", ""9.65"", ""9.70"", ""9.75"", ""9.80"", ""9.85"", ""9.90"", ""9.95"", ""10.00""]",,,"[""enum labels ui-derived from stringTable rateHz-10.00Table""]","{""file"": ""original-roland-files/Script/A8EE/Script.xml"", ""line"": 2510}"
fm.pat.mfx.phaser-rateNote,1F 00 02 21,int4x4,4,"[32768, 32789]",32786,PatchCommonMFX,mfx:PHASER,script,,,,,[],"{""file"": ""original-roland-files/Script/A8EE/Script.xml"", ""line"": 2518}"
fm.pat.mfx.phaser-depth,1F 00 02 25,int4x4,4,"[32768, 32895]",32808,PatchCommonMFX,mfx:PHASER,script,-32768,,,,[],"{""file"": ""original-roland-files/Script/A8EE/Script.xml"", ""line"": 2526}"
fm.pat.mfx.phaser-polarity,1F 00 02 29,int4x4,4,"[32768, 32769]",32769,PatchCommonMFX,mfx:PHASER,script,,,,,[],"{""file"": ""original-roland-files/Script/A8EE/Script.xml"", ""line"": 2534}"
fm.pat.mfx.phaser-reso,1F 00 02 2D,int4x4,4,"[32768, 32895]",32808,PatchCommonMFX,mfx:PHASER,script,-32768,,,,[],"{""file"": ""original-roland-files/Script/A8EE/Script.xml"", ""line"": 2542}"
fm.pat.mfx.phaser-xfbk,1F 00 02 31,int4x4,4,"[32768, 32866]",32817,PatchCommonMFX,mfx:PHASER,script,-32768,"[""-98%"", ""-96%"", ""-94%"", ""-92%"", ""-90%"", ""-88%"", ""-86%"", ""-84%"", ""-82%"", ""-80%"", ""-78%"", ""-76%"", ""-74%"", ""-72%"", ""-70%"", ""-68%"", ""-66%"", ""-64%"", ""-62%"", ""-60%"", ""-58%"", ""-56%"", ""-54%"", ""-52%"", ""-50%"", ""-48%"", ""-46%"", ""-44%"", ""-42%"", ""-40%"", ""-38%"", ""-36%"", ""-34%"", ""-32%"", ""-30%"", ""-28%"", ""-26%"", ""-24%"", ""-22%"", ""-20%"", ""-18%"", ""-16%"", ""-14%"", ""-12%"", ""-10%"", ""-8%"", ""-6%"", ""-4%"", ""-2%"", ""0%"", ""+2%"", ""+4%"", ""+6%"", ""+8%"", ""+10%"", ""+12%"", ""+14%"", ""+16%"", ""+18%"", ""+20%"", ""+22%"", ""+24%"", ""+26%"", ""+28%"", ""+30%"", ""+32%"", ""+34%"", ""+36%"", ""+38%"", ""+40%"", ""+42%"", ""+44%"", ""+46%"", ""+48%"", ""+50%"", ""+52%"", ""+54%"", ""+56%"", ""+58%"", ""+60%"", ""+62%"", ""+64%"", ""+66%"", ""+68%"", ""+70%"", ""+72%"", ""+74%"", ""+76%"", ""+78%"", ""+80%"", ""+82%"", ""+84%"", ""+86%"", ""+88%"", ""+90%"", ""+92%"", ""+94%"", ""+96%"", ""+98%""]",,,"[""enum labels ui-derived from stringTable fbkTable""]","{""file"": ""original-roland-files/Script/A8EE/Script.xml"", ""line"": 2550}"
fm.pat.mfx.phaser-mix,1F 00 02 35,int4x4,4,"[32768, 32895]",32895,PatchCommonMFX,mfx:PHASER,script,-32768,,,,[],"{""file"": ""original-roland-files/Script/A8EE/Script.xml"", ""line"": 2558}"
fm.pat.mfx.phaser-eqLo,1F 00 02 39,int4x4,4,"[32768, 32798]",32783,PatchCommonMFX,mfx:PHASER,script,-32768,"[""-15 dB"", ""-14 dB"", ""-13 dB"", ""-12 dB"", ""-11 dB"", ""-10 dB"", ""-9 dB"", ""-8 dB"", ""-7 dB"", ""-6 dB"", ""-5 dB"", ""-4 dB"", ""-3 dB"", ""-2 dB"", ""-1 dB"", ""0 dB"", ""+1 dB"", ""+2 dB"", ""+3 dB"", ""+4 dB"", ""+5 dB"", ""+6 dB"", ""+7 dB"", ""+8 dB"", ""+9 dB"", ""+10 dB"", ""+11 dB"", ""+12 dB"", ""+13 dB"", ""+14 dB"", ""+15 dB""]",,,"[""enum labels ui-derived from stringTable gain-15-1Table""]","{""file"": ""original-roland-files/Script/A8EE/Script.xml"", ""line"": 2566}"
fm.pat.mfx.phaser-eqHi,1F 00 02 3D,int4x4,4,"[32768, 32798]",32783,PatchCommonMFX,mfx:PHASER,script,-32768,"[""-15 dB"", ""-14 dB"", ""-13 dB"", ""-12 dB"", ""-11 dB"", ""-10 dB"", ""-9 dB"", ""-8 dB"", ""-7 dB"", ""-6 dB"", ""-5 dB"", ""-4 dB"", ""-3 dB"", ""-2 dB"", ""-1 dB"", ""0 dB"", ""+1 dB"", ""+2 dB"", ""+3 dB"", ""+4 dB"", ""+5 dB"", ""+6 dB"", ""+7 dB"", ""+8 dB"", ""+9 dB"", ""+10 dB"", ""+11 dB"", ""+12 dB"", ""+13 dB"", ""+14 dB"", ""+15 dB""]",,,"[""enum labels ui-derived from stringTable gain-15-1Table""]","{""file"": ""original-roland-files/Script/A8EE/Script.xml"", ""line"": 2574}"
fm.pat.mfx.phaser-level,1F 00 02 41,int4x4,4,"[32768, 32895]",32895,PatchCommonMFX,mfx:PHASER,script,-32768,,,,[],"{""file"": ""original-roland-files/Script/A8EE/Script.xml"", ""line"": 2582}"
fm.pat.mfx.stepPhaser-mode,1F 00 02 11,int4x4,4,"[32768, 32770]",32770,PatchCommonMFX,mfx:STEP PHASER,script,,,,,[],"{""file"": ""original-roland-files/Script/A8EE/Script.xml"", ""line"": 2590}"
fm.pat.mfx.stepPhaser-manual,1F 00 02 15,int4x4,4,"[32768, 32895]",32832,PatchCommonMFX,mfx:STEP PHASER,script,-32768,,,,[],"{""file"": ""original-roland-files/Script/A8EE/Script.xml"", ""line"": 2598}"
fm.pat.mfx.stepPhaser-rateSync,1F 00 02 19,int4x4,4,"[32768, 32769]",32768,PatchCommonMFX,mfx:STEP PHASER,script,,,,,[],"{""file"": ""original-roland-files/Script/A8EE/Script.xml"", ""line"": 2606}"
fm.pat.mfx.stepPhaser-rateHz,1F 00 02 1D,int4x4,4,"[32769, 32968]",32798,PatchCommonMFX,mfx:STEP PHASER,script,-32768,"[""0.05"", ""0.10"", ""0.15"", ""0.20"", ""0.25"", ""0.30"", ""0.35"", ""0.40"", ""0.45"", ""0.50"", ""0.55"", ""0.60"", ""0.65"", ""0.70"", ""0.75"", ""0.80"", ""0.85"", ""0.90"", ""0.95"", ""1.00"", ""1.05"", ""1.10"", ""1.15"", ""1.20"", ""1.25"", ""1.30"", ""1.35"", ""1.40"", ""1.45"", ""1.50"", ""1.55"", ""1.60"", ""1.65"", ""1.70"", ""1.75"", ""1.80"", ""1.85"", ""1.90"", ""1.95"", ""2.00"", ""2.05"", ""2.10"", ""2.15"", ""2.20"", ""2.25"", ""2.30"", ""2.35"", ""2.40"", ""2.45"", ""2.50"", ""2.55"", ""2.60"", ""2.65"", ""2.70"", ""2.75"", ""2.80"", ""2.85"", ""2.90"", ""2.95"", ""3.00"", ""3.05"", ""3.10"", ""3.15"", ""3.20"", ""3.25"", ""3.30"", ""3.35"", ""3.40"", ""3.45"", ""3.50"", ""3.55"", ""3.60"", ""3.65"", ""3.70"", ""3.75"", ""3.80"", ""3.85"", ""3.90"", ""3.95"", ""4.00"", ""4.05"", ""4.10"", ""4.15"", ""4.20"", ""4.25"", ""4.30"", ""4.35"", ""4.40"", ""4.45"", ""4.50"", ""4.55"", ""4.60"", ""4.65"", ""4.70"", ""4.75"", ""4.80"", ""4.85"", ""4.90"", ""4.95"", ""5.00"", ""5.05"", ""5.10"", ""5.15"", ""5.20"", ""5.25"", ""5.30"", ""5.35"", ""5.40"", ""5.45"", ""5.50"", ""5.55"", ""5.60"", ""5.65"", ""5.70"", ""5.75"", ""5.80"", ""5.85"", ""5.90"", ""5.95"", ""6.00"", ""6.05"", ""6.10"", ""6.15"", ""6.20"", ""6.25"", ""6.30"", ""6.35"", ""6.40"", ""6.45"", ""6.50"", ""6.55"", ""6.60"", ""6.65"", ""6.70"", ""6.75"", ""6.80"", ""6.85"", ""6.90"", ""6.95"", ""7.00"", ""7.05"", ""7.10"", ""7.15"", ""7.20"", ""7.25"", ""7.30"", ""7.35"", ""7.40"", ""7.45"", ""7.50"", ""7.55"", ""7.60"", ""7.65"", ""7.70"", ""7.75"", ""7.80"", ""7.85"", ""7.90"", ""7.95"", ""8.00"", ""8.05"", ""8.10"", ""8.15"", ""8.20"", ""8.25"", ""8.30"", ""8.35"", ""8.40"", ""8.45"", ""8.50"", ""8.55"", ""8.60"", ""8.65"", ""8.70"", ""8.75"", ""8.80"", ""8.85"", ""8.90"", ""8.95"", ""9.00"", ""9.05"", ""9.10"", ""9.15"", ""9.20"", ""9.25"", ""9.30"", ""9.35"", ""9.40"", ""9.45"", ""9.50"", ""9.55"", ""9.60"", ""9.65"", ""9.70"", ""9.75"", ""9.80"", ""9.85"", ""9.90"", ""9.95"", ""10.00""]",,,"[""enum labels ui-derived from stringTable rateHz-10.00Table""]","{""file"": ""original-roland-files/Script/A8EE/Script.xml"", ""line"": 2614}"
fm.pat.mfx.stepPhaser-rateNote,1F 00 02 21,int4x4,4,"[32768, 32789]",32781,PatchCommonMFX,mfx:STEP PHASER,script,,,,,[],"{""file"": ""original-roland-files/Script/A8EE/Script.xml"", ""line"": 2622}"
fm.pat.mfx.stepPhaser-depth,1F 00 02 25,int4x4,4,"[32768, 32895]",32808,PatchCommonMFX,mfx:STEP PHASER,script,-32768,,,,[],"{""file"": ""original-roland-files/Script/A8EE/Script.xml"", ""line"": 2630}"
fm.pat.mfx.stepPhaser-polarity,1F 00 02 29,int4x4,4,"[32768, 32769]",32769,PatchCommonMFX,mfx:STEP PHASER,script,,,,,[],"{""file"": ""original-roland-files/Script/A8EE/Script.xml"", ""line"": 2638}"
fm.pat.mfx.stepPhaser-reso,1F 00 02 2D,int4x4,4,"[32768, 32895]",32808,PatchCommonMFX,mfx:STEP PHASER,script,-32768,,,,[],"{""file"": ""original-roland-files/Script/A8EE/Script.xml"", ""line"": 2646}"
fm.pat.mfx.stepPhaser-xfbk,1F 00 02 31,int4x4,4,"[32768, 32866]",32817,PatchCommonMFX,mfx:STEP PHASER,script,-32768,"[""-98%"", ""-96%"", ""-94%"", ""-92%"", ""-90%"", ""-88%"", ""-86%"", ""-84%"", ""-82%"", ""-80%"", ""-78%"", ""-76%"", ""-74%"", ""-72%"", ""-70%"", ""-68%"", ""-66%"", ""-64%"", ""-62%"", ""-60%"", ""-58%"", ""-56%"", ""-54%"", ""-52%"", ""-50%"", ""-48%"", ""-46%"", ""-44%"", ""-42%"", ""-40%"", ""-38%"", ""-36%"", ""-34%"", ""-32%"", ""-30%"", ""-28%"", ""-26%"", ""-24%"", ""-22%"", ""-20%"", ""-18%"", ""-16%"", ""-14%"", ""-12%"", ""-10%"", ""-8%"", ""-6%"", ""-4%"", ""-2%"", ""0%"", ""+2%"", ""+4%"", ""+6%"", ""+8%"", ""+10%"", ""+12%"", ""+14%"", ""+16%"", ""+18%"", ""+20%"", ""+22%"", ""+24%"", ""+26%"", ""+28%"", ""+30%"", ""+32%"", ""+34%"", ""+36%"", ""+38%"", ""+40%"", ""+42%"", ""+44%"", ""+46%"", ""+48%"", ""+50%"", ""+52%"", ""+54%"", ""+56%"", ""+58%"", ""+60%"", ""+62%"", ""+64%"", ""+66%"", ""+68%"", ""+70%"", ""+72%"", ""+74%"", ""+76%"", ""+78%"", ""+80%"", ""+82%"", ""+84%"", ""+86%"", ""+88%"", ""+90%"", ""+92%"", ""+94%"", ""+96%"", ""+98%""]",,,"[""enum labels ui-derived from stringTable fbkTable""]","{""file"": ""original-roland-files/Script/A8EE/Script.xml"", ""line"": 2654}"
fm.pat.mfx.stepPhaser-sRateSync,1F 00 02 35,int4x4,4,"[32768, 32769]",32768,PatchCommonMFX,mfx:STEP PHASER,script,,,,,[],"{""file"": ""original-roland-files/Script/A8EE/Script.xml"", ""line"": 2662}"
fm.pat.mfx.stepPhaser-sRateHz,1F 00 02 39,int4x4,4,"[32769, 32968]",32848,PatchCommonMFX,mfx:STEP PHASER,script,-32768,"[""0.10"", ""0.20"", ""0.30"", ""0.40"", ""0.50"", ""0.60"", ""0.70"", ""0.80"", ""0.90"", ""1.00"", ""1.10"", ""1.20"", ""1.30"", ""1.40"", ""1.50"", ""1.60"", ""1.70"", ""1.80"", ""1.90"", ""2.00"", ""2.10"", ""2.20"", ""2.30"", ""2.40"", ""2.50"", ""2.60"", ""2.70"", ""2.80"", ""2.90"", ""3.00"", ""3.10"", ""3.20"", ""3.30"", ""3.40"", ""3.50"", ""3.60"", ""3.70"", ""3.80"", ""3.90"", ""4.00"", ""4.10"", ""4.20"", ""4.30"", ""4.40"", ""4.50"", ""4.60"", ""4.70"", ""4.80"", ""4.90"", ""5.00"", ""5.10"", ""5.20"", ""5.30"", ""5.40"", ""5.50"", ""5.60"", ""5.70"", ""5.80"", ""5.90"", ""6.00"", ""6.10"", ""6.20"", ""6.30"", ""6.40"", ""6.50"", ""6.60"", ""6.70"", ""6.80"", ""6.90"", ""7.00"", ""7.10"", ""7.20"", ""7.30"", ""7.40"", ""7.50"", ""7.60"", ""7.70"", ""7.80"", ""7.90"", ""8.00"", ""8.10"", ""8.20"", ""8.30"", ""8.40"", ""8.50"", ""8.60"", ""8.70"", ""8.80"", ""8.90"", ""9.00"", ""9.10"", ""9.20"", ""9.30"", ""9.40"", ""9.50"", ""9.60"", ""9.70"", ""9.80"", ""9.90"", ""10.00"", ""10.10"", ""10.20"", ""10.30"", ""10.40"", ""10.50"", ""10.60"", ""10.70"", ""10.80"", ""10.90"", ""11.00"", ""11.10"", ""11.20"", ""11.30"", ""11.40"", ""11.50"", ""11.60"", ""11.70"", ""11.80"", ""11.90"", ""12.00"", ""12.10"", ""12.20"", ""12.30"", ""12.40"", ""12.50"", ""12.60"", ""12.70"", ""12.80"", ""12.90"", ""13.00"", ""13.10"", ""13.20"", ""13.30"", ""13.40"", ""13.50"", ""13.60"", ""13.70"", ""13.80"", ""13.90"", ""14.00"", ""14.10"", ""14.20"", ""14.30"", ""14.40"", ""14.50"", ""14.60"", ""14.70"", ""14.80"", ""14.90"", ""15.00"", ""15.10"", ""15.20"", ""15.30"", ""15.40"", ""15.50"", ""15.60"", ""15.70"", ""15.80"", ""15.90"", ""16.00"", ""16.10"", ""16.20"", ""16.30"", ""16.40"", ""16.50"", ""16.60"", ""16.70"", ""16.80"", ""16.90"", ""17.00"", ""17.10"", ""17.20"", ""17.30"", ""17.40"", ""17.50"", ""17.60"", ""17.70"", ""17.80"", ""17.90"", ""18.00"", ""18.10"", ""18.20"", ""18.30"", ""18.40"", ""18.50"", ""18.60"", ""18.70"", ""18.80"", ""18.90"", ""19.00"", ""19.10"", ""19.20"", ""19.30"", ""19.40"", ""19.50"", ""19.60"", ""19.70"", ""19.80"", ""19.90"", ""20.00""]",,,"[""enum labels ui-derived from stringTable rateHz-20.00Table""]","{""file"": ""original-roland-files/Script/A8EE/Script.xml"", ""line"": 2670}"
fm.pat.mfx.stepPhaser-sRateNote,1F 00 02 3D,int4x4,4,"[32768, 32789]",32774,PatchCommonMFX,mfx:STEP PHASER,script,,,,,[],"{""file"": ""original-roland-files/Script/A8EE/Script.xml"", ""line"": 2678}"
fm.pat.mfx.stepPhaser-mix,1F 00 02 41,int4x4,4,"[32768, 32895]",32895,PatchCommonMFX,mfx:STEP PHASER,script,-32768,,,,[],"{""file"": ""original-roland-files/Script/A8EE/Script.xml"", ""line"": 2686}"
fm.pat.mfx.stepPhaser-eqLo,1F 00 02 45,int4x4,4,"[32768, 32798]",32783,PatchCommonMFX,mfx:STEP PHASER,script,-32768,"[""-15 dB"", ""-14 dB"", ""-13 dB"", ""-12 dB"", ""-11 dB"", ""-10 dB"", ""-9 dB"", ""-8 dB"", ""-7 dB"", ""-6 dB"", ""-5 dB"", ""-4 dB"", ""-3 dB"", ""-2 dB"", ""-1 dB"", ""0 dB"", ""+1 dB"", ""+2 dB"", ""+3 dB"", ""+4 dB"", ""+5 dB"", ""+6 dB"", ""+7 dB"", ""+8 dB"", ""+9 dB"", ""+10 dB"", ""+11 dB"", ""+12 dB"", ""+13 dB"", ""+14 dB"", ""+15 dB""]",,,"[""enum labels ui-derived from stringTable gain-15-1Table""]","{""file"": ""original-roland-files/Script/A8EE/Script.xml"", ""line"": 2694}"
fm.pat.mfx.stepPhaser-eqHi,1F 00 02 49,int4x4,4,"[32768, 32798]",32783,PatchCommonMFX,mfx:STEP PHASER,script,-32768,"[""-15 dB"", ""-14 dB"", ""-13 dB"", ""-12 dB"", ""-11 dB"", ""-10 dB"", ""-9 dB"", ""-8 dB"", ""-7 dB"", ""-6 dB"", ""-5 dB"", ""-4 dB"", ""-3 dB"", ""-2 dB"", ""-1 dB"", ""0 dB"", ""+1 dB"", ""+2 dB"", ""+3 dB"", ""+4 dB"", ""+5 dB"", ""+6 dB"", ""+7 dB"", ""+8 dB"", ""+9 dB"", ""+10 dB"", ""+11 dB"", ""+12 dB"", ""+13 dB"", ""+14 dB"", ""+15 dB""]",,,"[""enum labels ui-derived from stringTable gain-15-1Table""]","{""file"": ""original-roland-files/Script/A8EE/Script.xml"", ""line"": 2702}"
fm.pat.mfx.stepPhaser-level,1F 00 02 4D,int4x4,4,"[32768, 32895]",32895,PatchCommonMFX,mfx:STEP PHASER,script,-32768,,,,[],"{""file"": ""original-roland-files/Script/A8EE/Script.xml"", ""line"": 2710}"
fm.pat.mfx.multiStagePhaser-mode,1F 00 02 11,int4x4,4,"[32768, 32773]",32773,PatchCommonMFX,mfx:MULTI STAGE PHASER,script,,"[""4 STAGE"", ""8 STAGE"", ""12 STAGE"", ""16 STAGE"", ""20 STAGE"", ""24 STAGE""]",,,"[""enum labels ui-derived from stringTable phaserModeTable""]","{""file"": ""original-roland-files/Script/A8EE/Script.xml"", ""line"": 2718}"
fm.pat.mfx.multiStagePhaser-manual,1F 00 02 15,int4x4,4,"[32768, 32895]",32828,PatchCommonMFX,mfx:MULTI STAGE PHASER,script,-32768,,,,[],"{""file"": ""original-roland-files/Script/A8EE/Script.xml"", ""line"": 2726}"
fm.pat.mfx.multiStagePhaser-rateSync,1F 00 02 19,int4x4,4,"[32768, 32769]",32768,PatchCommonMFX,mfx:MULTI STAGE PHASER,script,,,,,[],"{""file"": ""original-roland-files/Script/A8EE/Script.xml"", ""line"": 2734}"
fm.pat.mfx.multiStagePhaser-rateHz,1F 00 02 1D,int4x4,4,"[32769, 32968]",32778,PatchCommonMFX,mfx:MULTI STAGE PHASER,script,-32768,"[""0.05"", ""0.10"", ""0.15"", ""0.20"", ""0.25"", ""0.30"", ""0.35"", ""0.40"", ""0.45"", ""0.50"", ""0.55"", ""0.60"", ""0.65"", ""0.70"", ""0.75"", ""0.80"", ""0.85"", ""0.90"", ""0.95"", ""1.00"", ""1.05"", ""1.10"", ""1.15"", ""1.20"", ""1.25"", ""1.30"", ""1.35"", ""1.40"", ""1.45"", ""1.50"", ""1.55"", ""1.60"", ""1.65"", ""1.70"", ""1.75"", ""1.80"", ""1.85"", ""1.90"", ""1.95"", ""2.00"", ""2.05"", ""2.10"", ""2.15"", ""2.20"", ""2.25"", ""2.30"", ""2.35"", ""2.40"", ""2.45"", ""2.50"", ""2.55"", ""2.60"", ""2.65"", ""2.70"", ""2.75"", ""2.80"", ""2.85"", ""2.90"", ""2.95"", ""3.00"", ""3.05"", ""3.10"", ""3.15"", ""3.20"", ""3.25"", ""3.30"", ""3.35"", ""3.40"", ""3.45"", ""3.50"", ""3.55"", ""3.60"", ""3.65"", ""3.70"", ""3.75"", ""3.80"", ""3.85"", ""3.90"", ""3.95"", ""4.00"", ""4.05"", ""4.10"", ""4.15"", ""4.20"", ""4.25"", ""4.30"", ""4.35"", ""4.40"", ""4.45"", ""4.50"", ""4.55"", ""4.60"", ""4.65"", ""4.70"", ""4.75"", ""4.80"", ""4.85"", ""4.90"", ""4.95"", ""5.00"", ""5.05"", ""5.10"", ""5.15"", ""5.20"", ""5.25"", ""5.30"", ""5.35"", ""5.40"", ""5.45"", ""5.50"", ""5.55"", ""5.60"", ""5.65"", ""5.70"", ""5.75"", ""5.80"", ""5.85"", ""5.90"", ""5.95"", ""6.00"", ""6.05"", ""6.10"", ""6.15"", ""6.20"", ""6.25"", ""6.30"", ""6.35"", ""6.40"", ""6.45"", ""6.50"", ""6.55"", ""6.60"", ""6.65"", ""6.70"", ""6.75"", ""6.80"", ""6.85"", ""6.90"", ""6.95"", ""7.00"", ""7.05"", ""7.10"", ""7.15"", ""7.20"", ""7.25"", ""7.30"", ""7.35"", ""7.40"", ""7.45"", ""7.50"", ""7.55"", ""7.60"", ""7.65"", ""7.70"", ""7.75"", ""7.80"", ""7.85"", ""7.90"", ""7.95"", ""8.00"", ""8.05"", ""8.10"", ""8.15"", ""8.20"", ""8.25"", ""8.30"", ""8.35"", ""8.40"", ""8.45"", ""8.50"", ""8.55"", ""8.60"", ""8.65"", ""8.70"", ""8.75"", ""8.80"", ""8.85"", ""8.90"", ""8.95"", ""9.00"", ""9.05"", ""9.10"", ""9.15"", ""9.20"", ""9.25"", ""9.30"", ""9.35"", ""9.40"", ""9.45"", ""9.50"", ""9.55"", ""9.60"", ""9.65"", ""9.70"", ""9.75"", ""9.80"", ""9.85"", ""9.90"", ""9.95"", ""10.00""]",,,"[""enum labels ui-derived from stringTable rateHz-10.00Table""]","{""file"": ""original-roland-files/Script/A8EE/Script.xml"", ""line"": 2742}"
fm.pat.mfx.multiStagePhaser-rateNote,1F 00 02 21,int4x4,4,"[32768, 32789]",32786,PatchCommonMFX,mfx:MULTI STAGE PHASER,script,,,,,[],"{""file"": ""original-roland-files/Script/A8EE/Script.xml"", ""line"": 2750}"
fm.pat.mfx.multiStagePhaser-depth,1F 00 02 25,int4x4,4,"[32768, 32895]",32808,PatchCommonMFX,mfx:MULTI STAGE PHASER,script,-32768,,,,[],"{""file"": ""original-roland-files/Script/A8EE/Script.xml"", ""line"": 2758}"
fm.pat.mfx.multiStagePhaser-reso,1F 00 02 29,int4x4,4,"[32768, 32895]",32808,PatchCommonMFX,mfx:MULTI STAGE PHASER,script,-32768,,,,[],"{""file"": ""original-roland-files/Script/A8EE/Script.xml"", ""line"": 2766}"
fm.pat.mfx.multiStagePhaser-mix,1F 00 02 2D,int4x4,4,"[32768, 32895]",32895,PatchCommonMFX,mfx:MULTI STAGE PHASER,script,-32768,,,,[],"{""file"": ""original-roland-files/Script/A8EE/Script.xml"", ""line"": 2774}"
fm.pat.mfx.multiStagePhaser-pan,1F 00 02 31,int4x4,4,"[32768, 32895]",32832,PatchCommonMFX,mfx:MULTI STAGE PHASER,script,,,,,[],"{""file"": ""original-roland-files/Script/A8EE/Script.xml"", ""line"": 2782}"
fm.pat.mfx.multiStagePhaser-eqLo,1F 00 02 35,int4x4,4,"[32768, 32798]",32783,PatchCommonMFX,mfx:MULTI STAGE PHASER,script,-32768,"[""-15 dB"", ""-14 dB"", ""-13 dB"", ""-12 dB"", ""-11 dB"", ""-10 dB"", ""-9 dB"", ""-8 dB"", ""-7 dB"", ""-6 dB"", ""-5 dB"", ""-4 dB"", ""-3 dB"", ""-2 dB"", ""-1 dB"", ""0 dB"", ""+1 dB"", ""+2 dB"", ""+3 dB"", ""+4 dB"", ""+5 dB"", ""+6 dB"", ""+7 dB"", ""+8 dB"", ""+9 dB"", ""+10 dB"", ""+11 dB"", ""+12 dB"", ""+13 dB"", ""+14 dB"", ""+15 dB""]",,,"[""enum labels ui-derived from stringTable gain-15-1Table""]","{""file"": ""original-roland-files/Script/A8EE/Script.xml"", ""line"": 2790}"
fm.pat.mfx.multiStagePhaser-eqHi,1F 00 02 39,int4x4,4,"[32768, 32798]",32783,PatchCommonMFX,mfx:MULTI STAGE PHASER,script,-32768,"[""-15 dB"", ""-14 dB"", ""-13 dB"", ""-12 dB"", ""-11 dB"", ""-10 dB"", ""-9 dB"", ""-8 dB"", ""-7 dB"", ""-6 dB"", ""-5 dB"", ""-4 dB"", ""-3 dB"", ""-2 dB"", ""-1 dB"", ""0 dB"", ""+1 dB"", ""+2 dB"", ""+3 dB"", ""+4 dB"", ""+5 dB"", ""+6 dB"", ""+7 dB"", ""+8 dB"", ""+9 dB"", ""+10 dB"", ""+11 dB"", ""+12 dB"", ""+13 dB"", ""+14 dB"", ""+15 dB""]",,,"[""enum labels ui-derived from stringTable gain-15-1Table""]","{""file"": ""original-roland-files/Script/A8EE/Script.xml"", ""line"": 2798}"
fm.pat.mfx.multiStagePhaser-level,1F 00 02 3D,int4x4,4,"[32768, 32895]",32895,PatchCommonMFX,mfx:MULTI STAGE PHASER,script,-32768,,,,[],"{""file"": ""original-roland-files/Script/A8EE/Script.xml"", ""line"": 2806}"
fm.pat.mfx.infinitePhaser-mode,1F 00 02 11,int4x4,4,"[32768, 32771]",32771,PatchCommonMFX,mfx:INFINITE PHASER,script,-32768,,,,[],"{""file"": ""original-roland-files/Script/A8EE/Script.xml"", ""line"": 2814}"
fm.pat.mfx.infinitePhaser-speed,1F 00 02 15,int4x4,4,"[32768, 32968]",32908,PatchCommonMFX,mfx:INFINITE PHASER,script,-32768,"[""-100"", ""-99"", ""-98"", ""-97"", ""-96"", ""-95"", ""-94"", ""-93"", ""-92"", ""-91"", ""-90"", ""-89"", ""-88"", ""-87"", ""-86"", ""-85"", ""-84"", ""-83"", ""-82"", ""-81"", ""-80"", ""-79"", ""-78"", ""-77"", ""-76"", ""-75"", ""-74"", ""-73"", ""-72"", ""-71"", ""-70"", ""-69"", ""-68"", ""-67"", ""-66"", ""-65"", ""-64"", ""-63"", ""-62"", ""-61"", ""-60"", ""-59"", ""-58"", ""-57"", ""-56"", ""-55"", ""-54"", ""-53"", ""-52"", ""-51"", ""-50"", ""-49"", ""-48"", ""-47"", ""-46"", ""-45"", ""-44"", ""-43"", ""-42"", ""-41"", ""-40"", ""-39"", ""-38"", ""-37"", ""-36"", ""-35"", ""-34"", ""-33"", ""-32"", ""-31"", ""-30"", ""-29"", ""-28"", ""-27"", ""-26"", ""-25"", ""-24"", ""-23"", ""-22"", ""-21"", ""-20"", ""-19"", ""-18"", ""-17"", ""-16"", ""-15"", ""-14"", ""-13"", ""-12"", ""-11"", ""-10"", ""-9"", ""-8"", ""-7"", ""-6"", ""-5"", ""-4"", ""-3"", ""-2"", ""-1"", ""0"", ""1"", ""2"", ""3"", ""4"", ""5"", ""6"", ""7"", ""8"", ""9"", ""10"", ""11"", ""12"", ""13"", ""14"", ""15"", ""16"", ""17"", ""18"", ""19"", ""20"", ""21"", ""22"", ""23"", ""24"", ""25"", ""26"", ""27"", ""28"", ""29"", ""30"", ""31"", ""32"", ""33"", ""34"", ""35"", ""36"", ""37"", ""38"", ""39"", ""40"", ""41"", ""42"", ""43"", ""44"", ""45"", ""46"", ""47"", ""48"", ""49"", ""50"", ""51"", ""52"", ""53"", ""54"", ""55"", ""56"", ""57"", ""58"", ""59"", ""60"", ""61"", ""62"", ""63"", ""64"", ""65"", ""66"", ""67"", ""68"", ""69"", ""70"", ""71"", ""72"", ""73"", ""74"", ""75"", ""76"", ""77"", ""78"", ""79"", ""80"", ""81"", ""82"", ""83"", ""84"", ""85"", ""86"", ""87"", ""88"", ""89"", ""90"", ""91"", ""92"", ""93"", ""94"", ""95"", ""96"", ""97"", ""98"", ""99"", ""100""]",,,"[""enum labels ui-derived from stringTable range-100-100Table""]","{""file"": ""original-roland-files/Script/A8EE/Script.xml"", ""line"": 2822}"
fm.pat.mfx.infinitePhaser-reso,1F 00 02 19,int4x4,4,"[32768, 32895]",32848,PatchCommonMFX,mfx:INFINITE PHASER,script,-32768,,,,[],"{""file"": ""original-roland-files/Script/A8EE/Script.xml"", ""line"": 2830}"
fm.pat.mfx.infinitePhaser-mix,1F 00 02 1D,int4x4,4,"[32768, 32895]",32895,PatchCommonMFX,mfx:INFINITE PHASER,script,-32768,,,,[],"{""file"": ""original-roland-files/Script/A8EE/Script.xml"", ""line"": 2838}"
fm.pat.mfx.infinitePhaser-pan,1F 00 02 21,int4x4,4,"[32768, 32895]",32832,PatchCommonMFX,mfx:INFINITE PHASER,script,,,,,[],"{""file"": ""original-roland-files/Script/A8EE/Script.xml"", ""line"": 2846}"
fm.pat.mfx.infinitePhaser-eqLo,1F 00 02 25,int4x4,4,"[32768, 32798]",32783,PatchCommonMFX,mfx:INFINITE PHASER,script,-32768,"[""-15 dB"", ""-14 dB"", ""-13 dB"", ""-12 dB"", ""-11 dB"", ""-10 dB"", ""-9 dB"", ""-8 dB"", ""-7 dB"", ""-6 dB"", ""-5 dB"", ""-4 dB"", ""-3 dB"", ""-2 dB"", ""-1 dB"", ""0 dB"", ""+1 dB"", ""+2 dB"", ""+3 dB"", ""+4 dB"", ""+5 dB"", ""+6 dB"", ""+7 dB"", ""+8 dB"", ""+9 dB"", ""+10 dB"", ""+11 dB"", ""+12 dB"", ""+13 dB"", ""+14 dB"", ""+15 dB""]",,,"[""enum labels ui-derived from stringTable gain-15-1Table""]","{""file"": ""original-roland-files/Script/A8EE/Script.xml"", ""line"": 2854}"
fm.pat.mfx.infinitePhaser-eqHi,1F 00 02 29,int4x4,4,"[32768, 32798]",32783,PatchCommonMFX,mfx:INFINITE PHASER,script,-32768,"[""-15 dB"", ""-14 dB"", ""-13 dB"", ""-12 dB"", ""-11 dB"", ""-10 dB"", ""-9 dB"", ""-8 dB"", ""-7 dB"", ""-6 dB"", ""-5 dB"", ""-4 dB"", ""-3 dB"", ""-2 dB"", ""-1 dB"", ""0 dB"", ""+1 dB"", ""+2 dB"", ""+3 dB"", ""+4 dB"", ""+5 dB"", ""+6 dB"", ""+7 dB"", ""+8 dB"", ""+9 dB"", ""+10 dB"", ""+11 dB"", ""+12 dB"", ""+13 dB"", ""+14 dB"", ""+15 dB""]",,,"[""enum labels ui-derived from stringTable gain-15-1Table""]","{""file"": ""original-roland-files/Script/A8EE/Script.xml"", ""line"": 2862}"
fm.pat.mfx.infinitePhaser-level,1F 00 02 2D,int4x4,4,"[32768, 32895]",32895,PatchCommonMFX,mfx:INFINITE PHASER,script,-32768,,,,[],"{""file"": ""original-roland-files/Script/A8EE/Script.xml"", ""line"": 2870}"
fm.pat.mfx.ringModulator-freq,1F 00 02 11,int4x4,4,"[32768, 32895]",32828,PatchCommonMFX,mfx:RING MODULATOR,script,-32768,,,,[],"{""file"": ""original-roland-files/Script/A8EE/Script.xml"", ""line"": 2878}"
fm.pat.mfx.ringModulator-sens,1F 00 02 15,int4x4,4,"[32768, 32895]",32768,PatchCommonMFX,mfx:RING MODULATOR,script,-32768,,,,[],"{""file"": ""original-roland-files/Script/A8EE/Script.xml"", ""line"": 2886}"
fm.pat.mfx.ringModulator-polarity,1F 00 02 19,int4x4,4,"[32768, 32769]",32768,PatchCommonMFX,mfx:RING MODULATOR,script,,,,,[],"{""file"": ""original-roland-files/Script/A8EE/Script.xml"", ""line"": 2894}"
fm.pat.mfx.ringModulator-eqLo,1F 00 02 1D,int4x4,4,"[32768, 32798]",32783,PatchCommonMFX,mfx:RING MODULATOR,script,-32768,"[""-15 dB"", ""-14 dB"", ""-13 dB"", ""-12 dB"", ""-11 dB"", ""-10 dB"", ""-9 dB"", ""-8 dB"", ""-7 dB"", ""-6 dB"", ""-5 dB"", ""-4 dB"", ""-3 dB"", ""-2 dB"", ""-1 dB"", ""0 dB"", ""+1 dB"", ""+2 dB"", ""+3 dB"", ""+4 dB"", ""+5 dB"", ""+6 dB"", ""+7 dB"", ""+8 dB"", ""+9 dB"", ""+10 dB"", ""+11 dB"", ""+12 dB"", ""+13 dB"", ""+14 dB"", ""+15 dB""]",,,"[""enum labels ui-derived from stringTable gain-15-1Table""]","{""file"": ""original-roland-files/Script/A8EE/Script.xml"", ""line"": 2903}"
fm.pat.mfx.ringModulator-eqHi,1F 00 02 21,int4x4,4,"[32768, 32798]",32783,PatchCommonMFX,mfx:RING MODULATOR,script,-32768,"[""-15 dB"", ""-14 dB"", ""-13 dB"", ""-12 dB"", ""-11 dB"", ""-10 dB"", ""-9 dB"", ""-8 dB"", ""-7 dB"", ""-6 dB"", ""-5 dB"", ""-4 dB"", ""-3 dB"", ""-2 dB"", ""-1 dB"", ""0 dB"", ""+1 dB"", ""+2 dB"", ""+3 dB"", ""+4 dB"", ""+5 dB"", ""+6 dB"", ""+7 dB"", ""+8 dB"", ""+9 dB"", ""+10 dB"", ""+11 dB"", ""+12 dB"", ""+13 dB"", ""+14 dB"", ""+15 dB""]",,,"[""enum labels ui-derived from stringTable gain-15-1Table""]","{""file"": ""original-roland-files/Script/A8EE/Script.xml"", ""line"": 2911}"
fm.pat.mfx.ringModulator-bal,1F 00 02 25,int4x4,4,"[32768, 32868]",32818,PatchCommonMFX,mfx:RING MODULATOR,script,,"[""D100:0W"", ""D99:01W"", ""D98:02W"", ""D97:03W"", ""D96:04W"", ""D95:05W"", ""D94:06W"", ""D93:07W"", ""D92:08W"", ""D91:09W"", ""D90:10W"", ""D89:11W"", ""D88:12W"", ""D87:13W"", ""D86:14W"", ""D85:15W"", ""D84:16W"", ""D83:17W"", ""D82:18W"", ""D81:19W"", ""D80:20W"", ""D79:21W"", ""D78:22W"", ""D77:23W"", ""D76:24W"", ""D75:25W"", ""D74:26W"", ""D73:27W"", ""D72:28W"", ""D71:29W"", ""D70:30W"", ""D69:31W"", ""D68:32W"", ""D67:33W"", ""D66:34W"", ""D65:35W"", ""D64:36W"", ""D63:37W"", ""D62:38W"", ""D61:39W"", ""D60:40W"", ""D59:41W"", ""D58:42W"", ""D57:43W"", ""D56:44W"", ""D55:45W"", ""D54:46W"", ""D53:47W"", ""D52:48W"", ""D51:49W"", ""D50:50W"", ""D49:51W"", ""D48:52W"", ""D47:53W"", ""D46:54W"", ""D45:55W"", ""D44:56W"", ""D43:57W"", ""D42:58W"", ""D41:59W"", ""D40:60W"", ""D39:61W"", ""D38:62W"", ""D37:63W"", ""D36:64W"", ""D35:65W"", ""D34:66W"", ""D33:67W"", ""D32:68W"", ""D31:69W"", ""D30:70W"", ""D29:71W"", ""D28:72W"", ""D27:73W"", ""D26:74W"", ""D25:75W"", ""D24:76W"", ""D23:77W"", ""D22:78W"", ""D21:79W"", ""D20:80W"", ""D19:81W"", ""D18:82W"", ""D17:83W"", ""D16:84W"", ""D15:85W"", ""D14:86W"", ""D13:87W"", ""D12:88W"", ""D11:89W"", ""D10:90W"", ""D09:91W"", ""D08:92W"", ""D07:93W"", ""D06:94W"", ""D05:95W"", ""D04:96W"", ""D03:97W"", ""D02:98W"", ""D01:99W"", ""D0:100W""]",,,"[""enum labels ui-derived from stringTable balanceTable""]","{""file"": ""original-roland-files/Script/A8EE/Script.xml"", ""line"": 2919}"
fm.pat.mfx.ringModulator-level,1F 00 02 29,int4x4,4,"[32768, 32895]",32895,PatchCommonMFX,mfx:RING MODULATOR,script,-32768,,,,[],"{""file"": ""original-roland-files/Script/A8EE/Script.xml"", ""line"": 2927}"
fm.pat.mfx.stepRingModulator-step01,1F 00 02 11,int4x4,4,"[32768, 32895]",32888,PatchCommonMFX,mfx:STEP RING MODULATOR,script,-32768,,,,[],"{""file"": ""original-roland-files/Script/A8EE/Script.xml"", ""line"": 2935}"
fm.pat.mfx.stepRingModulator-step02,1F 00 02 15,int4x4,4,"[32768, 32895]",32828,PatchCommonMFX,mfx:STEP RING MODULATOR,script,-32768,,,,[],"{""file"": ""original-roland-files/Script/A8EE/Script.xml"", ""line"": 2943}"
fm.pat.mfx.stepRingModulator-step03,1F 00 02 19,int4x4,4,"[32768, 32895]",32888,PatchCommonMFX,mfx:STEP RING MODULATOR,script,-32768,,,,[],"{""file"": ""original-roland-files/Script/A8EE/Script.xml"", ""line"": 2951}"
fm.pat.mfx.stepRingModulator-step04,1F 00 02 1D,int4x4,4,"[32768, 32895]",32828,PatchCommonMFX,mfx:STEP RING MODULATOR,script,-32768,,,,[],"{""file"": ""original-roland-files/Script/A8EE/Script.xml"", ""line"": 2959}"
fm.pat.mfx.stepRingModulator-step05,1F 00 02 21,int4x4,4,"[32768, 32895]",32858,PatchCommonMFX,mfx:STEP RING MODULATOR,script,-32768,,,,[],"{""file"": ""original-roland-files/Script/A8EE/Script.xml"", ""line"": 2967}"
fm.pat.mfx.stepRingModulator-step06,1F 00 02 25,int4x4,4,"[32768, 32895]",32858,PatchCommonMFX,mfx:STEP RING MODULATOR,script,-32768,,,,[],"{""file"": ""original-roland-files/Script/A8EE/Script.xml"", ""line"": 2975}"
fm.pat.mfx.stepRingModulator-step07,1F 00 02 29,int4x4,4,"[32768, 32895]",32828,PatchCommonMFX,mfx:STEP RING MODULATOR,script,-32768,,,,[],"{""file"": ""original-roland-files/Script/A8EE/Script.xml"", ""line"": 2983}"
fm.pat.mfx.stepRingModulator-step08,1F 00 02 2D,int4x4,4,"[32768, 32895]",32858,PatchCommonMFX,mfx:STEP RING MODULATOR,script,-32768,,,,[],"{""file"": ""original-roland-files/Script/A8EE/Script.xml"", ""line"": 2991}"
fm.pat.mfx.stepRingModulator-step09,1F 00 02 31,int4x4,4,"[32768, 32895]",32828,PatchCommonMFX,mfx:STEP RING MODULATOR,script,-32768,,,,[],"{""file"": ""original-roland-files/Script/A8EE/Script.xml"", ""line"": 2999}"
fm.pat.mfx.stepRingModulator-step10,1F 00 02 35,int4x4,4,"[32768, 32895]",32858,PatchCommonMFX,mfx:STEP RING MODULATOR,script,-32768,,,,[],"{""file"": ""original-roland-files/Script/A8EE/Script.xml"", ""line"": 3007}"
fm.pat.mfx.stepRingModulator-step11,1F 00 02 39,int4x4,4,"[32768, 32895]",32828,PatchCommonMFX,mfx:STEP RING MODULATOR,script,-32768,,,,[],"{""file"": ""original-roland-files/Script/A8EE/Script.xml"", ""line"": 3015}"
fm.pat.mfx.stepRingModulator-step12,1F 00 02 3D,int4x4,4,"[32768, 32895]",32858,PatchCommonMFX,mfx:STEP RING MODULATOR,script,-32768,,,,[],"{""file"": ""original-roland-files/Script/A8EE/Script.xml"", ""line"": 3023}"
fm.pat.mfx.stepRingModulator-step13,1F 00 02 41,int4x4,4,"[32768, 32895]",32828,PatchCommonMFX,mfx:STEP RING MODULATOR,script,-32768,,,,[],"{""file"": ""original-roland-files/Script/A8EE/Script.xml"", ""line"": 3031}"
fm.pat.mfx.stepRingModulator-step14,1F 00 02 45,int4x4,4,"[32768, 32895]",32828,PatchCommonMFX,mfx:STEP RING MODULATOR,script,-32768,,,,[],"{""file"": ""original-roland-files/Script/A8EE/Script.xml"", ""line"": 3039}"
fm.pat.mfx.stepRingModulator-step15,1F 00 02 49,int4x4,4,"[32768, 32895]",32858,PatchCommonMFX,mfx:STEP RING MODULATOR,script,-32768,,,,[],"{""file"": ""original-roland-files/Script/A8EE/Script.xml"", ""line"": 3047}"
fm.pat.mfx.stepRingModulator-step16,1F 00 02 4D,int4x4,4,"[32768, 32895]",32828,PatchCommonMFX,mfx:STEP RING MODULATOR,script,-32768,,,,[],"{""file"": ""original-roland-files/Script/A8EE/Script.xml"", ""line"": 3055}"
fm.pat.mfx.stepRingModulator-rateSync,1F 00 02 51,int4x4,4,"[32768, 32769]",32768,PatchCommonMFX,mfx:STEP RING MODULATOR,script,,,,,[],"{""file"": ""original-roland-files/Script/A8EE/Script.xml"", ""line"": 3063}"
fm.pat.mfx.stepRingModulator-rateHz,1F 00 02 55,int4x4,4,"[32769, 32968]",32778,PatchCommonMFX,mfx:STEP RING MODULATOR,script,-32768,"[""0.05"", ""0.10"", ""0.15"", ""0.20"", ""0.25"", ""0.30"", ""0.35"", ""0.40"", ""0.45"", ""0.50"", ""0.55"", ""0.60"", ""0.65"", ""0.70"", ""0.75"", ""0.80"", ""0.85"", ""0.90"", ""0.95"", ""1.00"", ""1.05"", ""1.10"", ""1.15"", ""1.20"", ""1.25"", ""1.30"", ""1.35"", ""1.40"", ""1.45"", ""1.50"", ""1.55"", ""1.60"", ""1.65"", ""1.70"", ""1.75"", ""1.80"", ""1.85"", ""1.90"", ""1.95"", ""2.00"", ""2.05"", ""2.10"", ""2.15"", ""2.20"", ""2.25"", ""2.30"", ""2.35"", ""2.40"", ""2.45"", ""2.50"", ""2.55"", ""2.60"", ""2.65"", ""2.70"", ""2.75"", ""2.80"", ""2.85"", ""2.90"", ""2.95"", ""3.00"", ""3.05"", ""3.10"", ""3.15"", ""3.20"", ""3.25"", ""3.30"", ""3.35"", ""3.40"", ""3.45"", ""3.50"", ""3.55"", ""3.60"", ""3.65"", ""3.70"", ""3.75"", ""3.80"", ""3.85"", ""3.90"", ""3.95"", ""4.00"", ""4.05"", ""4.10"", ""4.15"", ""4.20"", ""4.25"", ""4.30"", ""4.35"", ""4.40"", ""4.45"", ""4.50"", ""4.55"", ""4.60"", ""4.65"", ""4.70"", ""4.75"", ""4.80"", ""4.85"", ""4.90"", ""4.95"", ""5.00"", ""5.05"", ""5.10"", ""5.15"", ""5.20"", ""5.25"", ""5.30"", ""5.35"", ""5.40"", ""5.45"", ""5.50"", ""5.55"", ""5.60"", ""5.65"", ""5.70"", ""5.75"", ""5.80"", ""5.85"", ""5.90"", ""5.95"", ""6.00"", ""6.05"", ""6.10"", ""6.15"", ""6.20"", ""6.25"", ""6.30"", ""6.35"", ""6.40"", ""6.45"", ""6.50"", ""6.55"", ""6.60"", ""6.65"", ""6.70"", ""6.75"", ""6.80"", ""6.85"", ""6.90"", ""6.95"", ""7.00"", ""7.05"", ""7.10"", ""7.15"", ""7.20"", ""7.25"", ""7.30"", ""7.35"", ""7.40"", ""7.45"", ""7.50"", ""7.55"", ""7.60"", ""7.65"", ""7.70"", ""7.75"", ""7.80"", ""7.85"", ""7.90"", ""7.95"", ""8.00"", ""8.05"", ""8.10"", ""8.15"", ""8.20"", ""8.25"", ""8.30"", ""8.35"", ""8.40"", ""8.45"", ""8.50"", ""8.55"", ""8.60"", ""8.65"", ""8.70"", ""8.75"", ""8.80"", ""8.85"", ""8.90"", ""8.95"", ""9.00"", ""9.05"", ""9.10"", ""9.15"", ""9.20"", ""9.25"", ""9.30"", ""9.35"", ""9.40"", ""9.45"", ""9.50"", ""9.55"", ""9.60"", ""9.65"", ""9.70"", ""9.75"", ""9.80"", ""9.85"", ""9.90"", ""9.95"", ""10.00""]",,,"[""enum labels ui-derived from stringTable rateHz-10.00Table""]","{""file"": ""original-roland-files/Script/A8EE/Script.xml"", ""line"": 3071}"
fm.pat.mfx.stepRingModulator-rateNote,1F 00 02 59,int4x4,4,"[32768, 32789]",32786,PatchCommonMFX,mfx:STEP RING MODULATOR,script,,,,,[],"{""file"": ""original-roland-files/Script/A8EE/Script.xml"", ""line"": 3079}"
fm.pat.mfx.stepRingModulator-attack,1F 00 02 5D,int4x4,4,"[32768, 32895]",32818,PatchCommonMFX,mfx:STEP RING MODULATOR,script,-32768,,,,[],"{""file"": ""original-roland-files/Script/A8EE/Script.xml"", ""line"": 3087}"
fm.pat.mfx.stepRingModulator-eqLo,1F 00 02 61,int4x4,4,"[32768, 32798]",32783,PatchCommonMFX,mfx:STEP RING MODULATOR,script,-32768,"[""-15 dB"", ""-14 dB"", ""-13 dB"", ""-12 dB"", ""-11 dB"", ""-10 dB"", ""-9 dB"", ""-8 dB"", ""-7 dB"", ""-6 dB"", ""-5 dB"", ""-4 dB"", ""-3 dB"", ""-2 dB"", ""-1 dB"", ""0 dB"", ""+1 dB"", ""+2 dB"", ""+3 dB"", ""+4 dB"", ""+5 dB"", ""+6 dB"", ""+7 dB"", ""+8 dB"", ""+9 dB"", ""+10 dB"", ""+11 dB"", ""+12 dB"", ""+13 dB"", ""+14 dB"", ""+15 dB""]",,,"[""enum labels ui-derived from stringTable gain-15-1Table""]","{""file"": ""original-roland-files/Script/A8EE/Script.xml"", ""line"": 3095}"
fm.pat.mfx.stepRingModulator-eqHi,1F 00 02 65,int4x4,4,"[32768, 32798]",32783,PatchCommonMFX,mfx:STEP RING MODULATOR,script,-32768,"[""-15 dB"", ""-14 dB"", ""-13 dB"", ""-12 dB"", ""-11 dB"", ""-10 dB"", ""-9 dB"", ""-8 dB"", ""-7 dB"", ""-6 dB"", ""-5 dB"", ""-4 dB"", ""-3 dB"", ""-2 dB"", ""-1 dB"", ""0 dB"", ""+1 dB"", ""+2 dB"", ""+3 dB"", ""+4 dB"", ""+5 dB"", ""+6 dB"", ""+7 dB"", ""+8 dB"", ""+9 dB"", ""+10 dB"", ""+11 dB"", ""+12 dB"", ""+13 dB"", ""+14 dB"", ""+15 dB""]",,,"[""enum labels ui-derived from stringTable gain-15-1Table""]","{""file"": ""original-roland-files/Script/A8EE/Script.xml"", ""line"": 3103}"
fm.pat.mfx.stepRingModulator-bal,1F 00 02 69,int4x4,4,"[32768, 32868]",32818,PatchCommonMFX,mfx:STEP RING MODULATOR,script,,"[""D100:0W"", ""D99:01W"", ""D98:02W"", ""D97:03W"", ""D96:04W"", ""D95:05W"", ""D94:06W"", ""D93:07W"", ""D92:08W"", ""D91:09W"", ""D90:10W"", ""D89:11W"", ""D88:12W"", ""D87:13W"", ""D86:14W"", ""D85:15W"", ""D84:16W"", ""D83:17W"", ""D82:18W"", ""D81:19W"", ""D80:20W"", ""D79:21W"", ""D78:22W"", ""D77:23W"", ""D76:24W"", ""D75:25W"", ""D74:26W"", ""D73:27W"", ""D72:28W"", ""D71:29W"", ""D70:30W"", ""D69:31W"", ""D68:32W"", ""D67:33W"", ""D66:34W"", ""D65:35W"", ""D64:36W"", ""D63:37W"", ""D62:38W"", ""D61:39W"", ""D60:40W"", ""D59:41W"", ""D58:42W"", ""D57:43W"", ""D56:44W"", ""D55:45W"", ""D54:46W"", ""D53:47W"", ""D52:48W"", ""D51:49W"", ""D50:50W"", ""D49:51W"", ""D48:52W"", ""D47:53W"", ""D46:54W"", ""D45:55W"", ""D44:56W"", ""D43:57W"", ""D42:58W"", ""D41:59W"", ""D40:60W"", ""D39:61W"", ""D38:62W"", ""D37:63W"", ""D36:64W"", ""D35:65W"", ""D34:66W"", ""D33:67W"", ""D32:68W"", ""D31:69W"", ""D30:70W"", ""D29:71W"", ""D28:72W"", ""D27:73W"", ""D26:74W"", ""D25:75W"", ""D24:76W"", ""D23:77W"", ""D22:78W"", ""D21:79W"", ""D20:80W"", ""D19:81W"", ""D18:82W"", ""D17:83W"", ""D16:84W"", ""D15:85W"", ""D14:86W"", ""D13:87W"", ""D12:88W"", ""D11:89W"", ""D10:90W"", ""D09:91W"", ""D08:92W"", ""D07:93W"", ""D06:94W"", ""D05:95W"", ""D04:96W"", ""D03:97W"", ""D02:98W"", ""D01:99W"", ""D0:100W""]",,,"[""enum labels ui-derived from stringTable balanceTable""]","{""file"": ""original-roland-files/Script/A8EE/Script.xml"", ""line"": 3111}"
fm.pat.mfx.stepRingModulator-level,1F 00 02 6D,int4x4,4,"[32768, 32895]",32895,PatchCommonMFX,mfx:STEP RING MODULATOR,script,-32768,,,,[],"{""file"": ""original-roland-files/Script/A8EE/Script.xml"", ""line"": 3119}"
fm.pat.mfx.tremolo-modWave,1F 00 02 11,int4x4,4,"[32768, 32772]",32768,PatchCommonMFX,mfx:TREMOLO,script,,"[""TRI"", ""SQR"", ""SIN"", ""SAW1"", ""SAW2""]",,,"[""enum labels ui-derived from stringTable modurationWaveTable""]","{""file"": ""original-roland-files/Script/A8EE/Script.xml"", ""line"": 3127}"
fm.pat.mfx.tremolo-rateSync,1F 00 02 15,int4x4,4,"[32768, 32769]",32768,PatchCommonMFX,mfx:TREMOLO,script,,,,,[],"{""file"": ""original-roland-files/Script/A8EE/Script.xml"", ""line"": 3135}"
fm.pat.mfx.tremolo-rateHz,1F 00 02 19,int4x4,4,"[32769, 32968]",32848,PatchCommonMFX,mfx:TREMOLO,script,-32768,"[""0.05"", ""0.10"", ""0.15"", ""0.20"", ""0.25"", ""0.30"", ""0.35"", ""0.40"", ""0.45"", ""0.50"", ""0.55"", ""0.60"", ""0.65"", ""0.70"", ""0.75"", ""0.80"", ""0.85"", ""0.90"", ""0.95"", ""1.00"", ""1.05"", ""1.10"", ""1.15"", ""1.20"", ""1.25"", ""1.30"", ""1.35"", ""1.40"", ""1.45"", ""1.50"", ""1.55"", ""1.60"", ""1.65"", ""1.70"", ""1.75"", ""1.80"", ""1.85"", ""1.90"", ""1.95"", ""2.00"", ""2.05"", ""2.10"", ""2.15"", ""2.20"", ""2.25"", ""2.30"", ""2.35"", ""2.40"", ""2.45"", ""2.50"", ""2.55"", ""2.60"", ""2.65"", ""2.70"", ""2.75"", ""2.80"", ""2.85"", ""2.90"", ""2.95"", ""3.00"", ""3.05"", ""3.10"", ""3.15"", ""3.20"", ""3.25"", ""3.30"", ""3.35"", ""3.40"", ""3.45"", ""3.50"", ""3.55"", ""3.60"", ""3.65"", ""3.70"", ""3.75"", ""3.80"", ""3.85"", ""3.90"", ""3.95"", ""4.00"", ""4.05"", ""4.10"", ""4.15"", ""4.20"", ""4.25"", ""4.30"", ""4.35"", ""4.40"", ""4.45"", ""4.50"", ""4.55"", ""4.60"", ""4.65"", ""4.70"", ""4.75"", ""4.80"", ""4.85"", ""4.90"", ""4.95"", ""5.00"", ""5.05"", ""5.10"", ""5.15"", ""5.20"", ""5.25"", ""5.30"", ""5.35"", ""5.40"", ""5.45"", ""5.50"", ""5.55"", ""5.60"", ""5.65"", ""5.70"", ""5.75"", ""5.80"", ""5.85"", ""5.90"", ""5.95"", ""6.00"", ""6.05"", ""6.10"", ""6.15"", ""6.20"", ""6.25"", ""6.30"", ""6.35"", ""6.40"", ""6.45"", ""6.50"", ""6.55"", ""6.60"", ""6.65"", ""6.70"", ""6.75"", ""6.80"", ""6.85"", ""6.90"", ""6.95"", ""7.00"", ""7.05"", ""7.10"", ""7.15"", ""7.20"", ""7.25"", ""7.30"", ""7.35"", ""7.40"", ""7.45"", ""7.50"", ""7.55"", ""7.60"", ""7.65"", ""7.70"", ""7.75"", ""7.80"", ""7.85"", ""7.90"", ""7.95"", ""8.00"", ""8.05"", ""8.10"", ""8.15"", ""8.20"", ""8.25"", ""8.30"", ""8.35"", ""8.40"", ""8.45"", ""8.50"", ""8.55"", ""8.60"", ""8.65"", ""8.70"", ""8.75"", ""8.80"", ""8.85"", ""8.90"", ""8.95"", ""9.00"", ""9.05"", ""9.10"", ""9.15"", ""9.20"", ""9.25"", ""9.30"", ""9.35"", ""9.40"", ""9.45"", ""9.50"", ""9.55"", ""9.60"", ""9.65"", ""9.70"", ""9.75"", ""9.80"", ""9.85"", ""9.90"", ""9.95"", ""10.00""]",,,"[""enum labels ui-derived from stringTable rateHz-10.00Table""]","{""file"": ""original-roland-files/Script/A8EE/Script.xml"", ""line"": 3143}"
fm.pat.mfx.tremolo-rateNote,1F 00 02 1D,int4x4,4,"[32768, 32789]",32777,PatchCommonMFX,mfx:TREMOLO,script,,,,,[],"{""file"": ""original-roland-files/Script/A8EE/Script.xml"", ""line"": 3151}"
fm.pat.mfx.tremolo-depth,1F 00 02 21,int4x4,4,"[32768, 32895]",32864,PatchCommonMFX,mfx:TREMOLO,script,-32768,,,,[],"{""file"": ""original-roland-files/Script/A8EE/Script.xml"", ""line"": 3159}"
fm.pat.mfx.tremolo-eqLo,1F 00 02 25,int4x4,4,"[32768, 32798]",32783,PatchCommonMFX,mfx:TREMOLO,script,-32768,"[""-15 dB"", ""-14 dB"", ""-13 dB"", ""-12 dB"", ""-11 dB"", ""-10 dB"", ""-9 dB"", ""-8 dB"", ""-7 dB"", ""-6 dB"", ""-5 dB"", ""-4 dB"", ""-3 dB"", ""-2 dB"", ""-1 dB"", ""0 dB"", ""+1 dB"", ""+2 dB"", ""+3 dB"", ""+4 dB"", ""+5 dB"", ""+6 dB"", ""+7 dB"", ""+8 dB"", ""+9 dB"", ""+10 dB"", ""+11 dB"", ""+12 dB"", ""+13 dB"", ""+14 dB"", ""+15 dB""]",,,"[""enum labels ui-derived from stringTable gain-15-1Table""]","{""file"": ""original-roland-files/Script/A8EE/Script.xml"", ""line"": 3167}"
fm.pat.mfx.tremolo-eqHi,1F 00 02 29,int4x4,4,"[32768, 32798]",32783,PatchCommonMFX,mfx:TREMOLO,script,-32768,"[""-15 dB"", ""-14 dB"", ""-13 dB"", ""-12 dB"", ""-11 dB"", ""-10 dB"", ""-9 dB"", ""-8 dB"", ""-7 dB"", ""-6 dB"", ""-5 dB"", ""-4 dB"", ""-3 dB"", ""-2 dB"", ""-1 dB"", ""0 dB"", ""+1 dB"", ""+2 dB"", ""+3 dB"", ""+4 dB"", ""+5 dB"", ""+6 dB"", ""+7 dB"", ""+8 dB"", ""+9 dB"", ""+10 dB"", ""+11 dB"", ""+12 dB"", ""+13 dB"", ""+14 dB"", ""+15 dB""]",,,"[""enum labels ui-derived from stringTable gain-15-1Table""]","{""file"": ""original-roland-files/Script/A8EE/Script.xml"", ""line"": 3175}"
fm.pat.mfx.tremolo-level,1F 00 02 2D,int4x4,4,"[32768, 32895]",32895,PatchCommonMFX,mfx:TREMOLO,script,-32768,,,,[],"{""file"": ""original-roland-files/Script/A8EE/Script.xml"", ""line"": 3183}"
fm.pat.mfx.autoPan-modWave,1F 00 02 11,int4x4,4,"[32768, 32772]",32768,PatchCommonMFX,mfx:AUTO PAN,script,,"[""TRI"", ""SQR"", ""SIN"", ""SAW1"", ""SAW2""]",,,"[""enum labels ui-derived from stringTable modurationWaveTable""]","{""file"": ""original-roland-files/Script/A8EE/Script.xml"", ""line"": 3191}"
fm.pat.mfx.autoPan-rateSync,1F 00 02 15,int4x4,4,"[32768, 32769]",32768,PatchCommonMFX,mfx:AUTO PAN,script,,,,,[],"{""file"": ""original-roland-files/Script/A8EE/Script.xml"", ""line"": 3199}"
fm.pat.mfx.autoPan-rateHz,1F 00 02 19,int4x4,4,"[32769, 32968]",32848,PatchCommonMFX,mfx:AUTO PAN,script,-32768,"[""0.05"", ""0.10"", ""0.15"", ""0.20"", ""0.25"", ""0.30"", ""0.35"", ""0.40"", ""0.45"", ""0.50"", ""0.55"", ""0.60"", ""0.65"", ""0.70"", ""0.75"", ""0.80"", ""0.85"", ""0.90"", ""0.95"", ""1.00"", ""1.05"", ""1.10"", ""1.15"", ""1.20"", ""1.25"", ""1.30"", ""1.35"", ""1.40"", ""1.45"", ""1.50"", ""1.55"", ""1.60"", ""1.65"", ""1.70"", ""1.75"", ""1.80"", ""1.85"", ""1.90"", ""1.95"", ""2.00"", ""2.05"", ""2.10"", ""2.15"", ""2.20"", ""2.25"", ""2.30"", ""2.35"", ""2.40"", ""2.45"", ""2.50"", ""2.55"", ""2.60"", ""2.65"", ""2.70"", ""2.75"", ""2.80"", ""2.85"", ""2.90"", ""2.95"", ""3.00"", ""3.05"", ""3.10"", ""3.15"", ""3.20"", ""3.25"", ""3.30"", ""3.35"", ""3.40"", ""3.45"", ""3.50"", ""3.55"", ""3.60"", ""3.65"", ""3.70"", ""3.75"", ""3.80"", ""3.85"", ""3.90"", ""3.95"", ""4.00"", ""4.05"", ""4.10"", ""4.15"", ""4.20"", ""4.25"", ""4.30"", ""4.35"", ""4.40"", ""4.45"", ""4.50"", ""4.55"", ""4.60"", ""4.65"", ""4.70"", ""4.75"", ""4.80"", ""4.85"", ""4.90"", ""4.95"", ""5.00"", ""5.05"", ""5.10"", ""5.15"", ""5.20"", ""5.25"", ""5.30"", ""5.35"", ""5.40"", ""5.45"", ""5.50"", ""5.55"", ""5.60"", ""5.65"", ""5.70"", ""5.75"", ""5.80"", ""5.85"", ""5.90"", ""5.95"", ""6.00"", ""6.05"", ""6.10"", ""6.15"", ""6.20"", ""6.25"", ""6.30"", ""6.35"", ""6.40"", ""6.45"", ""6.50"", ""6.55"", ""6.60"", ""6.65"", ""6.70"", ""6.75"", ""6.80"", ""6.85"", ""6.90"", ""6.95"", ""7.00"", ""7.05"", ""7.10"", ""7.15"", ""7.20"", ""7.25"", ""7.30"", ""7.35"", ""7.40"", ""7.45"", ""7.50"", ""7.55"", ""7.60"", ""7.65"", ""7.70"", ""7.75"", ""7.80"", ""7.85"", ""7.90"", ""7.95"", ""8.00"", ""8.05"", ""8.10"", ""8.15"", ""8.20"", ""8.25"", ""8.30"", ""8.35"", ""8.40"", ""8.45"", ""8.50"", ""8.55"", ""8.60"", ""8.65"", ""8.70"", ""8.75"", ""8.80"", ""8.85"", ""8.90"", ""8.95"", ""9.00"", ""9.05"", ""9.10"", ""9.15"", ""9.20"", ""9.25"", ""9.30"", ""9.35"", ""9.40"", ""9.45"", ""9.50"", ""9.55"", ""9.60"", ""9.65"", ""9.70"", ""9.75"", ""9.80"", ""9.85"", ""9.90"", ""9.95"", ""10.00""]",,,"[""enum labels ui-derived from stringTable rateHz-10.00Table""]","{""file"": ""original-roland-files/Script/A8EE/Script.xml"", ""line"": 3207}"
fm.pat.mfx.autoPan-rateNote,1F 00 02 1D,int4x4,4,"[32768, 32789]",32777,PatchCommonMFX,mfx:AUTO PAN,script,,,,,[],"{""file"": ""original-roland-files/Script/A8EE/Script.xml"", ""line"": 3215}"
fm.pat.mfx.autoPan-depth,1F 00 02 21,int4x4,4,"[32768, 32895]",32864,PatchCommonMFX,mfx:AUTO PAN,script,-32768,,,,[],"{""file"": ""original-roland-files/Script/A8EE/Script.xml"", ""line"": 3223}"
fm.pat.mfx.autoPan-eqLo,1F 00 02 25,int4x4,4,"[32768, 32798]",32783,PatchCommonMFX,mfx:AUTO PAN,script,-32768,"[""-15 dB"", ""-14 dB"", ""-13 dB"", ""-12 dB"", ""-11 dB"", ""-10 dB"", ""-9 dB"", ""-8 dB"", ""-7 dB"", ""-6 dB"", ""-5 dB"", ""-4 dB"", ""-3 dB"", ""-2 dB"", ""-1 dB"", ""0 dB"", ""+1 dB"", ""+2 dB"", ""+3 dB"", ""+4 dB"", ""+5 dB"", ""+6 dB"", ""+7 dB"", ""+8 dB"", ""+9 dB"", ""+10 dB"", ""+11 dB"", ""+12 dB"", ""+13 dB"", ""+14 dB"", ""+15 dB""]",,,"[""enum labels ui-derived from stringTable gain-15-1Table""]","{""file"": ""original-roland-files/Script/A8EE/Script.xml"", ""line"": 3231}"
fm.pat.mfx.autoPan-eqHi,1F 00 02 29,int4x4,4,"[32768, 32798]",32783,PatchCommonMFX,mfx:AUTO PAN,script,-32768,"[""-15 dB"", ""-14 dB"", ""-13 dB"", ""-12 dB"", ""-11 dB"", ""-10 dB"", ""-9 dB"", ""-8 dB"", ""-7 dB"", ""-6 dB"", ""-5 dB"", ""-4 dB"", ""-3 dB"", ""-2 dB"", ""-1 dB"", ""0 dB"", ""+1 dB"", ""+2 dB"", ""+3 dB"", ""+4 dB"", ""+5 dB"", ""+6 dB"", ""+7 dB"", ""+8 dB"", ""+9 dB"", ""+10 dB"", ""+11 dB"", ""+12 dB"", ""+13 dB"", ""+14 dB"", ""+15 dB""]",,,"[""enum labels ui-derived from stringTable gain-15-1Table""]","{""file"": ""original-roland-files/Script/A8EE/Script.xml"", ""line"": 3239}"
fm.pat.mfx.autoPan-level,1F 00 02 2D,int4x4,4,"[32768, 32895]",32895,PatchCommonMFX,mfx:AUTO PAN,script,-32768,,,,[],"{""file"": ""original-roland-files/Script/A8EE/Script.xml"", ""line"": 3247}"
fm.pat.mfx.stepPan-step01,1F 00 02 11,int4x4,4,"[32768, 32895]",32832,PatchCommonMFX,mfx:STEP PAN,script,-32768,,,,[],"{""file"": ""original-roland-files/Script/A8EE/Script.xml"", ""line"": 3255}"
fm.pat.mfx.stepPan-step02,1F 00 02 15,int4x4,4,"[32768, 32895]",32768,PatchCommonMFX,mfx:STEP PAN,script,-32768,,,,[],"{""file"": ""original-roland-files/Script/A8EE/Script.xml"", ""line"": 3263}"
fm.pat.mfx.stepPan-step03,1F 00 02 19,int4x4,4,"[32768, 32895]",32832,PatchCommonMFX,mfx:STEP PAN,script,-32768,,,,[],"{""file"": ""original-roland-files/Script/A8EE/Script.xml"", ""line"": 3271}"
fm.pat.mfx.stepPan-step04,1F 00 02 1D,int4x4,4,"[32768, 32895]",32768,PatchCommonMFX,mfx:STEP PAN,script,-32768,,,,[],"{""file"": ""original-roland-files/Script/A8EE/Script.xml"", ""line"": 3279}"
fm.pat.mfx.stepPan-step05,1F 00 02 21,int4x4,4,"[32768, 32895]",32832,PatchCommonMFX,mfx:STEP PAN,script,-32768,,,,[],"{""file"": ""original-roland-files/Script/A8EE/Script.xml"", ""line"": 3287}"
fm.pat.mfx.stepPan-step06,1F 00 02 25,int4x4,4,"[32768, 32895]",32895,PatchCommonMFX,mfx:STEP PAN,script,-32768,,,,[],"{""file"": ""original-roland-files/Script/A8EE/Script.xml"", ""line"": 3295}"
fm.pat.mfx.stepPan-step07,1F 00 02 29,int4x4,4,"[32768, 32895]",32832,PatchCommonMFX,mfx:STEP PAN,script,-32768,,,,[],"{""file"": ""original-roland-files/Script/A8EE/Script.xml"", ""line"": 3303}"
fm.pat.mfx.stepPan-step08,1F 00 02 2D,int4x4,4,"[32768, 32895]",32895,PatchCommonMFX,mfx:STEP PAN,script,-32768,,,,[],"{""file"": ""original-roland-files/Script/A8EE/Script.xml"", ""line"": 3311}"
fm.pat.mfx.stepPan-step09,1F 00 02 31,int4x4,4,"[32768, 32895]",32832,PatchCommonMFX,mfx:STEP PAN,script,-32768,,,,[],"{""file"": ""original-roland-files/Script/A8EE/Script.xml"", ""line"": 3319}"
fm.pat.mfx.stepPan-step10,1F 00 02 35,int4x4,4,"[32768, 32895]",32768,PatchCommonMFX,mfx:STEP PAN,script,-32768,,,,[],"{""file"": ""original-roland-files/Script/A8EE/Script.xml"", ""line"": 3327}"
fm.pat.mfx.stepPan-step11,1F 00 02 39,int4x4,4,"[32768, 32895]",32895,PatchCommonMFX,mfx:STEP PAN,script,-32768,,,,[],"{""file"": ""original-roland-files/Script/A8EE/Script.xml"", ""line"": 3335}"
fm.pat.mfx.stepPan-step12,1F 00 02 3D,int4x4,4,"[32768, 32895]",32768,PatchCommonMFX,mfx:STEP PAN,script,-32768,,,,[],"{""file"": ""original-roland-files/Script/A8EE/Script.xml"", ""line"": 3343}"
fm.pat.mfx.stepPan-step13,1F 00 02 41,int4x4,4,"[32768, 32895]",32832,PatchCommonMFX,mfx:STEP PAN,script,-32768,,,,[],"{""file"": ""original-roland-files/Script/A8EE/Script.xml"", ""line"": 3351}"
fm.pat.mfx.stepPan-step14,1F 00 02 45,int4x4,4,"[32768, 32895]",32895,PatchCommonMFX,mfx:STEP PAN,script,-32768,,,,[],"{""file"": ""original-roland-files/Script/A8EE/Script.xml"", ""line"": 3359}"
fm.pat.mfx.stepPan-step15,1F 00 02 49,int4x4,4,"[32768, 32895]",32768,PatchCommonMFX,mfx:STEP PAN,script,-32768,,,,[],"{""file"": ""original-roland-files/Script/A8EE/Script.xml"", ""line"": 3367}"
fm.pat.mfx.stepPan-step16,1F 00 02 4D,int4x4,4,"[32768, 32895]",32895,PatchCommonMFX,mfx:STEP PAN,script,-32768,,,,[],"{""file"": ""original-roland-files/Script/A8EE/Script.xml"", ""line"": 3375}"
fm.pat.mfx.stepPan-rateSync,1F 00 02 51,int4x4,4,"[32768, 32769]",32768,PatchCommonMFX,mfx:STEP PAN,script,,,,,[],"{""file"": ""original-roland-files/Script/A8EE/Script.xml"", ""line"": 3383}"
fm.pat.mfx.stepPan-rateHz,1F 00 02 55,int4x4,4,"[32769, 32968]",32773,PatchCommonMFX,mfx:STEP PAN,script,-32768,"[""0.05"", ""0.10"", ""0.15"", ""0.20"", ""0.25"", ""0.30"", ""0.35"", ""0.40"", ""0.45"", ""0.50"", ""0.55"", ""0.60"", ""0.65"", ""0.70"", ""0.75"", ""0.80"", ""0.85"", ""0.90"", ""0.95"", ""1.00"", ""1.05"", ""1.10"", ""1.15"", ""1.20"", ""1.25"", ""1.30"", ""1.35"", ""1.40"", ""1.45"", ""1.50"", ""1.55"", ""1.60"", ""1.65"", ""1.70"", ""1.75"", ""1.80"", ""1.85"", ""1.90"", ""1.95"", ""2.00"", ""2.05"", ""2.10"", ""2.15"", ""2.20"", ""2.25"", ""2.30"", ""2.35"", ""2.40"", ""2.45"", ""2.50"", ""2.55"", ""2.60"", ""2.65"", ""2.70"", ""2.75"", ""2.80"", ""2.85"", ""2.90"", ""2.95"", ""3.00"", ""3.05"", ""3.10"", ""3.15"", ""3.20"", ""3.25"", ""3.30"", ""3.35"", ""3.40"", ""3.45"", ""3.50"", ""3.55"", ""3.60"", ""3.65"", ""3.70"", ""3.75"", ""3.80"", ""3.85"", ""3.90"", ""3.95"", ""4.00"", ""4.05"", ""4.10"", ""4.15"", ""4.20"", ""4.25"", ""4.30"", ""4.35"", ""4.40"", ""4.45"", ""4.50"", ""4.55"", ""4.60"", ""4.65"", ""4.70"", ""4.75"", ""4.80"", ""4.85"", ""4.90"", ""4.95"", ""5.00"", ""5.05"", ""5.10"", ""5.15"", ""5.20"", ""5.25"", ""5.30"", ""5.35"", ""5.40"", ""5.45"", ""5.50"", ""5.55"", ""5.60"", ""5.65"", ""5.70"", ""5.75"", ""5.80"", ""5.85"", ""5.90"", ""5.95"", ""6.00"", ""6.05"", ""6.10"", ""6.15"", ""6.20"", ""6.25"", ""6.30"", ""6.35"", ""6.40"", ""6.45"", ""6.50"", ""6.55"", ""6.60"", ""6.65"", ""6.70"", ""6.75"", ""6.80"", ""6.85"", ""6.90"", ""6.95"", ""7.00"", ""7.05"", ""7.10"", ""7.15"", ""7.20"", ""7.25"", ""7.30"", ""7.35"", ""7.40"", ""7.45"", ""7.50"", ""7.55"", ""7.60"", ""7.65"", ""7.70"", ""7.75"", ""7.80"", ""7.85"", ""7.90"", ""7.95"", ""8.00"", ""8.05"", ""8.10"", ""8.15"", ""8.20"", ""8.25"", ""8.30"", ""8.35"", ""8.40"", ""8.45"", ""8.50"", ""8.55"", ""8.60"", ""8.65"", ""8.70"", ""8.75"", ""8.80"", ""8.85"", ""8.90"", ""8.95"", ""9.00"", ""9.05"", ""9.10"", ""9.15"", ""9.20"", ""9.25"", ""9.30"", ""9.35"", ""9.40"", ""9.45"", ""9.50"", ""9.55"", ""9.60"", ""9.65"", ""9.70"", ""9.75"", ""9.80"", ""9.85"", ""9.90"", ""9.95"", ""10.00""]",,,"[""enum labels ui-derived from stringTable rateHz-10.00Table""]","{""file"": ""original-roland-files/Script/A8EE/Script.xml"", ""line"": 3391}"
fm.pat.mfx.stepPan-rateNote,1F 00 02 59,int4x4,4,"[32768, 32789]",32789,PatchCommonMFX,mfx:STEP PAN,script,,,,,[],"{""file"": ""original-roland-files/Script/A8EE/Script.xml"", ""line"": 3399}"
fm.pat.mfx.stepPan-attack,1F 00 02 5D,int4x4,4,"[32768, 32895]",32818,PatchCommonMFX,mfx:STEP PAN,script,-32768,,,,[],"{""file"": ""original-roland-files/Script/A8EE/Script.xml"", ""line"": 3407}"
fm.pat.mfx.stepPan-resetSw,1F 00 02 61,int4x4,4,"[32768, 32769]",32768,PatchCommonMFX,mfx:STEP PAN,script,,,,,[],"{""file"": ""original-roland-files/Script/A8EE/Script.xml"", ""line"": 3415}"
fm.pat.mfx.stepPan-resetThre,1F 00 02 65,int4x4,4,"[32768, 32895]",32828,PatchCommonMFX,mfx:STEP PAN,script,-32768,,,,[],"{""file"": ""original-roland-files/Script/A8EE/Script.xml"", ""line"": 3423}"
fm.pat.mfx.stepPan-level,1F 00 02 69,int4x4,4,"[32768, 32895]",32895,PatchCommonMFX,mfx:STEP PAN,script,-32768,,,,[],"{""file"": ""original-roland-files/Script/A8EE/Script.xml"", ""line"": 3431}"
fm.pat.mfx.slicer-step01,1F 00 02 11,int4x4,4,"[32768, 32895]",32895,PatchCommonMFX,mfx:SLICER,script,-32768,,,,[],"{""file"": ""original-roland-files/Script/A8EE/Script.xml"", ""line"": 3439}"
fm.pat.mfx.slicer-step02,1F 00 02 15,int4x4,4,"[32768, 32895]",32768,PatchCommonMFX,mfx:SLICER,script,-32768,,,,[],"{""file"": ""original-roland-files/Script/A8EE/Script.xml"", ""line"": 3447}"
fm.pat.mfx.slicer-step03,1F 00 02 19,int4x4,4,"[32768, 32895]",32798,PatchCommonMFX,mfx:SLICER,script,-32768,,,,[],"{""file"": ""original-roland-files/Script/A8EE/Script.xml"", ""line"": 3455}"
fm.pat.mfx.slicer-step04,1F 00 02 1D,int4x4,4,"[32768, 32895]",32895,PatchCommonMFX,mfx:SLICER,script,-32768,,,,[],"{""file"": ""original-roland-files/Script/A8EE/Script.xml"", ""line"": 3463}"
fm.pat.mfx.slicer-step05,1F 00 02 21,int4x4,4,"[32768, 32895]",32895,PatchCommonMFX,mfx:SLICER,script,-32768,,,,[],"{""file"": ""original-roland-files/Script/A8EE/Script.xml"", ""line"": 3471}"
fm.pat.mfx.slicer-step06,1F 00 02 25,int4x4,4,"[32768, 32895]",32768,PatchCommonMFX,mfx:SLICER,script,-32768,,,,[],"{""file"": ""original-roland-files/Script/A8EE/Script.xml"", ""line"": 3479}"
fm.pat.mfx.slicer-step07,1F 00 02 29,int4x4,4,"[32768, 32895]",32798,PatchCommonMFX,mfx:SLICER,script,-32768,,,,[],"{""file"": ""original-roland-files/Script/A8EE/Script.xml"", ""line"": 3487}"
fm.pat.mfx.slicer-step08,1F 00 02 2D,int4x4,4,"[32768, 32895]",32768,PatchCommonMFX,mfx:SLICER,script,-32768,,,,[],"{""file"": ""original-roland-files/Script/A8EE/Script.xml"", ""line"": 3495}"
fm.pat.mfx.slicer-step09,1F 00 02 31,int4x4,4,"[32768, 32895]",32895,PatchCommonMFX,mfx:SLICER,script,-32768,,,,[],"{""file"": ""original-roland-files/Script/A8EE/Script.xml"", ""line"": 3503}"
fm.pat.mfx.slicer-step10,1F 00 02 35,int4x4,4,"[32768, 32895]",32768,PatchCommonMFX,mfx:SLICER,script,-32768,,,,[],"{""file"": ""original-roland-files/Script/A8EE/Script.xml"", ""line"": 3511}"
fm.pat.mfx.slicer-step11,1F 00 02 39,int4x4,4,"[32768, 32895]",32798,PatchCommonMFX,mfx:SLICER,script,-32768,,,,[],"{""file"": ""original-roland-files/Script/A8EE/Script.xml"", ""line"": 3519}"
fm.pat.mfx.slicer-step12,1F 00 02 3D,int4x4,4,"[32768, 32895]",32895,PatchCommonMFX,mfx:SLICER,script,-32768,,,,[],"{""file"": ""original-roland-files/Script/A8EE/Script.xml"", ""line"": 3527}"
fm.pat.mfx.slicer-step13,1F 00 02 41,int4x4,4,"[32768, 32895]",32768,PatchCommonMFX,mfx:SLICER,script,-32768,,,,[],"{""file"": ""original-roland-files/Script/A8EE/Script.xml"", ""line"": 3535}"
fm.pat.mfx.slicer-step14,1F 00 02 45,int4x4,4,"[32768, 32895]",32768,PatchCommonMFX,mfx:SLICER,script,-32768,,,,[],"{""file"": ""original-roland-files/Script/A8EE/Script.xml"", ""line"": 3543}"
fm.pat.mfx.slicer-step15,1F 00 02 49,int4x4,4,"[32768, 32895]",32798,PatchCommonMFX,mfx:SLICER,script,-32768,,,,[],"{""file"": ""original-roland-files/Script/A8EE/Script.xml"", ""line"": 3551}"
fm.pat.mfx.slicer-step16,1F 00 02 4D,int4x4,4,"[32768, 32895]",32768,PatchCommonMFX,mfx:SLICER,script,-32768,,,,[],"{""file"": ""original-roland-files/Script/A8EE/Script.xml"", ""line"": 3559}"
fm.pat.mfx.slicer-rateSync,1F 00 02 51,int4x4,4,"[32768, 32769]",32768,PatchCommonMFX,mfx:SLICER,script,,,,,[],"{""file"": ""original-roland-files/Script/A8EE/Script.xml"", ""line"": 3567}"
fm.pat.mfx.slicer-rateHz,1F 00 02 55,int4x4,4,"[32769, 32968]",32778,PatchCommonMFX,mfx:SLICER,script,-32768,"[""0.05"", ""0.10"", ""0.15"", ""0.20"", ""0.25"", ""0.30"", ""0.35"", ""0.40"", ""0.45"", ""0.50"", ""0.55"", ""0.60"", ""0.65"", ""0.70"", ""0.75"", ""0.80"", ""0.85"", ""0.90"", ""0.95"", ""1.00"", ""1.05"", ""1.10"", ""1.15"", ""1.20"", ""1.25"", ""1.30"", ""1.35"", ""1.40"", ""1.45"", ""1.50"", ""1.55"", ""1.60"", ""1.65"", ""1.70"", ""1.75"", ""1.80"", ""1.85"", ""1.90"", ""1.95"", ""2.00"", ""2.05"", ""2.10"", ""2.15"", ""2.20"", ""2.25"", ""2.30"", ""2.35"", ""2.40"", ""2.45"", ""2.50"", ""2.55"", ""2.60"", ""2.65"", ""2.70"", ""2.75"", ""2.80"", ""2.85"", ""2.90"", ""2.95"", ""3.00"", ""3.05"", ""3.10"", ""3.15"", ""3.20"", ""3.25"", ""3.30"", ""3.35"", ""3.40"", ""3.45"", ""3.50"", ""3.55"", ""3.60"", ""3.65"", ""3.70"", ""3.75"", ""3.80"", ""3.85"", ""3.90"", ""3.95"", ""4.00"", ""4.05"", ""4.10"", ""4.15"", ""4.20"", ""4.25"", ""4.30"", ""4.35"", ""4.40"", ""4.45"", ""4.50"", ""4.55"", ""4.60"", ""4.65"", ""4.70"", ""4.75"", ""4.80"", ""4.85"", ""4.90"", ""4.95"", ""5.00"", ""5.05"", ""5.10"", ""5.15"", ""5.20"", ""5.25"", ""5.30"", ""5.35"", ""5.40"", ""5.45"", ""5.50"", ""5.55"", ""5.60"", ""5.65"", ""5.70"", ""5.75"", ""5.80"", ""5.85"", ""5.90"", ""5.95"", ""6.00"", ""6.05"", ""6.10"", ""6.15"", ""6.20"", ""6.25"", ""6.30"", ""6.35"", ""6.40"", ""6.45"", ""6.50"", ""6.55"", ""6.60"", ""6.65"", ""6.70"", ""6.75"", ""6.80"", ""6.85"", ""6.90"", ""6.95"", ""7.00"", ""7.05"", ""7.10"", ""7.15"", ""7.20"", ""7.25"", ""7.30"", ""7.35"", ""7.40"", ""7.45"", ""7.50"", ""7.55"", ""7.60"", ""7.65"", ""7.70"", ""7.75"", ""7.80"", ""7.85"", ""7.90"", ""7.95"", ""8.00"", ""8.05"", ""8.10"", ""8.15"", ""8.20"", ""8.25"", ""8.30"", ""8.35"", ""8.40"", ""8.45"", ""8.50"", ""8.55"", ""8.60"", ""8.65"", ""8.70"", ""8.75"", ""8.80"", ""8.85"", ""8.90"", ""8.95"", ""9.00"", ""9.05"", ""9.10"", ""9.15"", ""9.20"", ""9.25"", ""9.30"", ""9.35"", ""9.40"", ""9.45"", ""9.50"", ""9.55"", ""9.60"", ""9.65"", ""9.70"", ""9.75"", ""9.80"", ""9.85"", ""9.90"", ""9.95"", ""10.00""]",,,"[""enum labels ui-derived from stringTable rateHz-10.00Table""]","{""file"": ""original-roland-files/Script/A8EE/Script.xml"", ""line"": 3575}"
fm.pat.mfx.slicer-rateNote,1F 00 02 59,int4x4,4,"[32768, 32789]",32786,PatchCommonMFX,mfx:SLICER,script,,,,,[],"{""file"": ""original-roland-files/Script/A8EE/Script.xml"", ""line"": 3583}"
fm.pat.mfx.slicer-attack,1F 00 02 5D,int4x4,4,"[32768, 32895]",32818,PatchCommonMFX,mfx:SLICER,script,-32768,,,,[],"{""file"": ""original-roland-files/Script/A8EE/Script.xml"", ""line"": 3591}"
fm.pat.mfx.slicer-resetSw,1F 00 02 61,int4x4,4,"[32768, 32769]",32768,PatchCommonMFX,mfx:SLICER,script,,,,,[],"{""file"": ""original-roland-files/Script/A8EE/Script.xml"", ""line"": 3599}"
fm.pat.mfx.slicer-resetThre,1F 00 02 65,int4x4,4,"[32768, 32895]",32828,PatchCommonMFX,mfx:SLICER,script,-32768,,,,[],"{""file"": ""original-roland-files/Script/A8EE/Script.xml"", ""line"": 3607}"
fm.pat.mfx.slicer-mode,1F 00 02 69,int4x4,4,"[32768, 32769]",32768,PatchCommonMFX,mfx:SLICER,script,,,,,[],"{""file"": ""original-roland-files/Script/A8EE/Script.xml"", ""line"": 3615}"
fm.pat.mfx.slicer-shuffle,1F 00 02 6D,int4x4,4,"[32768, 32895]",32768,PatchCommonMFX,mfx:SLICER,script,-32768,,,,[],"{""file"": ""original-roland-files/Script/A8EE/Script.xml"", ""line"": 3623}"
fm.pat.mfx.slicer-level,1F 00 02 71,int4x4,4,"[32768, 32895]",32895,PatchCommonMFX,mfx:SLICER,script,-32768,,,,[],"{""file"": ""original-roland-files/Script/A8EE/Script.xml"", ""line"": 3631}"
fm.pat.mfx.rotary-speed,1F 00 02 11,int4x4,4,"[32768, 32769]",32768,PatchCommonMFX,mfx:ROTARY,script,,,,,[],"{""file"": ""original-roland-files/Script/A8EE/Script.xml"", ""line"": 3639}"
fm.pat.mfx.rotary-wfSlowSpeed,1F 00 02 15,int4x4,4,"[32769, 32968]",32808,PatchCommonMFX,mfx:ROTARY,script,-32768,"[""0.05 Hz"", ""0.10 Hz"", ""0.15 Hz"", ""0.20 Hz"", ""0.25 Hz"", ""0.30 Hz"", ""0.35 Hz"", ""0.40 Hz"", ""0.45 Hz"", ""0.50 Hz"", ""0.55 Hz"", ""0.60 Hz"", ""0.65 Hz"", ""0.70 Hz"", ""0.75 Hz"", ""0.80 Hz"", ""0.85 Hz"", ""0.90 Hz"", ""0.95 Hz"", ""1.00 Hz"", ""1.05 Hz"", ""1.10 Hz"", ""1.15 Hz"", ""1.20 Hz"", ""1.25 Hz"", ""1.30 Hz"", ""1.35 Hz"", ""1.40 Hz"", ""1.45 Hz"", ""1.50 Hz"", ""1.55 Hz"", ""1.60 Hz"", ""1.65 Hz"", ""1.70 Hz"", ""1.75 Hz"", ""1.80 Hz"", ""1.85 Hz"", ""1.90 Hz"", ""1.95 Hz"", ""2.00 Hz"", ""2.05 Hz"", ""2.10 Hz"", ""2.15 Hz"", ""2.20 Hz"", ""2.25 Hz"", ""2.30 Hz"", ""2.35 Hz"", ""2.40 Hz"", ""2.45 Hz"", ""2.50 Hz"", ""2.55 Hz"", ""2.60 Hz"", ""2.65 Hz"", ""2.70 Hz"", ""2.75 Hz"", ""2.80 Hz"", ""2.85 Hz"", ""2.90 Hz"", ""2.95 Hz"", ""3.00 Hz"", ""3.05 Hz"", ""3.10 Hz"", ""3.15 Hz"", ""3.20 Hz"", ""3.25 Hz"", ""3.30 Hz"", ""3.35 Hz"", ""3.40 Hz"", ""3.45 Hz"", ""3.50 Hz"", ""3.55 Hz"", ""3.60 Hz"", ""3.65 Hz"", ""3.70 Hz"", ""3.75 Hz"", ""3.80 Hz"", ""3.85 Hz"", ""3.90 Hz"", ""3.95 Hz"", ""4.00 Hz"", ""4.05 Hz"", ""4.10 Hz"", ""4.15 Hz"", ""4.20 Hz"", ""4.25 Hz"", ""4.30 Hz"", ""4.35 Hz"", ""4.40 Hz"", ""4.45 Hz"", ""4.50 Hz"", ""4.55 Hz"", ""4.60 Hz"", ""4.65 Hz"", ""4.70 Hz"", ""4.75 Hz"", ""4.80 Hz"", ""4.85 Hz"", ""4.90 Hz"", ""4.95 Hz"", ""5.00 Hz"", ""5.05 Hz"", ""5.10 Hz"", ""5.15 Hz"", ""5.20 Hz"", ""5.25 Hz"", ""5.30 Hz"", ""5.35 Hz"", ""5.40 Hz"", ""5.45 Hz"", ""5.50 Hz"", ""5.55 Hz"", ""5.60 Hz"", ""5.65 Hz"", ""5.70 Hz"", ""5.75 Hz"", ""5.80 Hz"", ""5.85 Hz"", ""5.90 Hz"", ""5.95 Hz"", ""6.00 Hz"", ""6.05 Hz"", ""6.10 Hz"", ""6.15 Hz"", ""6.20 Hz"", ""6.25 Hz"", ""6.30 Hz"", ""6.35 Hz"", ""6.40 Hz"", ""6.45 Hz"", ""6.50 Hz"", ""6.55 Hz"", ""6.60 Hz"", ""6.65 Hz"", ""6.70 Hz"", ""6.75 Hz"", ""6.80 Hz"", ""6.85 Hz"", ""6.90 Hz"", ""6.95 Hz"", ""7.00 Hz"", ""7.05 Hz"", ""7.10 Hz"", ""7.15 Hz"", ""7.20 Hz"", ""7.25 Hz"", ""7.30 Hz"", ""7.35 Hz"", ""7.40 Hz"", ""7.45 Hz"", ""7.50 Hz"", ""7.55 Hz"", ""7.60 Hz"", ""7.65 Hz"", ""7.70 Hz"", ""7.75 Hz"", ""7.80 Hz"", ""7.85 Hz"", ""7.90 Hz"", ""7.95 Hz"", ""8.00 Hz"", ""8.05 Hz"", ""8.10 Hz"", ""8.15 Hz"", ""8.20 Hz"", ""8.25 Hz"", ""8.30 Hz"", ""8.35 Hz"", ""8.40 Hz"", ""8.45 Hz"", ""8.50 Hz"", ""8.55 Hz"", ""8.60 Hz"", ""8.65 Hz"", ""8.70 Hz"", ""8.75 Hz"", ""8.80 Hz"", ""8.85 Hz"", ""8.90 Hz"", ""8.95 Hz"", ""9.00 Hz"", ""9.05 Hz"", ""9.10 Hz"", ""9.15 Hz"", ""9.20 Hz"", ""9.25 Hz"", ""9.30 Hz"", ""9.35 Hz"", ""9.40 Hz"", ""9.45 Hz"", ""9.50 Hz"", ""9.55 Hz"", ""9.60 Hz"", ""9.65 Hz"", ""9.70 Hz"", ""9.75 Hz"", ""9.80 Hz"", ""9.85 Hz"", ""9.90 Hz"", ""9.95 Hz"", ""10.00 Hz""]",,,"[""enum labels ui-derived from stringTable rateHz-10.00wUTable""]","{""file"": ""original-roland-files/Script/A8EE/Script.xml"", ""line"": 3647}"
fm.pat.mfx.rotary-wfFastSpeed,1F 00 02 19,int4x4,4,"[32769, 32968]",32928,PatchCommonMFX,mfx:ROTARY,script,-32768,"[""0.05 Hz"", ""0.10 Hz"", ""0.15 Hz"", ""0.20 Hz"", ""0.25 Hz"", ""0.30 Hz"", ""0.35 Hz"", ""0.40 Hz"", ""0.45 Hz"", ""0.50 Hz"", ""0.55 Hz"", ""0.60 Hz"", ""0.65 Hz"", ""0.70 Hz"", ""0.75 Hz"", ""0.80 Hz"", ""0.85 Hz"", ""0.90 Hz"", ""0.95 Hz"", ""1.00 Hz"", ""1.05 Hz"", ""1.10 Hz"", ""1.15 Hz"", ""1.20 Hz"", ""1.25 Hz"", ""1.30 Hz"", ""1.35 Hz"", ""1.40 Hz"", ""1.45 Hz"", ""1.50 Hz"", ""1.55 Hz"", ""1.60 Hz"", ""1.65 Hz"", ""1.70 Hz"", ""1.75 Hz"", ""1.80 Hz"", ""1.85 Hz"", ""1.90 Hz"", ""1.95 Hz"", ""2.00 Hz"", ""2.05 Hz"", ""2.10 Hz"", ""2.15 Hz"", ""2.20 Hz"", ""2.25 Hz"", ""2.30 Hz"", ""2.35 Hz"", ""2.40 Hz"", ""2.45 Hz"", ""2.50 Hz"", ""2.55 Hz"", ""2.60 Hz"", ""2.65 Hz"", ""2.70 Hz"", ""2.75 Hz"", ""2.80 Hz"", ""2.85 Hz"", ""2.90 Hz"", ""2.95 Hz"", ""3.00 Hz"", ""3.05 Hz"", ""3.10 Hz"", ""3.15 Hz"", ""3.20 Hz"", ""3.25 Hz"", ""3.30 Hz"", ""3.35 Hz"", ""3.40 Hz"", ""3.45 Hz"", ""3.50 Hz"", ""3.55 Hz"", ""3.60 Hz"", ""3.65 Hz"", ""3.70 Hz"", ""3.75 Hz"", ""3.80 Hz"", ""3.85 Hz"", ""3.90 Hz"", ""3.95 Hz"", ""4.00 Hz"", ""4.05 Hz"", ""4.10 Hz"", ""4.15 Hz"", ""4.20 Hz"", ""4.25 Hz"", ""4.30 Hz"", ""4.35 Hz"", ""4.40 Hz"", ""4.45 Hz"", ""4.50 Hz"", ""4.55 Hz"", ""4.60 Hz"", ""4.65 Hz"", ""4.70 Hz"", ""4.75 Hz"", ""4.80 Hz"", ""4.85 Hz"", ""4.90 Hz"", ""4.95 Hz"", ""5.00 Hz"", ""5.05 Hz"", ""5.10 Hz"", ""5.15 Hz"", ""5.20 Hz"", ""5.25 Hz"", ""5.30 Hz"", ""5.35 Hz"", ""5.40 Hz"", ""5.45 Hz"", ""5.50 Hz"", ""5.55 Hz"", ""5.60 Hz"", ""5.65 Hz"", ""5.70 Hz"", ""5.75 Hz"", ""5.80 Hz"", ""5.85 Hz"", ""5.90 Hz"", ""5.95 Hz"", ""6.00 Hz"", ""6.05 Hz"", ""6.10 Hz"", ""6.15 Hz"", ""6.20 Hz"", ""6.25 Hz"", ""6.30 Hz"", ""6.35 Hz"", ""6.40 Hz"", ""6.45 Hz"", ""6.50 Hz"", ""6.55 Hz"", ""6.60 Hz"", ""6.65 Hz"", ""6.70 Hz"", ""6.75 Hz"", ""6.80 Hz"", ""6.85 Hz"", ""6.90 Hz"", ""6.95 Hz"", ""7.00 Hz"", ""7.05 Hz"", ""7.10 Hz"", ""7.15 Hz"", ""7.20 Hz"", ""7.25 Hz"", ""7.30 Hz"", ""7.35 Hz"", ""7.40 Hz"", ""7.45 Hz"", ""7.50 Hz"", ""7.55 Hz"", ""7.60 Hz"", ""7.65 Hz"", ""7.70 Hz"", ""7.75 Hz"", ""7.80 Hz"", ""7.85 Hz"", ""7.90 Hz"", ""7.95 Hz"", ""8.00 Hz"", ""8.05 Hz"", ""8.10 Hz"", ""8.15 Hz"", ""8.20 Hz"", ""8.25 Hz"", ""8.30 Hz"", ""8.35 Hz"", ""8.40 Hz"", ""8.45 Hz"", ""8.50 Hz"", ""8.55 Hz"", ""8.60 Hz"", ""8.65 Hz"", ""8.70 Hz"", ""8.75 Hz"", ""8.80 Hz"", ""8.85 Hz"", ""8.90 Hz"", ""8.95 Hz"", ""9.00 Hz"", ""9.05 Hz"", ""9.10 Hz"", ""9.15 Hz"", ""9.20 Hz"", ""9.25 Hz"", ""9.30 Hz"", ""9.35 Hz"", ""9.40 Hz"", ""9.45 Hz"", ""9.50 Hz"", ""9.55 Hz"", ""9.60 Hz"", ""9.65 Hz"", ""9.70 Hz"", ""9.75 Hz"", ""9.80 Hz"", ""9.85 Hz"", ""9.90 Hz"", ""9.95 Hz"", ""10.00 Hz""]",,,"[""enum labels ui-derived from stringTable rateHz-10.00wUTable""]","{""file"": ""original-roland-files/Script/A8EE/Script.xml"", ""line"": 3655}"
fm.pat.mfx.rotary-wfAccel,1F 00 02 1D,int4x4,4,"[32768, 32783]",32778,PatchCommonMFX,mfx:ROTARY,script,-32768,,,,[],"{""file"": ""original-roland-files/Script/A8EE/Script.xml"", ""line"": 3663}"
fm.pat.mfx.rotary-wfLevel,1F 00 02 21,int4x4,4,"[32768, 32895]",32895,PatchCommonMFX,mfx:ROTARY,script,-32768,,,,[],"{""file"": ""original-roland-files/Script/A8EE/Script.xml"", ""line"": 3671}"
fm.pat.mfx.rotary-twSlowSpeed,1F 00 02 25,int4x4,4,"[32769, 32968]",32808,PatchCommonMFX,mfx:ROTARY,script,-32768,"[""0.05 Hz"", ""0.10 Hz"", ""0.15 Hz"", ""0.20 Hz"", ""0.25 Hz"", ""0.30 Hz"", ""0.35 Hz"", ""0.40 Hz"", ""0.45 Hz"", ""0.50 Hz"", ""0.55 Hz"", ""0.60 Hz"", ""0.65 Hz"", ""0.70 Hz"", ""0.75 Hz"", ""0.80 Hz"", ""0.85 Hz"", ""0.90 Hz"", ""0.95 Hz"", ""1.00 Hz"", ""1.05 Hz"", ""1.10 Hz"", ""1.15 Hz"", ""1.20 Hz"", ""1.25 Hz"", ""1.30 Hz"", ""1.35 Hz"", ""1.40 Hz"", ""1.45 Hz"", ""1.50 Hz"", ""1.55 Hz"", ""1.60 Hz"", ""1.65 Hz"", ""1.70 Hz"", ""1.75 Hz"", ""1.80 Hz"", ""1.85 Hz"", ""1.90 Hz"", ""1.95 Hz"", ""2.00 Hz"", ""2.05 Hz"", ""2.10 Hz"", ""2.15 Hz"", ""2.20 Hz"", ""2.25 Hz"", ""2.30 Hz"", ""2.35 Hz"", ""2.40 Hz"", ""2.45 Hz"", ""2.50 Hz"", ""2.55 Hz"", ""2.60 Hz"", ""2.65 Hz"", ""2.70 Hz"", ""2.75 Hz"", ""2.80 Hz"", ""2.85 Hz"", ""2.90 Hz"", ""2.95 Hz"", ""3.00 Hz"", ""3.05 Hz"", ""3.10 Hz"", ""3.15 Hz"", ""3.20 Hz"", ""3.25 Hz"", ""3.30 Hz"", ""3.35 Hz"", ""3.40 Hz"", ""3.45 Hz"", ""3.50 Hz"", ""3.55 Hz"", ""3.60 Hz"", ""3.65 Hz"", ""3.70 Hz"", ""3.75 Hz"", ""3.80 Hz"", ""3.85 Hz"", ""3.90 Hz"", ""3.95 Hz"", ""4.00 Hz"", ""4.05 Hz"", ""4.10 Hz"", ""4.15 Hz"", ""4.20 Hz"", ""4.25 Hz"", ""4.30 Hz"", ""4.35 Hz"", ""4.40 Hz"", ""4.45 Hz"", ""4.50 Hz"", ""4.55 Hz"", ""4.60 Hz"", ""4.65 Hz"", ""4.70 Hz"", ""4.75 Hz"", ""4.80 Hz"", ""4.85 Hz"", ""4.90 Hz"", ""4.95 Hz"", ""5.00 Hz"", ""5.05 Hz"", ""5.10 Hz"", ""5.15 Hz"", ""5.20 Hz"", ""5.25 Hz"", ""5.30 Hz"", ""5.35 Hz"", ""5.40 Hz"", ""5.45 Hz"", ""5.50 Hz"", ""5.55 Hz"", ""5.60 Hz"", ""5.65 Hz"", ""5.70 Hz"", ""5.75 Hz"", ""5.80 Hz"", ""5.85 Hz"", ""5.90 Hz"", ""5.95 Hz"", ""6.00 Hz"", ""6.05 Hz"", ""6.10 Hz"", ""6.15 Hz"", ""6.20 Hz"", ""6.25 Hz"", ""6.30 Hz"", ""6.35 Hz"", ""6.40 Hz"", ""6.45 Hz"", ""6.50 Hz"", ""6.55 Hz"", ""6.60 Hz"", ""6.65 Hz"", ""6.70 Hz"", ""6.75 Hz"", ""6.80 Hz"", ""6.85 Hz"", ""6.90 Hz"", ""6.95 Hz"", ""7.00 Hz"", ""7.05 Hz"", ""7.10 Hz"", ""7.15 Hz"", ""7.20 Hz"", ""7.25 Hz"", ""7.30 Hz"", ""7.35 Hz"", ""7.40 Hz"", ""7.45 Hz"", ""7.50 Hz"", ""7.55 Hz"", ""7.60 Hz"", ""7.65 Hz"", ""7.70 Hz"", ""7.75 Hz"", ""7.80 Hz"", ""7.85 Hz"", ""7.90 Hz"", ""7.95 Hz"", ""8.00 Hz"", ""8.05 Hz"", ""8.10 Hz"", ""8.15 Hz"", ""8.20 Hz"", ""8.25 Hz"", ""8.30 Hz"", ""8.35 Hz"", ""8.40 Hz"", ""8.45 Hz"", ""8.50 Hz"", ""8.55 Hz"", ""8.60 Hz"", ""8.65 Hz"", ""8.70 Hz"", ""8.75 Hz"", ""8.80 Hz"", ""8.85 Hz"", ""8.90 Hz"", ""8.95 Hz"", ""9.00 Hz"", ""9.05 Hz"", ""9.10 Hz"", ""9.15 Hz"", ""9.20 Hz"", ""9.25 Hz"", ""9.30 Hz"", ""9.35 Hz"", ""9.40 Hz"", ""9.45 Hz"", ""9.50 Hz"", ""9.55 Hz"", ""9.60 Hz"", ""9.65 Hz"", ""9.70 Hz"", ""9.75 Hz"", ""9.80 Hz"", ""9.85 Hz"", ""9.90 Hz"", ""9.95 Hz"", ""10.00 Hz""]",,,"[""enum labels ui-derived from stringTable rateHz-10.00wUTable""]","{""file"": ""original-roland-files/Script/A8EE/Script.xml"", ""line"": 3679}"
fm.pat.mfx.rotary-twFastSpeed,1F 00 02 29,int4x4,4,"[32769, 32968]",32928,PatchCommonMFX,mfx:ROTARY,script,-32768,"[""0.05 Hz"", ""0.10 Hz"", ""0.15 Hz"", ""0.20 Hz"", ""0.25 Hz"", ""0.30 Hz"", ""0.35 Hz"", ""0.40 Hz"", ""0.45 Hz"", ""0.50 Hz"", ""0.55 Hz"", ""0.60 Hz"", ""0.65 Hz"", ""0.70 Hz"", ""0.75 Hz"", ""0.80 Hz"", ""0.85 Hz"", ""0.90 Hz"", ""0.95 Hz"", ""1.00 Hz"", ""1.05 Hz"", ""1.10 Hz"", ""1.15 Hz"", ""1.20 Hz"", ""1.25 Hz"", ""1.30 Hz"", ""1.35 Hz"", ""1.40 Hz"", ""1.45 Hz"", ""1.50 Hz"", ""1.55 Hz"", ""1.60 Hz"", ""1.65 Hz"", ""1.70 Hz"", ""1.75 Hz"", ""1.80 Hz"", ""1.85 Hz"", ""1.90 Hz"", ""1.95 Hz"", ""2.00 Hz"", ""2.05 Hz"", ""2.10 Hz"", ""2.15 Hz"", ""2.20 Hz"", ""2.25 Hz"", ""2.30 Hz"", ""2.35 Hz"", ""2.40 Hz"", ""2.45 Hz"", ""2.50 Hz"", ""2.55 Hz"", ""2.60 Hz"", ""2.65 Hz"", ""2.70 Hz"", ""2.75 Hz"", ""2.80 Hz"", ""2.85 Hz"", ""2.90 Hz"", ""2.95 Hz"", ""3.00 Hz"", ""3.05 Hz"", ""3.10 Hz"", ""3.15 Hz"", ""3.20 Hz"", ""3.25 Hz"", ""3.30 Hz"", ""3.35 Hz"", ""3.40 Hz"", ""3.45 Hz"", ""3.50 Hz"", ""3.55 Hz"", ""3.60 Hz"", ""3.65 Hz"", ""3.70 Hz"", ""3.75 Hz"", ""3.80 Hz"", ""3.85 Hz"", ""3.90 Hz"", ""3.95 Hz"", ""4.00 Hz"", ""4.05 Hz"", ""4.10 Hz"", ""4.15 Hz"", ""4.20 Hz"", ""4.25 Hz"", ""4.30 Hz"", ""4.35 Hz"", ""4.40 Hz"", ""4.45 Hz"", ""4.50 Hz"", ""4.55 Hz"", ""4.60 Hz"", ""4.65 Hz"", ""4.70 Hz"", ""4.75 Hz"", ""4.80 Hz"", ""4.85 Hz"", ""4.90 Hz"", ""4.95 Hz"", ""5.00 Hz"", ""5.05 Hz"", ""5.10 Hz"", ""5.15 Hz"", ""5.20 Hz"", ""5.25 Hz"", ""5.30 Hz"", ""5.35 Hz"", ""5.40 Hz"", ""5.45 Hz"", ""5.50 Hz"", ""5.55 Hz"", ""5.60 Hz"", ""5.65 Hz"", ""5.70 Hz"", ""5.75 Hz"", ""5.80 Hz"", ""5.85 Hz"", ""5.90 Hz"", ""5.95 Hz"", ""6.00 Hz"", ""6.05 Hz"", ""6.10 Hz"", ""6.15 Hz"", ""6.20 Hz"", ""6.25 Hz"", ""6.30 Hz"", ""6.35 Hz"", ""6.40 Hz"", ""6.45 Hz"", ""6.50 Hz"", ""6.55 Hz"", ""6.60 Hz"", ""6.65 Hz"", ""6.70 Hz"", ""6.75 Hz"", ""6.80 Hz"", ""6.85 Hz"", ""6.90 Hz"", ""6.95 Hz"", ""7.00 Hz"", ""7.05 Hz"", ""7.10 Hz"", ""7.15 Hz"", ""7.20 Hz"", ""7.25 Hz"", ""7.30 Hz"", ""7.35 Hz"", ""7.40 Hz"", ""7.45 Hz"", ""7.50 Hz"", ""7.55 Hz"", ""7.60 Hz"", ""7.65 Hz"", ""7.70 Hz"", ""7.75 Hz"", ""7.80 Hz"", ""7.85 Hz"", ""7.90 Hz"", ""7.95 Hz"", ""8.00 Hz"", ""8.05 Hz"", ""8.10 Hz"", ""8.15 Hz"", ""8.20 Hz"", ""8.25 Hz"", ""8.30 Hz"", ""8.35 Hz"", ""8.40 Hz"", ""8.45 Hz"", ""8.50 Hz"", ""8.55 Hz"", ""8.60 Hz"", ""8.65 Hz"", ""8.70 Hz"", ""8.75 Hz"", ""8.80 Hz"", ""8.85 Hz"", ""8.90 Hz"", ""8.95 Hz"", ""9.00 Hz"", ""9.05 Hz"", ""9.10 Hz"", ""9.15 Hz"", ""9.20 Hz"", ""9.25 Hz"", ""9.30 Hz"", ""9.35 Hz"", ""9.40 Hz"", ""9.45 Hz"", ""9.50 Hz"", ""9.55 Hz"", ""9.60 Hz"", ""9.65 Hz"", ""9.70 Hz"", ""9.75 Hz"", ""9.80 Hz"", ""9.85 Hz"", ""9.90 Hz"", ""9.95 Hz"", ""10.00 Hz""]",,,"[""enum labels ui-derived from stringTable rateHz-10.00wUTable""]","{""file"": ""original-roland-files/Script/A8EE/Script.xml"", ""line"": 3687}"
fm.pat.mfx.rotary-twAccel,1F 00 02 2D,int4x4,4,"[32768, 32783]",32778,PatchCommonMFX,mfx:ROTARY,script,-32768,,,,[],"{""file"": ""original-roland-files/Script/A8EE/Script.xml"", ""line"": 3695}"
fm.pat.mfx.rotary-twLevel,1F 00 02 31,int4x4,4,"[32768, 32895]",32895,PatchCommonMFX,mfx:ROTARY,script,-32768,,,,[],"{""file"": ""original-roland-files/Script/A8EE/Script.xml"", ""line"": 3703}"
fm.pat.mfx.rotary-sepa,1F 00 02 35,int4x4,4,"[32768, 32895]",32895,PatchCommonMFX,mfx:ROTARY,script,-32768,,,,[],"{""file"": ""original-roland-files/Script/A8EE/Script.xml"", ""line"": 3711}"
fm.pat.mfx.rotary-level,1F 00 02 39,int4x4,4,"[32768, 32895]",32895,PatchCommonMFX,mfx:ROTARY,script,-32768,,,,[],"{""file"": ""original-roland-files/Script/A8EE/Script.xml"", ""line"": 3719}"
fm.pat.mfx.vkRotary-speed,1F 00 02 11,int4x4,4,"[32768, 32769]",32768,PatchCommonMFX,mfx:VK ROTARY,script,,,,,[],"{""file"": ""original-roland-files/Script/A8EE/Script.xml"", ""line"": 3727}"
fm.pat.mfx.vkRotary-brake,1F 00 02 15,int4x4,4,"[32768, 32769]",32768,PatchCommonMFX,mfx:VK ROTARY,script,,,,,[],"{""file"": ""original-roland-files/Script/A8EE/Script.xml"", ""line"": 3735}"
fm.pat.mfx.vkRotary-wfSlowSpeed,1F 00 02 19,int4x4,4,"[32769, 32968]",32808,PatchCommonMFX,mfx:VK ROTARY,script,-32768,"[""0.05 Hz"", ""0.10 Hz"", ""0.15 Hz"", ""0.20 Hz"", ""0.25 Hz"", ""0.30 Hz"", ""0.35 Hz"", ""0.40 Hz"", ""0.45 Hz"", ""0.50 Hz"", ""0.55 Hz"", ""0.60 Hz"", ""0.65 Hz"", ""0.70 Hz"", ""0.75 Hz"", ""0.80 Hz"", ""0.85 Hz"", ""0.90 Hz"", ""0.95 Hz"", ""1.00 Hz"", ""1.05 Hz"", ""1.10 Hz"", ""1.15 Hz"", ""1.20 Hz"", ""1.25 Hz"", ""1.30 Hz"", ""1.35 Hz"", ""1.40 Hz"", ""1.45 Hz"", ""1.50 Hz"", ""1.55 Hz"", ""1.60 Hz"", ""1.65 Hz"", ""1.70 Hz"", ""1.75 Hz"", ""1.80 Hz"", ""1.85 Hz"", ""1.90 Hz"", ""1.95 Hz"", ""2.00 Hz"", ""2.05 Hz"", ""2.10 Hz"", ""2.15 Hz"", ""2.20 Hz"", ""2.25 Hz"", ""2.30 Hz"", ""2.35 Hz"", ""2.40 Hz"", ""2.45 Hz"", ""2.50 Hz"", ""2.55 Hz"", ""2.60 Hz"", ""2.65 Hz"", ""2.70 Hz"", ""2.75 Hz"", ""2.80 Hz"", ""2.85 Hz"", ""2.90 Hz"", ""2.95 Hz"", ""3.00 Hz"", ""3.05 Hz"", ""3.10 Hz"", ""3.15 Hz"", ""3.20 Hz"", ""3.25 Hz"", ""3.30 Hz"", ""3.35 Hz"", ""3.40 Hz"", ""3.45 Hz"", ""3.50 Hz"", ""3.55 Hz"", ""3.60 Hz"", ""3.65 Hz"", ""3.70 Hz"", ""3.75 Hz"", ""3.80 Hz"", ""3.85 Hz"", ""3.90 Hz"", ""3.95 Hz"", ""4.00 Hz"", ""4.05 Hz"", ""4.10 Hz"", ""4.15 Hz"", ""4.20 Hz"", ""4.25 Hz"", ""4.30 Hz"", ""4.35 Hz"", ""4.40 Hz"", ""4.45 Hz"", ""4.50 Hz"", ""4.55 Hz"", ""4.60 Hz"", ""4.65 Hz"", ""4.70 Hz"", ""4.75 Hz"", ""4.80 Hz"", ""4.85 Hz"", ""4.90 Hz"", ""4.95 Hz"", ""5.00 Hz"", ""5.05 Hz"", ""5.10 Hz"", ""5.15 Hz"", ""5.20 Hz"", ""5.25 Hz"", ""5.30 Hz"", ""5.35 Hz"", ""5.40 Hz"", ""5.45 Hz"", ""5.50 Hz"", ""5.55 Hz"", ""5.60 Hz"", ""5.65 Hz"", ""5.70 Hz"", ""5.75 Hz"", ""5.80 Hz"", ""5.85 Hz"", ""5.90 Hz"", ""5.95 Hz"", ""6.00 Hz"", ""6.05 Hz"", ""6.10 Hz"", ""6.15 Hz"", ""6.20 Hz"", ""6.25 Hz"", ""6.30 Hz"", ""6.35 Hz"", ""6.40 Hz"", ""6.45 Hz"", ""6.50 Hz"", ""6.55 Hz"", ""6.60 Hz"", ""6.65 Hz"", ""6.70 Hz"", ""6.75 Hz"", ""6.80 Hz"", ""6.85 Hz"", ""6.90 Hz"", ""6.95 Hz"", ""7.00 Hz"", ""7.05 Hz"", ""7.10 Hz"", ""7.15 Hz"", ""7.20 Hz"", ""7.25 Hz"", ""7.30 Hz"", ""7.35 Hz"", ""7.40 Hz"", ""7.45 Hz"", ""7.50 Hz"", ""7.55 Hz"", ""7.60 Hz"", ""7.65 Hz"", ""7.70 Hz"", ""7.75 Hz"", ""7.80 Hz"", ""7.85 Hz"", ""7.90 Hz"", ""7.95 Hz"", ""8.00 Hz"", ""8.05 Hz"", ""8.10 Hz"", ""8.15 Hz"", ""8.20 Hz"", ""8.25 Hz"", ""8.30 Hz"", ""8.35 Hz"", ""8.40 Hz"", ""8.45 Hz"", ""8.50 Hz"", ""8.55 Hz"", ""8.60 Hz"", ""8.65 Hz"", ""8.70 Hz"", ""8.75 Hz"", ""8.80 Hz"", ""8.85 Hz"", ""8.90 Hz"", ""8.95 Hz"", ""9.00 Hz"", ""9.05 Hz"", ""9.10 Hz"", ""9.15 Hz"", ""9.20 Hz"", ""9.25 Hz"", ""9.30 Hz"", ""9.35 Hz"", ""9.40 Hz"", ""9.45 Hz"", ""9.50 Hz"", ""9.55 Hz"", ""9.60 Hz"", ""9.65 Hz"", ""9.70 Hz"", ""9.75 Hz"", ""9.80 Hz"", ""9.85 Hz"", ""9.90 Hz"", ""9.95 Hz"", ""10.00 Hz""]",,,"[""enum labels ui-derived from stringTable rateHz-10.00wUTable""]","{""file"": ""original-roland-files/Script/A8EE/Script.xml"", ""line"": 3743}"
fm.pat.mfx.vkRotary-wfFastSpeed,1F 00 02 1D,int4x4,4,"[32769, 32968]",32928,PatchCommonMFX,mfx:VK ROTARY,script,-32768,"[""0.05 Hz"", ""0.10 Hz"", ""0.15 Hz"", ""0.20 Hz"", ""0.25 Hz"", ""0.30 Hz"", ""0.35 Hz"", ""0.40 Hz"", ""0.45 Hz"", ""0.50 Hz"", ""0.55 Hz"", ""0.60 Hz"", ""0.65 Hz"", ""0.70 Hz"", ""0.75 Hz"", ""0.80 Hz"", ""0.85 Hz"", ""0.90 Hz"", ""0.95 Hz"", ""1.00 Hz"", ""1.05 Hz"", ""1.10 Hz"", ""1.15 Hz"", ""1.20 Hz"", ""1.25 Hz"", ""1.30 Hz"", ""1.35 Hz"", ""1.40 Hz"", ""1.45 Hz"", ""1.50 Hz"", ""1.55 Hz"", ""1.60 Hz"", ""1.65 Hz"", ""1.70 Hz"", ""1.75 Hz"", ""1.80 Hz"", ""1.85 Hz"", ""1.90 Hz"", ""1.95 Hz"", ""2.00 Hz"", ""2.05 Hz"", ""2.10 Hz"", ""2.15 Hz"", ""2.20 Hz"", ""2.25 Hz"", ""2.30 Hz"", ""2.35 Hz"", ""2.40 Hz"", ""2.45 Hz"", ""2.50 Hz"", ""2.55 Hz"", ""2.60 Hz"", ""2.65 Hz"", ""2.70 Hz"", ""2.75 Hz"", ""2.80 Hz"", ""2.85 Hz"", ""2.90 Hz"", ""2.95 Hz"", ""3.00 Hz"", ""3.05 Hz"", ""3.10 Hz"", ""3.15 Hz"", ""3.20 Hz"", ""3.25 Hz"", ""3.30 Hz"", ""3.35 Hz"", ""3.40 Hz"", ""3.45 Hz"", ""3.50 Hz"", ""3.55 Hz"", ""3.60 Hz"", ""3.65 Hz"", ""3.70 Hz"", ""3.75 Hz"", ""3.80 Hz"", ""3.85 Hz"", ""3.90 Hz"", ""3.95 Hz"", ""4.00 Hz"", ""4.05 Hz"", ""4.10 Hz"", ""4.15 Hz"", ""4.20 Hz"", ""4.25 Hz"", ""4.30 Hz"", ""4.35 Hz"", ""4.40 Hz"", ""4.45 Hz"", ""4.50 Hz"", ""4.55 Hz"", ""4.60 Hz"", ""4.65 Hz"", ""4.70 Hz"", ""4.75 Hz"", ""4.80 Hz"", ""4.85 Hz"", ""4.90 Hz"", ""4.95 Hz"", ""5.00 Hz"", ""5.05 Hz"", ""5.10 Hz"", ""5.15 Hz"", ""5.20 Hz"", ""5.25 Hz"", ""5.30 Hz"", ""5.35 Hz"", ""5.40 Hz"", ""5.45 Hz"", ""5.50 Hz"", ""5.55 Hz"", ""5.60 Hz"", ""5.65 Hz"", ""5.70 Hz"", ""5.75 Hz"", ""5.80 Hz"", ""5.85 Hz"", ""5.90 Hz"", ""5.95 Hz"", ""6.00 Hz"", ""6.05 Hz"", ""6.10 Hz"", ""6.15 Hz"", ""6.20 Hz"", ""6.25 Hz"", ""6.30 Hz"", ""6.35 Hz"", ""6.40 Hz"", ""6.45 Hz"", ""6.50 Hz"", ""6.55 Hz"", ""6.60 Hz"", ""6.65 Hz"", ""6.70 Hz"", ""6.75 Hz"", ""6.80 Hz"", ""6.85 Hz"", ""6.90 Hz"", ""6.95 Hz"", ""7.00 Hz"", ""7.05 Hz"", ""7.10 Hz"", ""7.15 Hz"", ""7.20 Hz"", ""7.25 Hz"", ""7.30 Hz"", ""7.35 Hz"", ""7.40 Hz"", ""7.45 Hz"", ""7.50 Hz"", ""7.55 Hz"", ""7.60 Hz"", ""7.65 Hz"", ""7.70 Hz"", ""7.75 Hz"", ""7.80 Hz"", ""7.85 Hz"", ""7.90 Hz"", ""7.95 Hz"", ""8.00 Hz"", ""8.05 Hz"", ""8.10 Hz"", ""8.15 Hz"", ""8.20 Hz"", ""8.25 Hz"", ""8.30 Hz"", ""8.35 Hz"", ""8.40 Hz"", ""8.45 Hz"", ""8.50 Hz"", ""8.55 Hz"", ""8.60 Hz"", ""8.65 Hz"", ""8.70 Hz"", ""8.75 Hz"", ""8.80 Hz"", ""8.85 Hz"", ""8.90 Hz"", ""8.95 Hz"", ""9.00 Hz"", ""9.05 Hz"", ""9.10 Hz"", ""9.15 Hz"", ""9.20 Hz"", ""9.25 Hz"", ""9.30 Hz"", ""9.35 Hz"", ""9.40 Hz"", ""9.45 Hz"", ""9.50 Hz"", ""9.55 Hz"", ""9.60 Hz"", ""9.65 Hz"", ""9.70 Hz"", ""9.75 Hz"", ""9.80 Hz"", ""9.85 Hz"", ""9.90 Hz"", ""9.95 Hz"", ""10.00 Hz""]",,,"[""enum labels ui-derived from stringTable rateHz-10.00wUTable""]","{""file"": ""original-roland-files/Script/A8EE/Script.xml"", ""line"": 3751}"
fm.pat.mfx.vkRotary-wfTransUp,1F 00 02 21,int4x4,4,"[32768, 32895]",32832,PatchCommonMFX,mfx:VK ROTARY,script,-32768,,,,[],"{""file"": ""original-roland-files/Script/A8EE/Script.xml"", ""line"": 3759}"
fm.pat.mfx.vkRotary-wfTransDw,1F 00 02 25,int4x4,4,"[32768, 32895]",32832,PatchCommonMFX,mfx:VK ROTARY,script,-32768,,,,[],"{""file"": ""original-roland-files/Script/A8EE/Script.xml"", ""line"": 3767}"
fm.pat.mfx.vkRotary-wfLevel,1F 00 02 29,int4x4,4,"[32768, 32895]",32895,PatchCommonMFX,mfx:VK ROTARY,script,-32768,,,,[],"{""file"": ""original-roland-files/Script/A8EE/Script.xml"", ""line"": 3775}"
fm.pat.mfx.vkRotary-twSlowSpeed,1F 00 02 2D,int4x4,4,"[32769, 32968]",32808,PatchCommonMFX,mfx:VK ROTARY,script,-32768,"[""0.05 Hz"", ""0.10 Hz"", ""0.15 Hz"", ""0.20 Hz"", ""0.25 Hz"", ""0.30 Hz"", ""0.35 Hz"", ""0.40 Hz"", ""0.45 Hz"", ""0.50 Hz"", ""0.55 Hz"", ""0.60 Hz"", ""0.65 Hz"", ""0.70 Hz"", ""0.75 Hz"", ""0.80 Hz"", ""0.85 Hz"", ""0.90 Hz"", ""0.95 Hz"", ""1.00 Hz"", ""1.05 Hz"", ""1.10 Hz"", ""1.15 Hz"", ""1.20 Hz"", ""1.25 Hz"", ""1.30 Hz"", ""1.35 Hz"", ""1.40 Hz"", ""1.45 Hz"", ""1.50 Hz"", ""1.55 Hz"", ""1.60 Hz"", ""1.65 Hz"", ""1.70 Hz"", ""1.75 Hz"", ""1.80 Hz"", ""1.85 Hz"", ""1.90 Hz"", ""1.95 Hz"", ""2.00 Hz"", ""2.05 Hz"", ""2.10 Hz"", ""2.15 Hz"", ""2.20 Hz"", ""2.25 Hz"", ""2.30 Hz"", ""2.35 Hz"", ""2.40 Hz"", ""2.45 Hz"", ""2.50 Hz"", ""2.55 Hz"", ""2.60 Hz"", ""2.65 Hz"", ""2.70 Hz"", ""2.75 Hz"", ""2.80 Hz"", ""2.85 Hz"", ""2.90 Hz"", ""2.95 Hz"", ""3.00 Hz"", ""3.05 Hz"", ""3.10 Hz"", ""3.15 Hz"", ""3.20 Hz"", ""3.25 Hz"", ""3.30 Hz"", ""3.35 Hz"", ""3.40 Hz"", ""3.45 Hz"", ""3.50 Hz"", ""3.55 Hz"", ""3.60 Hz"", ""3.65 Hz"", ""3.70 Hz"", ""3.75 Hz"", ""3.80 Hz"", ""3.85 Hz"", ""3.90 Hz"", ""3.95 Hz"", ""4.00 Hz"", ""4.05 Hz"", ""4.10 Hz"", ""4.15 Hz"", ""4.20 Hz"", ""4.25 Hz"", ""4.30 Hz"", ""4.35 Hz"", ""4.40 Hz"", ""4.45 Hz"", ""4.50 Hz"", ""4.55 Hz"", ""4.60 Hz"", ""4.65 Hz"", ""4.70 Hz"", ""4.75 Hz"", ""4.80 Hz"", ""4.85 Hz"", ""4.90 Hz"", ""4.95 Hz"", ""5.00 Hz"", ""5.05 Hz"", ""5.10 Hz"", ""5.15 Hz"", ""5.20 Hz"", ""5.25 Hz"", ""5.30 Hz"", ""5.35 Hz"", ""5.40 Hz"", ""5.45 Hz"", ""5.50 Hz"", ""5.55 Hz"", ""5.60 Hz"", ""5.65 Hz"", ""5.70 Hz"", ""5.75 Hz"", ""5.80 Hz"", ""5.85 Hz"", ""5.90 Hz"", ""5.95 Hz"", ""6.00 Hz"", ""6.05 Hz"", ""6.10 Hz"", ""6.15 Hz"", ""6.20 Hz"", ""6.25 Hz"", ""6.30 Hz"", ""6.35 Hz"", ""6.40 Hz"", ""6.45 Hz"", ""6.50 Hz"", ""6.55 Hz"", ""6.60 Hz"", ""6.65 Hz"", ""6.70 Hz"", ""6.75 Hz"", ""6.80 Hz"", ""6.85 Hz"", ""6.90 Hz"", ""6.95 Hz"", ""7.00 Hz"", ""7.05 Hz"", ""7.10 Hz"", ""7.15 Hz"", ""7.20 Hz"", ""7.25 Hz"", ""7.30 Hz"", ""7.35 Hz"", ""7.40 Hz"", ""7.45 Hz"", ""7.50 Hz"", ""7.55 Hz"", ""7.60 Hz"", ""7.65 Hz"", ""7.70 Hz"", ""7.75 Hz"", ""7.80 Hz"", ""7.85 Hz"", ""7.90 Hz"", ""7.95 Hz"", ""8.00 Hz"", ""8.05 Hz"", ""8.10 Hz"", ""8.15 Hz"", ""8.20 Hz"", ""8.25 Hz"", ""8.30 Hz"", ""8.35 Hz"", ""8.40 Hz"", ""8.45 Hz"", ""8.50 Hz"", ""8.55 Hz"", ""8.60 Hz"", ""8.65 Hz"", ""8.70 Hz"", ""8.75 Hz"", ""8.80 Hz"", ""8.85 Hz"", ""8.90 Hz"", ""8.95 Hz"", ""9.00 Hz"", ""9.05 Hz"", ""9.10 Hz"", ""9.15 Hz"", ""9.20 Hz"", ""9.25 Hz"", ""9.30 Hz"", ""9.35 Hz"", ""9.40 Hz"", ""9.45 Hz"", ""9.50 Hz"", ""9.55 Hz"", ""9.60 Hz"", ""9.65 Hz"", ""9.70 Hz"", ""9.75 Hz"", ""9.80 Hz"", ""9.85 Hz"", ""9.90 Hz"", ""9.95 Hz"", ""10.00 Hz""]",,,"[""enum labels ui-derived from stringTable rateHz-10.00wUTable""]","{""file"": ""original-roland-files/Script/A8EE/Script.xml"", ""line"": 3783}"
fm.pat.mfx.vkRotary-twFastSpeed,1F 00 02 31,int4x4,4,"[32769, 32968]",32928,PatchCommonMFX,mfx:VK ROTARY,script,-32768,"[""0.05 Hz"", ""0.10 Hz"", ""0.15 Hz"", ""0.20 Hz"", ""0.25 Hz"", ""0.30 Hz"", ""0.35 Hz"", ""0.40 Hz"", ""0.45 Hz"", ""0.50 Hz"", ""0.55 Hz"", ""0.60 Hz"", ""0.65 Hz"", ""0.70 Hz"", ""0.75 Hz"", ""0.80 Hz"", ""0.85 Hz"", ""0.90 Hz"", ""0.95 Hz"", ""1.00 Hz"", ""1.05 Hz"", ""1.10 Hz"", ""1.15 Hz"", ""1.20 Hz"", ""1.25 Hz"", ""1.30 Hz"", ""1.35 Hz"", ""1.40 Hz"", ""1.45 Hz"", ""1.50 Hz"", ""1.55 Hz"", ""1.60 Hz"", ""1.65 Hz"", ""1.70 Hz"", ""1.75 Hz"", ""1.80 Hz"", ""1.85 Hz"", ""1.90 Hz"", ""1.95 Hz"", ""2.00 Hz"", ""2.05 Hz"", ""2.10 Hz"", ""2.15 Hz"", ""2.20 Hz"", ""2.25 Hz"", ""2.30 Hz"", ""2.35 Hz"", ""2.40 Hz"", ""2.45 Hz"", ""2.50 Hz"", ""2.55 Hz"", ""2.60 Hz"", ""2.65 Hz"", ""2.70 Hz"", ""2.75 Hz"", ""2.80 Hz"", ""2.85 Hz"", ""2.90 Hz"", ""2.95 Hz"", ""3.00 Hz"", ""3.05 Hz"", ""3.10 Hz"", ""3.15 Hz"", ""3.20 Hz"", ""3.25 Hz"", ""3.30 Hz"", ""3.35 Hz"", ""3.40 Hz"", ""3.45 Hz"", ""3.50 Hz"", ""3.55 Hz"", ""3.60 Hz"", ""3.65 Hz"", ""3.70 Hz"", ""3.75 Hz"", ""3.80 Hz"", ""3.85 Hz"", ""3.90 Hz"", ""3.95 Hz"", ""4.00 Hz"", ""4.05 Hz"", ""4.10 Hz"", ""4.15 Hz"", ""4.20 Hz"", ""4.25 Hz"", ""4.30 Hz"", ""4.35 Hz"", ""4.40 Hz"", ""4.45 Hz"", ""4.50 Hz"", ""4.55 Hz"", ""4.60 Hz"", ""4.65 Hz"", ""4.70 Hz"", ""4.75 Hz"", ""4.80 Hz"", ""4.85 Hz"", ""4.90 Hz"", ""4.95 Hz"", ""5.00 Hz"", ""5.05 Hz"", ""5.10 Hz"", ""5.15 Hz"", ""5.20 Hz"", ""5.25 Hz"", ""5.30 Hz"", ""5.35 Hz"", ""5.40 Hz"", ""5.45 Hz"", ""5.50 Hz"", ""5.55 Hz"", ""5.60 Hz"", ""5.65 Hz"", ""5.70 Hz"", ""5.75 Hz"", ""5.80 Hz"", ""5.85 Hz"", ""5.90 Hz"", ""5.95 Hz"", ""6.00 Hz"", ""6.05 Hz"", ""6.10 Hz"", ""6.15 Hz"", ""6.20 Hz"", ""6.25 Hz"", ""6.30 Hz"", ""6.35 Hz"", ""6.40 Hz"", ""6.45 Hz"", ""6.50 Hz"", ""6.55 Hz"", ""6.60 Hz"", ""6.65 Hz"", ""6.70 Hz"", ""6.75 Hz"", ""6.80 Hz"", ""6.85 Hz"", ""6.90 Hz"", ""6.95 Hz"", ""7.00 Hz"", ""7.05 Hz"", ""7.10 Hz"", ""7.15 Hz"", ""7.20 Hz"", ""7.25 Hz"", ""7.30 Hz"", ""7.35 Hz"", ""7.40 Hz"", ""7.45 Hz"", ""7.50 Hz"", ""7.55 Hz"", ""7.60 Hz"", ""7.65 Hz"", ""7.70 Hz"", ""7.75 Hz"", ""7.80 Hz"", ""7.85 Hz"", ""7.90 Hz"", ""7.95 Hz"", ""8.00 Hz"", ""8.05 Hz"", ""8.10 Hz"", ""8.15 Hz"", ""8.20 Hz"", ""8.25 Hz"", ""8.30 Hz"", ""8.35 Hz"", ""8.40 Hz"", ""8.45 Hz"", ""8.50 Hz"", ""8.55 Hz"", ""8.60 Hz"", ""8.65 Hz"", ""8.70 Hz"", ""8.75 Hz"", ""8.80 Hz"", ""8.85 Hz"", ""8.90 Hz"", ""8.95 Hz"", ""9.00 Hz"", ""9.05 Hz"", ""9.10 Hz"", ""9.15 Hz"", ""9.20 Hz"", ""9.25 Hz"", ""9.30 Hz"", ""9.35 Hz"", ""9.40 Hz"", ""9.45 Hz"", ""9.50 Hz"", ""9.55 Hz"", ""9.60 Hz"", ""9.65 Hz"", ""9.70 Hz"", ""9.75 Hz"", ""9.80 Hz"", ""9.85 Hz"", ""9.90 Hz"", ""9.95 Hz"", ""10.00 Hz""]",,,"[""enum labels ui-derived from stringTable rateHz-10.00wUTable""]","{""file"": ""original-roland-files/Script/A8EE/Script.xml"", ""line"": 3791}"
fm.pat.mfx.vkRotary-twTransUp,1F 00 02 35,int4x4,4,"[32768, 32895]",32832,PatchCommonMFX,mfx:VK ROTARY,script,-32768,,,,[],"{""file"": ""original-roland-files/Script/A8EE/Script.xml"", ""line"": 3799}"
fm.pat.mfx.vkRotary-twTransDw,1F 00 02 39,int4x4,4,"[32768, 32895]",32832,PatchCommonMFX,mfx:VK ROTARY,script,-32768,,,,[],"{""file"": ""original-roland-files/Script/A8EE/Script.xml"", ""line"": 3807}"
fm.pat.mfx.vkRotary-twLevel,1F 00 02 3D,int4x4,4,"[32768, 32895]",32895,PatchCommonMFX,mfx:VK ROTARY,script,-32768,,,,[],"{""file"": ""original-roland-files/Script/A8EE/Script.xml"", ""line"": 3815}"
fm.pat.mfx.vkRotary-spread,1F 00 02 41,int4x4,4,"[32768, 32778]",32778,PatchCommonMFX,mfx:VK ROTARY,script,-32768,,,,[],"{""file"": ""original-roland-files/Script/A8EE/Script.xml"", ""line"": 3823}"
fm.pat.mfx.vkRotary-eqLo,1F 00 02 45,int4x4,4,"[32768, 32798]",32783,PatchCommonMFX,mfx:VK ROTARY,script,-32768,"[""-15 dB"", ""-14 dB"", ""-13 dB"", ""-12 dB"", ""-11 dB"", ""-10 dB"", ""-9 dB"", ""-8 dB"", ""-7 dB"", ""-6 dB"", ""-5 dB"", ""-4 dB"", ""-3 dB"", ""-2 dB"", ""-1 dB"", ""0 dB"", ""+1 dB"", ""+2 dB"", ""+3 dB"", ""+4 dB"", ""+5 dB"", ""+6 dB"", ""+7 dB"", ""+8 dB"", ""+9 dB"", ""+10 dB"", ""+11 dB"", ""+12 dB"", ""+13 dB"", ""+14 dB"", ""+15 dB""]",,,"[""enum labels ui-derived from stringTable gain-15-1Table""]","{""file"": ""original-roland-files/Script/A8EE/Script.xml"", ""line"": 3831}"
fm.pat.mfx.vkRotary-eqHi,1F 00 02 49,int4x4,4,"[32768, 32798]",32783,PatchCommonMFX,mfx:VK ROTARY,script,-32768,"[""-15 dB"", ""-14 dB"", ""-13 dB"", ""-12 dB"", ""-11 dB"", ""-10 dB"", ""-9 dB"", ""-8 dB"", ""-7 dB"", ""-6 dB"", ""-5 dB"", ""-4 dB"", ""-3 dB"", ""-2 dB"", ""-1 dB"", ""0 dB"", ""+1 dB"", ""+2 dB"", ""+3 dB"", ""+4 dB"", ""+5 dB"", ""+6 dB"", ""+7 dB"", ""+8 dB"", ""+9 dB"", ""+10 dB"", ""+11 dB"", ""+12 dB"", ""+13 dB"", ""+14 dB"", ""+15 dB""]",,,"[""enum labels ui-derived from stringTable gain-15-1Table""]","{""file"": ""original-roland-files/Script/A8EE/Script.xml"", ""line"": 3839}"
fm.pat.mfx.vkRotary-level,1F 00 02 4D,int4x4,4,"[32768, 32895]",32895,PatchCommonMFX,mfx:VK ROTARY,script,-32768,,,,[],"{""file"": ""original-roland-files/Script/A8EE/Script.xml"", ""line"": 3847}"
fm.pat.mfx.vkRotary-type,1F 00 02 51,int4x4,4,"[32768, 32770]",32768,PatchCommonMFX,mfx:VK ROTARY,script,,,,,[],"{""file"": ""original-roland-files/Script/A8EE/Script.xml"", ""line"": 3855}"
fm.pat.mfx.chorus-filt,1F 00 02 11,int4x4,4,"[32768, 32770]",32770,PatchCommonMFX,mfx:CHORUS,script,,,,,[],"{""file"": ""original-roland-files/Script/A8EE/Script.xml"", ""line"": 3863}"
fm.pat.mfx.chorus-splt,1F 00 02 15,int4x4,4,"[32768, 32784]",32774,PatchCommonMFX,mfx:CHORUS,script,-32768,,,,[],"{""file"": ""original-roland-files/Script/A8EE/Script.xml"", ""line"": 3871}"
fm.pat.mfx.chorus-dly,1F 00 02 19,int4x4,4,"[32768, 32893]",32788,PatchCommonMFX,mfx:CHORUS,script,-32768,"[""0.0 ms"", ""0.1 ms"", ""0.2 ms"", ""0.3 ms"", ""0.4 ms"", ""0.5 ms"", ""0.6 ms"", ""0.7 ms"", ""0.8 ms"", ""0.9 ms"", ""1.0 ms"", ""1.1 ms"", ""1.2 ms"", ""1.3 ms"", ""1.4 ms"", ""1.5 ms"", ""1.6 ms"", ""1.7 ms"", ""1.8 ms"", ""1.9 ms"", ""2.0 ms"", ""2.1 ms"", ""2.2 ms"", ""2.3 ms"", ""2.4 ms"", ""2.5 ms"", ""2.6 ms"", ""2.7 ms"", ""2.8 ms"", ""2.9 ms"", ""3.0 ms"", ""3.1 ms"", ""3.2 ms"", ""3.3 ms"", ""3.4 ms"", ""3.5 ms"", ""3.6 ms"", ""3.7 ms"", ""3.8 ms"", ""3.9 ms"", ""4.0 ms"", ""4.1 ms"", ""4.2 ms"", ""4.3 ms"", ""4.4 ms"", ""4.5 ms"", ""4.6 ms"", ""4.7 ms"", ""4.8 ms"", ""4.9 ms"", ""5.0 ms"", ""5.5 ms"", ""6.0 ms"", ""6.5 ms"", ""7.0 ms"", ""7.5 ms"", ""8.0 ms"", ""8.5 ms"", ""9.0 ms"", ""9.5 ms"", ""10.0 ms"", ""11.0 ms"", ""12.0 ms"", ""13.0 ms"", ""14.0 ms"", ""15.0 ms"", ""16.0 ms"", ""17.0 ms"", ""18.0 ms"", ""19.0 ms"", ""20.0 ms"", ""21.0 ms"", ""22.0 ms"", ""23.0 ms"", ""24.0 ms"", ""25.0 ms"", ""26.0 ms"", ""27.0 ms"", ""28.0 ms"", ""29.0 ms"", ""30.0 ms"", ""31.0 ms"", ""32.0 ms"", ""33.0 ms"", ""34.0 ms"", ""35.0 ms"", ""36.0 ms"", ""37.0 ms"", ""38.0 ms"", ""39.0 ms"", ""40.0 ms"", ""41.0 ms"", ""42.0 ms"", ""43.0 ms"", ""44.0 ms"", ""45.0 ms"", ""46.0 ms"", ""47.0 ms"", ""48.0 ms"", ""49.0 ms"", ""50.0 ms"", ""52.0 ms"", ""54.0 ms"", ""56.0 ms"", ""58.0 ms"", ""60.0 ms"", ""62.0 ms"", ""64.0 ms"", ""66.0 ms"", ""68.0 ms"", ""70.0 ms"", ""72.0 ms"", ""74.0 ms"", ""76.0 ms"", ""78.0 ms"", ""80.0 ms"", ""82.0 ms"", ""84.0 ms"", ""86.0 ms"", ""88.0 ms"", ""90.0 ms"", ""92.0 ms"", ""94.0 ms"", ""96.0 ms"", ""98.0 ms"", ""100.0 ms""]",,,"[""enum labels ui-derived from stringTable delayTime0-100Table""]","{""file"": ""original-roland-files/Script/A8EE/Script.xml"", ""line"": 3879}"
fm.pat.mfx.chorus-rateSync,1F 00 02 1D,int4x4,4,"[32768, 32769]",32768,PatchCommonMFX,mfx:CHORUS,script,,,,,[],"{""file"": ""original-roland-files/Script/A8EE/Script.xml"", ""line"": 3887}"
fm.pat.mfx.chorus-rateHz,1F 00 02 21,int4x4,4,"[32769, 32968]",32778,PatchCommonMFX,mfx:CHORUS,script,-32768,"[""0.05"", ""0.10"", ""0.15"", ""0.20"", ""0.25"", ""0.30"", ""0.35"", ""0.40"", ""0.45"", ""0.50"", ""0.55"", ""0.60"", ""0.65"", ""0.70"", ""0.75"", ""0.80"", ""0.85"", ""0.90"", ""0.95"", ""1.00"", ""1.05"", ""1.10"", ""1.15"", ""1.20"", ""1.25"", ""1.30"", ""1.35"", ""1.40"", ""1.45"", ""1.50"", ""1.55"", ""1.60"", ""1.65"", ""1.70"", ""1.75"", ""1.80"", ""1.85"", ""1.90"", ""1.95"", ""2.00"", ""2.05"", ""2.10"", ""2.15"", ""2.20"", ""2.25"", ""2.30"", ""2.35"", ""2.40"", ""2.45"", ""2.50"", ""2.55"", ""2.60"", ""2.65"", ""2.70"", ""2.75"", ""2.80"", ""2.85"", ""2.90"", ""2.95"", ""3.00"", ""3.05"", ""3.10"", ""3.15"", ""3.20"", ""3.25"", ""3.30"", ""3.35"", ""3.40"", ""3.45"", ""3.50"", ""3.55"", ""3.60"", ""3.65"", ""3.70"", ""3.75"", ""3.80"", ""3.85"", ""3.90"", ""3.95"", ""4.00"", ""4.05"", ""4.10"", ""4.15"", ""4.20"", ""4.25"", ""4.30"", ""4.35"", ""4.40"", ""4.45"", ""4.50"", ""4.55"", ""4.60"", ""4.65"", ""4.70"", ""4.75"", ""4.80"", ""4.85"", ""4.90"", ""4.95"", ""5.00"", ""5.05"", ""5.10"", ""5.15"", ""5.20"", ""5.25"", ""5.30"", ""5.35"", ""5.40"", ""5.45"", ""5.50"", ""5.55"", ""5.60"", ""5.65"", ""5.70"", ""5.75"", ""5.80"", ""5.85"", ""5.90"", ""5.95"", ""6.00"", ""6.05"", ""6.10"", ""6.15"", ""6.20"", ""6.25"", ""6.30"", ""6.35"", ""6.40"", ""6.45"", ""6.50"", ""6.55"", ""6.60"", ""6.65"", ""6.70"", ""6.75"", ""6.80"", ""6.85"", ""6.90"", ""6.95"", ""7.00"", ""7.05"", ""7.10"", ""7.15"", ""7.20"", ""7.25"", ""7.30"", ""7.35"", ""7.40"", ""7.45"", ""7.50"", ""7.55"", ""7.60"", ""7.65"", ""7.70"", ""7.75"", ""7.80"", ""7.85"", ""7.90"", ""7.95"", ""8.00"", ""8.05"", ""8.10"", ""8.15"", ""8.20"", ""8.25"", ""8.30"", ""8.35"", ""8.40"", ""8.45"", ""8.50"", ""8.55"", ""8.60"", ""8.65"", ""8.70"", ""8.75"", ""8.80"", ""8.85"", ""8.90"", ""8.95"", ""9.00"", ""9.05"", ""9.10"", ""9.15"", ""9.20"", ""9.25"", ""9.30"", ""9.35"", ""9.40"", ""9.45"", ""9.50"", ""9.55"", ""9.60"", ""9.65"", ""9.70"", ""9.75"", ""9.80"", ""9.85"", ""9.90"", ""9.95"", ""10.00""]",,,"[""enum labels ui-derived from stringTable rateHz-10.00Table""]","{""file"": ""original-roland-files/Script/A8EE/Script.xml"", ""line"": 3895}"
fm.pat.mfx.chorus-rateNote,1F 00 02 25,int4x4,4,"[32768, 32789]",32786,PatchCommonMFX,mfx:CHORUS,script,,,,,[],"{""file"": ""original-roland-files/Script/A8EE/Script.xml"", ""line"": 3903}"
fm.pat.mfx.chorus-depth,1F 00 02 29,int4x4,4,"[32768, 32895]",32788,PatchCommonMFX,mfx:CHORUS,script,-32768,,,,[],"{""file"": ""original-roland-files/Script/A8EE/Script.xml"", ""line"": 3911}"
fm.pat.mfx.chorus-phs,1F 00 02 2D,int4x4,4,"[32768, 32858]",32858,PatchCommonMFX,mfx:CHORUS,script,-32768,,,,[],"{""file"": ""original-roland-files/Script/A8EE/Script.xml"", ""line"": 3919}"
fm.pat.mfx.chorus-eqLo,1F 00 02 31,int4x4,4,"[32768, 32798]",32783,PatchCommonMFX,mfx:CHORUS,script,-32768,"[""-15 dB"", ""-14 dB"", ""-13 dB"", ""-12 dB"", ""-11 dB"", ""-10 dB"", ""-9 dB"", ""-8 dB"", ""-7 dB"", ""-6 dB"", ""-5 dB"", ""-4 dB"", ""-3 dB"", ""-2 dB"", ""-1 dB"", ""0 dB"", ""+1 dB"", ""+2 dB"", ""+3 dB"", ""+4 dB"", ""+5 dB"", ""+6 dB"", ""+7 dB"", ""+8 dB"", ""+9 dB"", ""+10 dB"", ""+11 dB"", ""+12 dB"", ""+13 dB"", ""+14 dB"", ""+15 dB""]",,,"[""enum labels ui-derived from stringTable gain-15-1Table""]","{""file"": ""original-roland-files/Script/A8EE/Script.xml"", ""line"": 3927}"
fm.pat.mfx.chorus-eqHi,1F 00 02 35,int4x4,4,"[32768, 32798]",32783,PatchCommonMFX,mfx:CHORUS,script,-32768,"[""-15 dB"", ""-14 dB"", ""-13 dB"", ""-12 dB"", ""-11 dB"", ""-10 dB"", ""-9 dB"", ""-8 dB"", ""-7 dB"", ""-6 dB"", ""-5 dB"", ""-4 dB"", ""-3 dB"", ""-2 dB"", ""-1 dB"", ""0 dB"", ""+1 dB"", ""+2 dB"", ""+3 dB"", ""+4 dB"", ""+5 dB"", ""+6 dB"", ""+7 dB"", ""+8 dB"", ""+9 dB"", ""+10 dB"", ""+11 dB"", ""+12 dB"", ""+13 dB"", ""+14 dB"", ""+15 dB""]",,,"[""enum labels ui-derived from stringTable gain-15-1Table""]","{""file"": ""original-roland-files/Script/A8EE/Script.xml"", ""line"": 3935}"
fm.pat.mfx.chorus-bal,1F 00 02 39,int4x4,4,"[32768, 32868]",32818,PatchCommonMFX,mfx:CHORUS,script,,"[""D100:0W"", ""D99:01W"", ""D98:02W"", ""D97:03W"", ""D96:04W"", ""D95:05W"", ""D94:06W"", ""D93:07W"", ""D92:08W"", ""D91:09W"", ""D90:10W"", ""D89:11W"", ""D88:12W"", ""D87:13W"", ""D86:14W"", ""D85:15W"", ""D84:16W"", ""D83:17W"", ""D82:18W"", ""D81:19W"", ""D80:20W"", ""D79:21W"", ""D78:22W"", ""D77:23W"", ""D76:24W"", ""D75:25W"", ""D74:26W"", ""D73:27W"", ""D72:28W"", ""D71:29W"", ""D70:30W"", ""D69:31W"", ""D68:32W"", ""D67:33W"", ""D66:34W"", ""D65:35W"", ""D64:36W"", ""D63:37W"", ""D62:38W"", ""D61:39W"", ""D60:40W"", ""D59:41W"", ""D58:42W"", ""D57:43W"", ""D56:44W"", ""D55:45W"", ""D54:46W"", ""D53:47W"", ""D52:48W"", ""D51:49W"", ""D50:50W"", ""D49:51W"", ""D48:52W"", ""D47:53W"", ""D46:54W"", ""D45:55W"", ""D44:56W"", ""D43:57W"", ""D42:58W"", ""D41:59W"", ""D40:60W"", ""D39:61W"", ""D38:62W"", ""D37:63W"", ""D36:64W"", ""D35:65W"", ""D34:66W"", ""D33:67W"", ""D32:68W"", ""D31:69W"", ""D30:70W"", ""D29:71W"", ""D28:72W"", ""D27:73W"", ""D26:74W"", ""D25:75W"", ""D24:76W"", ""D23:77W"", ""D22:78W"", ""D21:79W"", ""D20:80W"", ""D19:81W"", ""D18:82W"", ""D17:83W"", ""D16:84W"", ""D15:85W"", ""D14:86W"", ""D13:87W"", ""D12:88W"", ""D11:89W"", ""D10:90W"", ""D09:91W"", ""D08:92W"", ""D07:93W"", ""D06:94W"", ""D05:95W"", ""D04:96W"", ""D03:97W"", ""D02:98W"", ""D01:99W"", ""D0:100W""]",,,"[""enum labels ui-derived from stringTable balanceTable""]","{""file"": ""original-roland-files/Script/A8EE/Script.xml"", ""line"": 3943}"
fm.pat.mfx.chorus-level,1F 00 02 3D,int4x4,4,"[32768, 32895]",32895,PatchCommonMFX,mfx:CHORUS,script,-32768,,,,[],"{""file"": ""original-roland-files/Script/A8EE/Script.xml"", ""line"": 3951}"
fm.pat.mfx.flanger-filt,1F 00 02 11,int4x4,4,"[32768, 32770]",32770,PatchCommonMFX,mfx:FLANGER,script,,,,,[],"{""file"": ""original-roland-files/Script/A8EE/Script.xml"", ""line"": 3959}"
fm.pat.mfx.flanger-splt,1F 00 02 15,int4x4,4,"[32768, 32784]",32774,PatchCommonMFX,mfx:FLANGER,script,-32768,,,,[],"{""file"": ""original-roland-files/Script/A8EE/Script.xml"", ""line"": 3967}"
fm.pat.mfx.flanger-dly,1F 00 02 19,int4x4,4,"[32768, 32893]",32788,PatchCommonMFX,mfx:FLANGER,script,-32768,"[""0.0 ms"", ""0.1 ms"", ""0.2 ms"", ""0.3 ms"", ""0.4 ms"", ""0.5 ms"", ""0.6 ms"", ""0.7 ms"", ""0.8 ms"", ""0.9 ms"", ""1.0 ms"", ""1.1 ms"", ""1.2 ms"", ""1.3 ms"", ""1.4 ms"", ""1.5 ms"", ""1.6 ms"", ""1.7 ms"", ""1.8 ms"", ""1.9 ms"", ""2.0 ms"", ""2.1 ms"", ""2.2 ms"", ""2.3 ms"", ""2.4 ms"", ""2.5 ms"", ""2.6 ms"", ""2.7 ms"", ""2.8 ms"", ""2.9 ms"", ""3.0 ms"", ""3.1 ms"", ""3.2 ms"", ""3.3 ms"", ""3.4 ms"", ""3.5 ms"", ""3.6 ms"", ""3.7 ms"", ""3.8 ms"", ""3.9 ms"", ""4.0 ms"", ""4.1 ms"", ""4.2 ms"", ""4.3 ms"", ""4.4 ms"", ""4.5 ms"", ""4.6 ms"", ""4.7 ms"", ""4.8 ms"", ""4.9 ms"", ""5.0 ms"", ""5.5 ms"", ""6.0 ms"", ""6.5 ms"", ""7.0 ms"", ""7.5 ms"", ""8.0 ms"", ""8.5 ms"", ""9.0 ms"", ""9.5 ms"", ""10.0 ms"", ""11.0 ms"", ""12.0 ms"", ""13.0 ms"", ""14.0 ms"", ""15.0 ms"", ""16.0 ms"", ""17.0 ms"", ""18.0 ms"", ""19.0 ms"", ""20.0 ms"", ""21.0 ms"", ""22.0 ms"", ""23.0 ms"", ""24.0 ms"", ""25.0 ms"", ""26.0 ms"", ""27.0 ms"", ""28.0 ms"", ""29.0 ms"", ""30.0 ms"", ""31.0 ms"", ""32.0 ms"", ""33.0 ms"", ""34.0 ms"", ""35.0 ms"", ""36.0 ms"", ""37.0 ms"", ""38.0 ms"", ""39.0 ms"", ""40.0 ms"", ""41.0 ms"", ""42.0 ms"", ""43.0 ms"", ""44.0 ms"", ""45.0 ms"", ""46.0 ms"", ""47.0 ms"", ""48.0 ms"", ""49.0 ms"", ""50.0 ms"", ""52.0 ms"", ""54.0 ms"", ""56.0 ms"", ""58.0 ms"", ""60.0 ms"", ""62.0 ms"", ""64.0 ms"", ""66.0 ms"", ""68.0 ms"", ""70.0 ms"", ""72.0 ms"", ""74.0 ms"", ""76.0 ms"", ""78.0 ms"", ""80.0 ms"", ""82.0 ms"", ""84.0 ms"", ""86.0 ms"", ""88.0 ms"", ""90.0 ms"", ""92.0 ms"", ""94.0 ms"", ""96.0 ms"", ""98.0 ms"", ""100.0 ms""]",,,"[""enum labels ui-derived from stringTable delayTime0-100Table""]","{""file"": ""original-roland-files/Script/A8EE/Script.xml"", ""line"": 3975}"
fm.pat.mfx.flanger-rateSync,1F 00 02 1D,int4x4,4,"[32768, 32769]",32768,PatchCommonMFX,mfx:FLANGER,script,,,,,[],"{""file"": ""original-roland-files/Script/A8EE/Script.xml"", ""line"": 3983}"
fm.pat.mfx.flanger-rateHz,1F 00 02 21,int4x4,4,"[32769, 32968]",32778,PatchCommonMFX,mfx:FLANGER,script,-32768,"[""0.05"", ""0.10"", ""0.15"", ""0.20"", ""0.25"", ""0.30"", ""0.35"", ""0.40"", ""0.45"", ""0.50"", ""0.55"", ""0.60"", ""0.65"", ""0.70"", ""0.75"", ""0.80"", ""0.85"", ""0.90"", ""0.95"", ""1.00"", ""1.05"", ""1.10"", ""1.15"", ""1.20"", ""1.25"", ""1.30"", ""1.35"", ""1.40"", ""1.45"", ""1.50"", ""1.55"", ""1.60"", ""1.65"", ""1.70"", ""1.75"", ""1.80"", ""1.85"", ""1.90"", ""1.95"", ""2.00"", ""2.05"", ""2.10"", ""2.15"", ""2.20"", ""2.25"", ""2.30"", ""2.35"", ""2.40"", ""2.45"", ""2.50"", ""2.55"", ""2.60"", ""2.65"", ""2.70"", ""2.75"", ""2.80"", ""2.85"", ""2.90"", ""2.95"", ""3.00"", ""3.05"", ""3.10"", ""3.15"", ""3.20"", ""3.25"", ""3.30"", ""3.35"", ""3.40"", ""3.45"", ""3.50"", ""3.55"", ""3.60"", ""3.65"", ""3.70"", ""3.75"", ""3.80"", ""3.85"", ""3.90"", ""3.95"", ""4.00"", ""4.05"", ""4.10"", ""4.15"", ""4.20"", ""4.25"", ""4.30"", ""4.35"", ""4.40"", ""4.45"", ""4.50"", ""4.55"", ""4.60"", ""4.65"", ""4.70"", ""4.75"", ""4.80"", ""4.85"", ""4.90"", ""4.95"", ""5.00"", ""5.05"", ""5.10"", ""5.15"", ""5.20"", ""5.25"", ""5.30"", ""5.35"", ""5.40"", ""5.45"", ""5.50"", ""5.55"", ""5.60"", ""5.65"", ""5.70"", ""5.75"", ""5.80"", ""5.85"", ""5.90"", ""5.95"", ""6.00"", ""6.05"", ""6.10"", ""6.15"", ""6.20"", ""6.25"", ""6.30"", ""6.35"", ""6.40"", ""6.45"", ""6.50"", ""6.55"", ""6.60"", ""6.65"", ""6.70"", ""6.75"", ""6.80"", ""6.85"", ""6.90"", ""6.95"", ""7.00"", ""7.05"", ""7.10"", ""7.15"", ""7.20"", ""7.25"", ""7.30"", ""7.35"", ""7.40"", ""7.45"", ""7.50"", ""7.55"", ""7.60"", ""7.65"", ""7.70"", ""7.75"", ""7.80"", ""7.85"", ""7.90"", ""7.95"", ""8.00"", ""8.05"", ""8.10"", ""8.15"", ""8.20"", ""8.25"", ""8.30"", ""8.35"", ""8.40"", ""8.45"", ""8.50"", ""8.55"", ""8.60"", ""8.65"", ""8.70"", ""8.75"", ""8.80"", ""8.85"", ""8.90"", ""8.95"", ""9.00"", ""9.05"", ""9.10"", ""9.15"", ""9.20"", ""9.25"", ""9.30"", ""9.35"", ""9.40"", ""9.45"", ""9.50"", ""9.55"", ""9.60"", ""9.65"", ""9.70"", ""9.75"", ""9.80"", ""9.85"", ""9.90"", ""9.95"", ""10.00""]",,,"[""enum labels ui-derived from stringTable rateHz-10.00Table""]","{""file"": ""original-roland-files/Script/A8EE/Script.xml"", ""line"": 3991}"
fm.pat.mfx.flanger-rateNote,1F 00 02 25,int4x4,4,"[32768, 32789]",32786,PatchCommonMFX,mfx:FLANGER,script,,,,,[],"{""file"": ""original-roland-files/Script/A8EE/Script.xml"", ""line"": 3999}"
fm.pat.mfx.flanger-depth,1F 00 02 29,int4x4,4,"[32768, 32895]",32808,PatchCommonMFX,mfx:FLANGER,script,-32768,,,,[],"{""file"": ""original-roland-files/Script/A8EE/Script.xml"", ""line"": 4007}"
fm.pat.mfx.flanger-phs,1F 00 02 2D,int4x4,4,"[32768, 32858]",32858,PatchCommonMFX,mfx:FLANGER,script,-32768,,,,[],"{""file"": ""original-roland-files/Script/A8EE/Script.xml"", ""line"": 4015}"
fm.pat.mfx.flanger-fbk,1F 00 02 31,int4x4,4,"[32768, 32866]",32847,PatchCommonMFX,mfx:FLANGER,script,-32768,"[""-98%"", ""-96%"", ""-94%"", ""-92%"", ""-90%"", ""-88%"", ""-86%"", ""-84%"", ""-82%"", ""-80%"", ""-78%"", ""-76%"", ""-74%"", ""-72%"", ""-70%"", ""-68%"", ""-66%"", ""-64%"", ""-62%"", ""-60%"", ""-58%"", ""-56%"", ""-54%"", ""-52%"", ""-50%"", ""-48%"", ""-46%"", ""-44%"", ""-42%"", ""-40%"", ""-38%"", ""-36%"", ""-34%"", ""-32%"", ""-30%"", ""-28%"", ""-26%"", ""-24%"", ""-22%"", ""-20%"", ""-18%"", ""-16%"", ""-14%"", ""-12%"", ""-10%"", ""-8%"", ""-6%"", ""-4%"", ""-2%"", ""0%"", ""+2%"", ""+4%"", ""+6%"", ""+8%"", ""+10%"", ""+12%"", ""+14%"", ""+16%"", ""+18%"", ""+20%"", ""+22%"", ""+24%"", ""+26%"", ""+28%"", ""+30%"", ""+32%"", ""+34%"", ""+36%"", ""+38%"", ""+40%"", ""+42%"", ""+44%"", ""+46%"", ""+48%"", ""+50%"", ""+52%"", ""+54%"", ""+56%"", ""+58%"", ""+60%"", ""+62%"", ""+64%"", ""+66%"", ""+68%"", ""+70%"", ""+72%"", ""+74%"", ""+76%"", ""+78%"", ""+80%"", ""+82%"", ""+84%"", ""+86%"", ""+88%"", ""+90%"", ""+92%"", ""+94%"", ""+96%"", ""+98%""]",,,"[""enum labels ui-derived from stringTable fbkTable""]","{""file"": ""original-roland-files/Script/A8EE/Script.xml"", ""line"": 4023}"
fm.pat.mfx.flanger-eqLo,1F 00 02 35,int4x4,4,"[32768, 32798]",32783,PatchCommonMFX,mfx:FLANGER,script,-32768,"[""-15 dB"", ""-14 dB"", ""-13 dB"", ""-12 dB"", ""-11 dB"", ""-10 dB"", ""-9 dB"", ""-8 dB"", ""-7 dB"", ""-6 dB"", ""-5 dB"", ""-4 dB"", ""-3 dB"", ""-2 dB"", ""-1 dB"", ""0 dB"", ""+1 dB"", ""+2 dB"", ""+3 dB"", ""+4 dB"", ""+5 dB"", ""+6 dB"", ""+7 dB"", ""+8 dB"", ""+9 dB"", ""+10 dB"", ""+11 dB"", ""+12 dB"", ""+13 dB"", ""+14 dB"", ""+15 dB""]",,,"[""enum labels ui-derived from stringTable gain-15-1Table""]","{""file"": ""original-roland-files/Script/A8EE/Script.xml"", ""line"": 4031}"
fm.pat.mfx.flanger-eqHi,1F 00 02 39,int4x4,4,"[32768, 32798]",32783,PatchCommonMFX,mfx:FLANGER,script,-32768,"[""-15 dB"", ""-14 dB"", ""-13 dB"", ""-12 dB"", ""-11 dB"", ""-10 dB"", ""-9 dB"", ""-8 dB"", ""-7 dB"", ""-6 dB"", ""-5 dB"", ""-4 dB"", ""-3 dB"", ""-2 dB"", ""-1 dB"", ""0 dB"", ""+1 dB"", ""+2 dB"", ""+3 dB"", ""+4 dB"", ""+5 dB"", ""+6 dB"", ""+7 dB"", ""+8 dB"", ""+9 dB"", ""+10 dB"", ""+11 dB"", ""+12 dB"", ""+13 dB"", ""+14 dB"", ""+15 dB""]",,,"[""enum labels ui-derived from stringTable gain-15-1Table""]","{""file"": ""original-roland-files/Script/A8EE/Script.xml"", ""line"": 4039}"
fm.pat.mfx.flanger-bal,1F 00 02 3D,int4x4,4,"[32768, 32868]",32818,PatchCommonMFX,mfx:FLANGER,script,,"[""D100:0W"", ""D99:01W"", ""D98:02W"", ""D97:03W"", ""D96:04W"", ""D95:05W"", ""D94:06W"", ""D93:07W"", ""D92:08W"", ""D91:09W"", ""D90:10W"", ""D89:11W"", ""D88:12W"", ""D87:13W"", ""D86:14W"", ""D85:15W"", ""D84:16W"", ""D83:17W"", ""D82:18W"", ""D81:19W"", ""D80:20W"", ""D79:21W"", ""D78:22W"", ""D77:23W"", ""D76:24W"", ""D75:25W"", ""D74:26W"", ""D73:27W"", ""D72:28W"", ""D71:29W"", ""D70:30W"", ""D69:31W"", ""D68:32W"", ""D67:33W"", ""D66:34W"", ""D65:35W"", ""D64:36W"", ""D63:37W"", ""D62:38W"", ""D61:39W"", ""D60:40W"", ""D59:41W"", ""D58:42W"", ""D57:43W"", ""D56:44W"", ""D55:45W"", ""D54:46W"", ""D53:47W"", ""D52:48W"", ""D51:49W"", ""D50:50W"", ""D49:51W"", ""D48:52W"", ""D47:53W"", ""D46:54W"", ""D45:55W"", ""D44:56W"", ""D43:57W"", ""D42:58W"", ""D41:59W"", ""D40:60W"", ""D39:61W"", ""D38:62W"", ""D37:63W"", ""D36:64W"", ""D35:65W"", ""D34:66W"", ""D33:67W"", ""D32:68W"", ""D31:69W"", ""D30:70W"", ""D29:71W"", ""D28:72W"", ""D27:73W"", ""D26:74W"", ""D25:75W"", ""D24:76W"", ""D23:77W"", ""D22:78W"", ""D21:79W"", ""D20:80W"", ""D19:81W"", ""D18:82W"", ""D17:83W"", ""D16:84W"", ""D15:85W"", ""D14:86W"", ""D13:87W"", ""D12:88W"", ""D11:89W"", ""D10:90W"", ""D09:91W"", ""D08:92W"", ""D07:93W"", ""D06:94W"", ""D05:95W"", ""D04:96W"", ""D03:97W"", ""D02:98W"", ""D01:99W"", ""D0:100W""]",,,"[""enum labels ui-derived from stringTable balanceTable""]","{""file"": ""original-roland-files/Script/A8EE/Script.xml"", ""line"": 4047}"
fm.pat.mfx.flanger-level,1F 00 02 41,int4x4,4,"[32768, 32895]",32895,PatchCommonMFX,mfx:FLANGER,script,-32768,,,,[],"{""file"": ""original-roland-files/Script/A8EE/Script.xml"", ""line"": 4055}"
fm.pat.mfx.stepFlanger-filt,1F 00 02 11,int4x4,4,"[32768, 32770]",32770,PatchCommonMFX,mfx:STEP FLANGER,script,,,,,[],"{""file"": ""original-roland-files/Script/A8EE/Script.xml"", ""line"": 4063}"
fm.pat.mfx.stepFlanger-splt,1F 00 02 15,int4x4,4,"[32768, 32784]",32774,PatchCommonMFX,mfx:STEP FLANGER,script,-32768,,,,[],"{""file"": ""original-roland-files/Script/A8EE/Script.xml"", ""line"": 4071}"
fm.pat.mfx.stepFlanger-dly,1F 00 02 19,int4x4,4,"[32768, 32893]",32788,PatchCommonMFX,mfx:STEP FLANGER,script,-32768,"[""0.0 ms"", ""0.1 ms"", ""0.2 ms"", ""0.3 ms"", ""0.4 ms"", ""0.5 ms"", ""0.6 ms"", ""0.7 ms"", ""0.8 ms"", ""0.9 ms"", ""1.0 ms"", ""1.1 ms"", ""1.2 ms"", ""1.3 ms"", ""1.4 ms"", ""1.5 ms"", ""1.6 ms"", ""1.7 ms"", ""1.8 ms"", ""1.9 ms"", ""2.0 ms"", ""2.1 ms"", ""2.2 ms"", ""2.3 ms"", ""2.4 ms"", ""2.5 ms"", ""2.6 ms"", ""2.7 ms"", ""2.8 ms"", ""2.9 ms"", ""3.0 ms"", ""3.1 ms"", ""3.2 ms"", ""3.3 ms"", ""3.4 ms"", ""3.5 ms"", ""3.6 ms"", ""3.7 ms"", ""3.8 ms"", ""3.9 ms"", ""4.0 ms"", ""4.1 ms"", ""4.2 ms"", ""4.3 ms"", ""4.4 ms"", ""4.5 ms"", ""4.6 ms"", ""4.7 ms"", ""4.8 ms"", ""4.9 ms"", ""5.0 ms"", ""5.5 ms"", ""6.0 ms"", ""6.5 ms"", ""7.0 ms"", ""7.5 ms"", ""8.0 ms"", ""8.5 ms"", ""9.0 ms"", ""9.5 ms"", ""10.0 ms"", ""11.0 ms"", ""12.0 ms"", ""13.0 ms"", ""14.0 ms"", ""15.0 ms"", ""16.0 ms"", ""17.0 ms"", ""18.0 ms"", ""19.0 ms"", ""20.0 ms"", ""21.0 ms"", ""22.0 ms"", ""23.0 ms"", ""24.0 ms"", ""25.0 ms"", ""26.0 ms"", ""27.0 ms"", ""28.0 ms"", ""29.0 ms"", ""30.0 ms"", ""31.0 ms"", ""32.0 ms"", ""33.0 ms"", ""34.0 ms"", ""35.0 ms"", ""36.0 ms"", ""37.0 ms"", ""38.0 ms"", ""39.0 ms"", ""40.0 ms"", ""41.0 ms"", ""42.0 ms"", ""43.0 ms"", ""44.0 ms"", ""45.0 ms"", ""46.0 ms"", ""47.0 ms"", ""48.0 ms"", ""49.0 ms"", ""50.0 ms"", ""52.0 ms"", ""54.0 ms"", ""56.0 ms"", ""58.0 ms"", ""60.0 ms"", ""62.0 ms"", ""64.0 ms"", ""66.0 ms"", ""68.0 ms"", ""70.0 ms"", ""72.0 ms"", ""74.0 ms"", ""76.0 ms"", ""78.0 ms"", ""80.0 ms"", ""82.0 ms"", ""84.0 ms"", ""86.0 ms"", ""88.0 ms"", ""90.0 ms"", ""92.0 ms"", ""94.0 ms"", ""96.0 ms"", ""98.0 ms"", ""100.0 ms""]",,,"[""enum labels ui-derived from stringTable delayTime0-100Table""]","{""file"": ""original-roland-files/Script/A8EE/Script.xml"", ""line"": 4079}"
fm.pat.mfx.stepFlanger-rateSync,1F 00 02 1D,int4x4,4,"[32768, 32769]",32768,PatchCommonMFX,mfx:STEP FLANGER,script,,,,,[],"{""file"": ""original-roland-files/Script/A8EE/Script.xml"", ""line"": 4087}"
fm.pat.mfx.stepFlanger-rateHz,1F 00 02 21,int4x4,4,"[32769, 32968]",32798,PatchCommonMFX,mfx:STEP FLANGER,script,-32768,"[""0.05"", ""0.10"", ""0.15"", ""0.20"", ""0.25"", ""0.30"", ""0.35"", ""0.40"", ""0.45"", ""0.50"", ""0.55"", ""0.60"", ""0.65"", ""0.70"", ""0.75"", ""0.80"", ""0.85"", ""0.90"", ""0.95"", ""1.00"", ""1.05"", ""1.10"", ""1.15"", ""1.20"", ""1.25"", ""1.30"", ""1.35"", ""1.40"", ""1.45"", ""1.50"", ""1.55"", ""1.60"", ""1.65"", ""1.70"", ""1.75"", ""1.80"", ""1.85"", ""1.90"", ""1.95"", ""2.00"", ""2.05"", ""2.10"", ""2.15"", ""2.20"", ""2.25"", ""2.30"", ""2.35"", ""2.40"", ""2.45"", ""2.50"", ""2.55"", ""2.60"", ""2.65"", ""2.70"", ""2.75"", ""2.80"", ""2.85"", ""2.90"", ""2.95"", ""3.00"", ""3.05"", ""3.10"", ""3.15"", ""3.20"", ""3.25"", ""3.30"", ""3.35"", ""3.40"", ""3.45"", ""3.50"", ""3.55"", ""3.60"", ""3.65"", ""3.70"", ""3.75"", ""3.80"", ""3.85"", ""3.90"", ""3.95"", ""4.00"", ""4.05"", ""4.10"", ""4.15"", ""4.20"", ""4.25"", ""4.30"", ""4.35"", ""4.40"", ""4.45"", ""4.50"", ""4.55"", ""4.60"", ""4.65"", ""4.70"", ""4.75"", ""4.80"", ""4.85"", ""4.90"", ""4.95"", ""5.00"", ""5.05"", ""5.10"", ""5.15"", ""5.20"", ""5.25"", ""5.30"", ""5.35"", ""5.40"", ""5.45"", ""5.50"", ""5.55"", ""5.60"", ""5.65"", ""5.70"", ""5.75"", ""5.80"", ""5.85"", ""5.90"", ""5.95"", ""6.00"", ""6.05"", ""6.10"", ""6.15"", ""6.20"", ""6.25"", ""6.30"", ""6.35"", ""6.40"", ""6.45"", ""6.50"", ""6.55"", ""6.60"", ""6.65"", ""6.70"", ""6.75"", ""6.80"", ""6.85"", ""6.90"", ""6.95"", ""7.00"", ""7.05"", ""7.10"", ""7.15"", ""7.20"", ""7.25"", ""7.30"", ""7.35"", ""7.40"", ""7.45"", ""7.50"", ""7.55"", ""7.60"", ""7.65"", ""7.70"", ""7.75"", ""7.80"", ""7.85"", ""7.90"", ""7.95"", ""8.00"", ""8.05"", ""8.10"", ""8.15"", ""8.20"", ""8.25"", ""8.30"", ""8.35"", ""8.40"", ""8.45"", ""8.50"", ""8.55"", ""8.60"", ""8.65"", ""8.70"", ""8.75"", ""8.80"", ""8.85"", ""8.90"", ""8.95"", ""9.00"", ""9.05"", ""9.10"", ""9.15"", ""9.20"", ""9.25"", ""9.30"", ""9.35"", ""9.40"", ""9.45"", ""9.50"", ""9.55"", ""9.60"", ""9.65"", ""9.70"", ""9.75"", ""9.80"", ""9.85"", ""9.90"", ""9.95"", ""10.00""]",,,"[""enum labels ui-derived from stringTable rateHz-10.00Table""]","{""file"": ""original-roland-files/Script/A8EE/Script.xml"", ""line"": 4095}"
fm.pat.mfx.stepFlanger-rateNote,1F 00 02 25,int4x4,4,"[32768, 32789]",32781,PatchCommonMFX,mfx:STEP FLANGER,script,,,,,[],"{""file"": ""original-roland-files/Script/A8EE/Script.xml"", ""line"": 4103}"
fm.pat.mfx.stepFlanger-depth,1F 00 02 29,int4x4,4,"[32768, 32895]",32808,PatchCommonMFX,mfx:STEP FLANGER,script,-32768,,,,[],"{""file"": ""original-roland-files/Script/A8EE/Script.xml"", ""line"": 4111}"
fm.pat.mfx.stepFlanger-phs,1F 00 02 2D,int4x4,4,"[32768, 32858]",32858,PatchCommonMFX,mfx:STEP FLANGER,script,-32768,,,,[],"{""file"": ""original-roland-files/Script/A8EE/Script.xml"", ""line"": 4119}"
fm.pat.mfx.stepFlanger-fbk,1F 00 02 31,int4x4,4,"[32768, 32866]",32847,PatchCommonMFX,mfx:STEP FLANGER,script,-32768,"[""-98%"", ""-96%"", ""-94%"", ""-92%"", ""-90%"", ""-88%"", ""-86%"", ""-84%"", ""-82%"", ""-80%"", ""-78%"", ""-76%"", ""-74%"", ""-72%"", ""-70%"", ""-68%"", ""-66%"", ""-64%"", ""-62%"", ""-60%"", ""-58%"", ""-56%"", ""-54%"", ""-52%"", ""-50%"", ""-48%"", ""-46%"", ""-44%"", ""-42%"", ""-40%"", ""-38%"", ""-36%"", ""-34%"", ""-32%"", ""-30%"", ""-28%"", ""-26%"", ""-24%"", ""-22%"", ""-20%"", ""-18%"", ""-16%"", ""-14%"", ""-12%"", ""-10%"", ""-8%"", ""-6%"", ""-4%"", ""-2%"", ""0%"", ""+2%"", ""+4%"", ""+6%"", ""+8%"", ""+10%"", ""+12%"", ""+14%"", ""+16%"", ""+18%"", ""+20%"", ""+22%"", ""+24%"", ""+26%"", ""+28%"", ""+30%"", ""+32%"", ""+34%"", ""+36%"", ""+38%"", ""+40%"", ""+42%"", ""+44%"", ""+46%"", ""+48%"", ""+50%"", ""+52%"", ""+54%"", ""+56%"", ""+58%"", ""+60%"", ""+62%"", ""+64%"", ""+66%"", ""+68%"", ""+70%"", ""+72%"", ""+74%"", ""+76%"", ""+78%"", ""+80%"", ""+82%"", ""+84%"", ""+86%"", ""+88%"", ""+90%"", ""+92%"", ""+94%"", ""+96%"", ""+98%""]",,,"[""enum labels ui-derived from stringTable fbkTable""]","{""file"": ""original-roland-files/Script/A8EE/Script.xml"", ""line"": 4127}"
fm.pat.mfx.stepFlanger-sRateSync,1F 00 02 35,int4x4,4,"[32768, 32769]",32768,PatchCommonMFX,mfx:STEP FLANGER,script,,,,,[],"{""file"": ""original-roland-files/Script/A8EE/Script.xml"", ""line"": 4135}"
fm.pat.mfx.stepFlanger-sRateHz,1F 00 02 39,int4x4,4,"[32769, 32968]",32848,PatchCommonMFX,mfx:STEP FLANGER,script,-32768,"[""0.10"", ""0.20"", ""0.30"", ""0.40"", ""0.50"", ""0.60"", ""0.70"", ""0.80"", ""0.90"", ""1.00"", ""1.10"", ""1.20"", ""1.30"", ""1.40"", ""1.50"", ""1.60"", ""1.70"", ""1.80"", ""1.90"", ""2.00"", ""2.10"", ""2.20"", ""2.30"", ""2.40"", ""2.50"", ""2.60"", ""2.70"", ""2.80"", ""2.90"", ""3.00"", ""3.10"", ""3.20"", ""3.30"", ""3.40"", ""3.50"", ""3.60"", ""3.70"", ""3.80"", ""3.90"", ""4.00"", ""4.10"", ""4.20"", ""4.30"", ""4.40"", ""4.50"", ""4.60"", ""4.70"", ""4.80"", ""4.90"", ""5.00"", ""5.10"", ""5.20"", ""5.30"", ""5.40"", ""5.50"", ""5.60"", ""5.70"", ""5.80"", ""5.90"", ""6.00"", ""6.10"", ""6.20"", ""6.30"", ""6.40"", ""6.50"", ""6.60"", ""6.70"", ""6.80"", ""6.90"", ""7.00"", ""7.10"", ""7.20"", ""7.30"", ""7.40"", ""7.50"", ""7.60"", ""7.70"", ""7.80"", ""7.90"", ""8.00"", ""8.10"", ""8.20"", ""8.30"", ""8.40"", ""8.50"", ""8.60"", ""8.70"", ""8.80"", ""8.90"", ""9.00"", ""9.10"", ""9.20"", ""9.30"", ""9.40"", ""9.50"", ""9.60"", ""9.70"", ""9.80"", ""9.90"", ""10.00"", ""10.10"", ""10.20"", ""10.30"", ""10.40"", ""10.50"", ""10.60"", ""10.70"", ""10.80"", ""10.90"", ""11.00"", ""11.10"", ""11.20"", ""11.30"", ""11.40"", ""11.50"", ""11.60"", ""11.70"", ""11.80"", ""11.90"", ""12.00"", ""12.10"", ""12.20"", ""12.30"", ""12.40"", ""12.50"", ""12.60"", ""12.70"", ""12.80"", ""12.90"", ""13.00"", ""13.10"", ""13.20"", ""13.30"", ""13.40"", ""13.50"", ""13.60"", ""13.70"", ""13.80"", ""13.90"", ""14.00"", ""14.10"", ""14.20"", ""14.30"", ""14.40"", ""14.50"", ""14.60"", ""14.70"", ""14.80"", ""14.90"", ""15.00"", ""15.10"", ""15.20"", ""15.30"", ""15.40"", ""15.50"", ""15.60"", ""15.70"", ""15.80"", ""15.90"", ""16.00"", ""16.10"", ""16.20"", ""16.30"", ""16.40"", ""16.50"", ""16.60"", ""16.70"", ""16.80"", ""16.90"", ""17.00"", ""17.10"", ""17.20"", ""17.30"", ""17.40"", ""17.50"", ""17.60"", ""17.70"", ""17.80"", ""17.90"", ""18.00"", ""18.10"", ""18.20"", ""18.30"", ""18.40"", ""18.50"", ""18.60"", ""18.70"", ""18.80"", ""18.90"", ""19.00"", ""19.10"", ""19.20"", ""19.30"", ""19.40"", ""19.50"", ""19.60"", ""19.70"", ""19.80"", ""19.90"", ""20.00""]",,,"[""enum labels ui-derived from stringTable rateHz-20.00Table""]","{""file"": ""original-roland-files/Script/A8EE/Script.xml"", ""line"": 4143}"
fm.pat.mfx.stepFlanger-sRateNote,1F 00 02 3D,int4x4,4,"[32768, 32789]",32774,PatchCommonMFX,mfx:STEP FLANGER,script,,,,,[],"{""file"": ""original-roland-files/Script/A8EE/Script.xml"", ""line"": 4151}"
fm.pat.mfx.stepFlanger-eqLo,1F 00 02 41,int4x4,4,"[32768, 32798]",32783,PatchCommonMFX,mfx:STEP FLANGER,script,-32768,"[""-15 dB"", ""-14 dB"", ""-13 dB"", ""-12 dB"", ""-11 dB"", ""-10 dB"", ""-9 dB"", ""-8 dB"", ""-7 dB"", ""-6 dB"", ""-5 dB"", ""-4 dB"", ""-3 dB"", ""-2 dB"", ""-1 dB"", ""0 dB"", ""+1 dB"", ""+2 dB"", ""+3 dB"", ""+4 dB"", ""+5 dB"", ""+6 dB"", ""+7 dB"", ""+8 dB"", ""+9 dB"", ""+10 dB"", ""+11 dB"", ""+12 dB"", ""+13 dB"", ""+14 dB"", ""+15 dB""]",,,"[""enum labels ui-derived from stringTable gain-15-1Table""]","{""file"": ""original-roland-files/Script/A8EE/Script.xml"", ""line"": 4159}"
fm.pat.mfx.stepFlanger-eqHi,1F 00 02 45,int4x4,4,"[32768, 32798]",32783,PatchCommonMFX,mfx:STEP FLANGER,script,-32768,"[""-15 dB"", ""-14 dB"", ""-13 dB"", ""-12 dB"", ""-11 dB"", ""-10 dB"", ""-9 dB"", ""-8 dB"", ""-7 dB"", ""-6 dB"", ""-5 dB"", ""-4 dB"", ""-3 dB"", ""-2 dB"", ""-1 dB"", ""0 dB"", ""+1 dB"", ""+2 dB"", ""+3 dB"", ""+4 dB"", ""+5 dB"", ""+6 dB"", ""+7 dB"", ""+8 dB"", ""+9 dB"", ""+10 dB"", ""+11 dB"", ""+12 dB"", ""+13 dB"", ""+14 dB"", ""+15 dB""]",,,"[""enum labels ui-derived from stringTable gain-15-1Table""]","{""file"": ""original-roland-files/Script/A8EE/Script.xml"", ""line"": 4167}"
fm.pat.mfx.stepFlanger-bal,1F 00 02 49,int4x4,4,"[32768, 32868]",32818,PatchCommonMFX,mfx:STEP FLANGER,script,,"[""D100:0W"", ""D99:01W"", ""D98:02W"", ""D97:03W"", ""D96:04W"", ""D95:05W"", ""D94:06W"", ""D93:07W"", ""D92:08W"", ""D91:09W"", ""D90:10W"", ""D89:11W"", ""D88:12W"", ""D87:13W"", ""D86:14W"", ""D85:15W"", ""D84:16W"", ""D83:17W"", ""D82:18W"", ""D81:19W"", ""D80:20W"", ""D79:21W"", ""D78:22W"", ""D77:23W"", ""D76:24W"", ""D75:25W"", ""D74:26W"", ""D73:27W"", ""D72:28W"", ""D71:29W"", ""D70:30W"", ""D69:31W"", ""D68:32W"", ""D67:33W"", ""D66:34W"", ""D65:35W"", ""D64:36W"", ""D63:37W"", ""D62:38W"", ""D61:39W"", ""D60:40W"", ""D59:41W"", ""D58:42W"", ""D57:43W"", ""D56:44W"", ""D55:45W"", ""D54:46W"", ""D53:47W"", ""D52:48W"", ""D51:49W"", ""D50:50W"", ""D49:51W"", ""D48:52W"", ""D47:53W"", ""D46:54W"", ""D45:55W"", ""D44:56W"", ""D43:57W"", ""D42:58W"", ""D41:59W"", ""D40:60W"", ""D39:61W"", ""D38:62W"", ""D37:63W"", ""D36:64W"", ""D35:65W"", ""D34:66W"", ""D33:67W"", ""D32:68W"", ""D31:69W"", ""D30:70W"", ""D29:71W"", ""D28:72W"", ""D27:73W"", ""D26:74W"", ""D25:75W"", ""D24:76W"", ""D23:77W"", ""D22:78W"", ""D21:79W"", ""D20:80W"", ""D19:81W"", ""D18:82W"", ""D17:83W"", ""D16:84W"", ""D15:85W"", ""D14:86W"", ""D13:87W"", ""D12:88W"", ""D11:89W"", ""D10:90W"", ""D09:91W"", ""D08:92W"", ""D07:93W"", ""D06:94W"", ""D05:95W"", ""D04:96W"", ""D03:97W"", ""D02:98W"", ""D01:99W"", ""D0:100W""]",,,"[""enum labels ui-derived from stringTable balanceTable""]","{""file"": ""original-roland-files/Script/A8EE/Script.xml"", ""line"": 4175}"
fm.pat.mfx.stepFlanger-level,1F 00 02 4D,int4x4,4,"[32768, 32895]",32895,PatchCommonMFX,mfx:STEP FLANGER,script,-32768,,,,[],"{""file"": ""original-roland-files/Script/A8EE/Script.xml"", ""line"": 4183}"
fm.pat.mfx.hexaChorus-dly,1F 00 02 11,int4x4,4,"[32768, 32893]",32788,PatchCommonMFX,mfx:HEXA-CHORUS,script,-32768,"[""0.0 ms"", ""0.1 ms"", ""0.2 ms"", ""0.3 ms"", ""0.4 ms"", ""0.5 ms"", ""0.6 ms"", ""0.7 ms"", ""0.8 ms"", ""0.9 ms"", ""1.0 ms"", ""1.1 ms"", ""1.2 ms"", ""1.3 ms"", ""1.4 ms"", ""1.5 ms"", ""1.6 ms"", ""1.7 ms"", ""1.8 ms"", ""1.9 ms"", ""2.0 ms"", ""2.1 ms"", ""2.2 ms"", ""2.3 ms"", ""2.4 ms"", ""2.5 ms"", ""2.6 ms"", ""2.7 ms"", ""2.8 ms"", ""2.9 ms"", ""3.0 ms"", ""3.1 ms"", ""3.2 ms"", ""3.3 ms"", ""3.4 ms"", ""3.5 ms"", ""3.6 ms"", ""3.7 ms"", ""3.8 ms"", ""3.9 ms"", ""4.0 ms"", ""4.1 ms"", ""4.2 ms"", ""4.3 ms"", ""4.4 ms"", ""4.5 ms"", ""4.6 ms"", ""4.7 ms"", ""4.8 ms"", ""4.9 ms"", ""5.0 ms"", ""5.5 ms"", ""6.0 ms"", ""6.5 ms"", ""7.0 ms"", ""7.5 ms"", ""8.0 ms"", ""8.5 ms"", ""9.0 ms"", ""9.5 ms"", ""10.0 ms"", ""11.0 ms"", ""12.0 ms"", ""13.0 ms"", ""14.0 ms"", ""15.0 ms"", ""16.0 ms"", ""17.0 ms"", ""18.0 ms"", ""19.0 ms"", ""20.0 ms"", ""21.0 ms"", ""22.0 ms"", ""23.0 ms"", ""24.0 ms"", ""25.0 ms"", ""26.0 ms"", ""27.0 ms"", ""28.0 ms"", ""29.0 ms"", ""30.0 ms"", ""31.0 ms"", ""32.0 ms"", ""33.0 ms"", ""34.0 ms"", ""35.0 ms"", ""36.0 ms"", ""37.0 ms"", ""38.0 ms"", ""39.0 ms"", ""40.0 ms"", ""41.0 ms"", ""42.0 ms"", ""43.0 ms"", ""44.0 ms"", ""45.0 ms"", ""46.0 ms"", ""47.0 ms"", ""48.0 ms"", ""49.0 ms"", ""50.0 ms"", ""52.0 ms"", ""54.0 ms"", ""56.0 ms"", ""58.0 ms"", ""60.0 ms"", ""62.0 ms"", ""64.0 ms"", ""66.0 ms"", ""68.0 ms"", ""70.0 ms"", ""72.0 ms"", ""74.0 ms"", ""76.0 ms"", ""78.0 ms"", ""80.0 ms"", ""82.0 ms"", ""84.0 ms"", ""86.0 ms"", ""88.0 ms"", ""90.0 ms"", ""92.0 ms"", ""94.0 ms"", ""96.0 ms"", ""98.0 ms"", ""100.0 ms""]",,,"[""enum labels ui-derived from stringTable delayTime0-100Table""]","{""file"": ""original-roland-files/Script/A8EE/Script.xml"", ""line"": 4191}"
fm.pat.mfx.hexaChorus-rateSync,1F 00 02 15,int4x4,4,"[32768, 32769]",32768,PatchCommonMFX,mfx:HEXA-CHORUS,script,,,,,[],"{""file"": ""original-roland-files/Script/A8EE/Script.xml"", ""line"": 4199}"
fm.pat.mfx.hexaChorus-rateHz,1F 00 02 19,int4x4,4,"[32769, 32968]",32778,PatchCommonMFX,mfx:HEXA-CHORUS,script,-32768,"[""0.05"", ""0.10"", ""0.15"", ""0.20"", ""0.25"", ""0.30"", ""0.35"", ""0.40"", ""0.45"", ""0.50"", ""0.55"", ""0.60"", ""0.65"", ""0.70"", ""0.75"", ""0.80"", ""0.85"", ""0.90"", ""0.95"", ""1.00"", ""1.05"", ""1.10"", ""1.15"", ""1.20"", ""1.25"", ""1.30"", ""1.35"", ""1.40"", ""1.45"", ""1.50"", ""1.55"", ""1.60"", ""1.65"", ""1.70"", ""1.75"", ""1.80"", ""1.85"", ""1.90"", ""1.95"", ""2.00"", ""2.05"", ""2.10"", ""2.15"", ""2.20"", ""2.25"", ""2.30"", ""2.35"", ""2.40"", ""2.45"", ""2.50"", ""2.55"", ""2.60"", ""2.65"", ""2.70"", ""2.75"", ""2.80"", ""2.85"", ""2.90"", ""2.95"", ""3.00"", ""3.05"", ""3.10"", ""3.15"", ""3.20"", ""3.25"", ""3.30"", ""3.35"", ""3.40"", ""3.45"", ""3.50"", ""3.55"", ""3.60"", ""3.65"", ""3.70"", ""3.75"", ""3.80"", ""3.85"", ""3.90"", ""3.95"", ""4.00"", ""4.05"", ""4.10"", ""4.15"", ""4.20"", ""4.25"", ""4.30"", ""4.35"", ""4.40"", ""4.45"", ""4.50"", ""4.55"", ""4.60"", ""4.65"", ""4.70"", ""4.75"", ""4.80"", ""4.85"", ""4.90"", ""4.95"", ""5.00"", ""5.05"", ""5.10"", ""5.15"", ""5.20"", ""5.25"", ""5.30"", ""5.35"", ""5.40"", ""5.45"", ""5.50"", ""5.55"", ""5.60"", ""5.65"", ""5.70"", ""5.75"", ""5.80"", ""5.85"", ""5.90"", ""5.95"", ""6.00"", ""6.05"", ""6.10"", ""6.15"", ""6.20"", ""6.25"", ""6.30"", ""6.35"", ""6.40"", ""6.45"", ""6.50"", ""6.55"", ""6.60"", ""6.65"", ""6.70"", ""6.75"", ""6.80"", ""6.85"", ""6.90"", ""6.95"", ""7.00"", ""7.05"", ""7.10"", ""7.15"", ""7.20"", ""7.25"", ""7.30"", ""7.35"", ""7.40"", ""7.45"", ""7.50"", ""7.55"", ""7.60"", ""7.65"", ""7.70"", ""7.75"", ""7.80"", ""7.85"", ""7.90"", ""7.95"", ""8.00"", ""8.05"", ""8.10"", ""8.15"", ""8.20"", ""8.25"", ""8.30"", ""8.35"", ""8.40"", ""8.45"", ""8.50"", ""8.55"", ""8.60"", ""8.65"", ""8.70"", ""8.75"", ""8.80"", ""8.85"", ""8.90"", ""8.95"", ""9.00"", ""9.05"", ""9.10"", ""9.15"", ""9.20"", ""9.25"", ""9.30"", ""9.35"", ""9.40"", ""9.45"", ""9.50"", ""9.55"", ""9.60"", ""9.65"", ""9.70"", ""9.75"", ""9.80"", ""9.85"", ""9.90"", ""9.95"", ""10.00""]",,,"[""enum labels ui-derived from stringTable rateHz-10.00Table""]","{""file"": ""original-roland-files/Script/A8EE/Script.xml"", ""line"": 4207}"
fm.pat.mfx.hexaChorus-rateNote,1F 00 02 1D,int4x4,4,"[32768, 32789]",32786,PatchCommonMFX,mfx:HEXA-CHORUS,script,,,,,[],"{""file"": ""original-roland-files/Script/A8EE/Script.xml"", ""line"": 4215}"
fm.pat.mfx.hexaChorus-depth,1F 00 02 21,int4x4,4,"[32768, 32895]",32788,PatchCommonMFX,mfx:HEXA-CHORUS,script,-32768,,,,[],"{""file"": ""original-roland-files/Script/A8EE/Script.xml"", ""line"": 4223}"
fm.pat.mfx.hexaChorus-dlyDev,1F 00 02 25,int4x4,4,"[32768, 32788]",32768,PatchCommonMFX,mfx:HEXA-CHORUS,script,-32768,,,,[],"{""file"": ""original-roland-files/Script/A8EE/Script.xml"", ""line"": 4231}"
fm.pat.mfx.hexaChorus-depthDev,1F 00 02 29,int4x4,4,"[32768, 32808]",32788,PatchCommonMFX,mfx:HEXA-CHORUS,script,-32768,"[""-20"", ""-19"", ""-18"", ""-17"", ""-16"", ""-15"", ""-14"", ""-13"", ""-12"", ""-11"", ""-10"", ""-9"", ""-8"", ""-7"", ""-6"", ""-5"", ""-4"", ""-3"", ""-2"", ""-1"", ""0"", ""+1"", ""+2"", ""+3"", ""+4"", ""+5"", ""+6"", ""+7"", ""+8"", ""+9"", ""+10"", ""+11"", ""+12"", ""+13"", ""+14"", ""+15"", ""+16"", ""+17"", ""+18"", ""+19"", ""+20""]",,,"[""enum labels ui-derived from stringTable number-20-1Table""]","{""file"": ""original-roland-files/Script/A8EE/Script.xml"", ""line"": 4239}"
fm.pat.mfx.hexaChorus-panDev,1F 00 02 2D,int4x4,4,"[32768, 32788]",32788,PatchCommonMFX,mfx:HEXA-CHORUS,script,-32768,,,,[],"{""file"": ""original-roland-files/Script/A8EE/Script.xml"", ""line"": 4247}"
fm.pat.mfx.hexaChorus-bal,1F 00 02 31,int4x4,4,"[32768, 32868]",32818,PatchCommonMFX,mfx:HEXA-CHORUS,script,,"[""D100:0W"", ""D99:01W"", ""D98:02W"", ""D97:03W"", ""D96:04W"", ""D95:05W"", ""D94:06W"", ""D93:07W"", ""D92:08W"", ""D91:09W"", ""D90:10W"", ""D89:11W"", ""D88:12W"", ""D87:13W"", ""D86:14W"", ""D85:15W"", ""D84:16W"", ""D83:17W"", ""D82:18W"", ""D81:19W"", ""D80:20W"", ""D79:21W"", ""D78:22W"", ""D77:23W"", ""D76:24W"", ""D75:25W"", ""D74:26W"", ""D73:27W"", ""D72:28W"", ""D71:29W"", ""D70:30W"", ""D69:31W"", ""D68:32W"", ""D67:33W"", ""D66:34W"", ""D65:35W"", ""D64:36W"", ""D63:37W"", ""D62:38W"", ""D61:39W"", ""D60:40W"", ""D59:41W"", ""D58:42W"", ""D57:43W"", ""D56:44W"", ""D55:45W"", ""D54:46W"", ""D53:47W"", ""D52:48W"", ""D51:49W"", ""D50:50W"", ""D49:51W"", ""D48:52W"", ""D47:53W"", ""D46:54W"", ""D45:55W"", ""D44:56W"", ""D43:57W"", ""D42:58W"", ""D41:59W"", ""D40:60W"", ""D39:61W"", ""D38:62W"", ""D37:63W"", ""D36:64W"", ""D35:65W"", ""D34:66W"", ""D33:67W"", ""D32:68W"", ""D31:69W"", ""D30:70W"", ""D29:71W"", ""D28:72W"", ""D27:73W"", ""D26:74W"", ""D25:75W"", ""D24:76W"", ""D23:77W"", ""D22:78W"", ""D21:79W"", ""D20:80W"", ""D19:81W"", ""D18:82W"", ""D17:83W"", ""D16:84W"", ""D15:85W"", ""D14:86W"", ""D13:87W"", ""D12:88W"", ""D11:89W"", ""D10:90W"", ""D09:91W"", ""D08:92W"", ""D07:93W"", ""D06:94W"", ""D05:95W"", ""D04:96W"", ""D03:97W"", ""D02:98W"", ""D01:99W"", ""D0:100W""]",,,"[""enum labels ui-derived from stringTable balanceTable""]","{""file"": ""original-roland-files/Script/A8EE/Script.xml"", ""line"": 4255}"
fm.pat.mfx.hexaChorus-level,1F 00 02 35,int4x4,4,"[32768, 32895]",32895,PatchCommonMFX,mfx:HEXA-CHORUS,script,-32768,,,,[],"{""file"": ""original-roland-files/Script/A8EE/Script.xml"", ""line"": 4263}"
fm.pat.mfx.tremoloChorus-dly,1F 00 02 11,int4x4,4,"[32768, 32893]",32788,PatchCommonMFX,mfx:TREMOLO CHORUS,script,-32768,"[""0.0 ms"", ""0.1 ms"", ""0.2 ms"", ""0.3 ms"", ""0.4 ms"", ""0.5 ms"", ""0.6 ms"", ""0.7 ms"", ""0.8 ms"", ""0.9 ms"", ""1.0 ms"", ""1.1 ms"", ""1.2 ms"", ""1.3 ms"", ""1.4 ms"", ""1.5 ms"", ""1.6 ms"", ""1.7 ms"", ""1.8 ms"", ""1.9 ms"", ""2.0 ms"", ""2.1 ms"", ""2.2 ms"", ""2.3 ms"", ""2.4 ms"", ""2.5 ms"", ""2.6 ms"", ""2.7 ms"", ""2.8 ms"", ""2.9 ms"", ""3.0 ms"", ""3.1 ms"", ""3.2 ms"", ""3.3 ms"", ""3.4 ms"", ""3.5 ms"", ""3.6 ms"", ""3.7 ms"", ""3.8 ms"", ""3.9 ms"", ""4.0 ms"", ""4.1 ms"", ""4.2 ms"", ""4.3 ms"", ""4.4 ms"", ""4.5 ms"", ""4.6 ms"", ""4.7 ms"", ""4.8 ms"", ""4.9 ms"", ""5.0 ms"", ""5.5 ms"", ""6.0 ms"", ""6.5 ms"", ""7.0 ms"", ""7.5 ms"", ""8.0 ms"", ""8.5 ms"", ""9.0 ms"", ""9.5 ms"", ""10.0 ms"", ""11.0 ms"", ""12.0 ms"", ""13.0 ms"", ""14.0 ms"", ""15.0 ms"", ""16.0 ms"", ""17.0 ms"", ""18.0 ms"", ""19.0 ms"", ""20.0 ms"", ""21.0 ms"", ""22.0 ms"", ""23.0 ms"", ""24.0 ms"", ""25.0 ms"", ""26.0 ms"", ""27.0 ms"", ""28.0 ms"", ""29.0 ms"", ""30.0 ms"", ""31.0 ms"", ""32.0 ms"", ""33.0 ms"", ""34.0 ms"", ""35.0 ms"", ""36.0 ms"", ""37.0 ms"", ""38.0 ms"", ""39.0 ms"", ""40.0 ms"", ""41.0 ms"", ""42.0 ms"", ""43.0 ms"", ""44.0 ms"", ""45.0 ms"", ""46.0 ms"", ""47.0 ms"", ""48.0 ms"", ""49.0 ms"", ""50.0 ms"", ""52.0 ms"", ""54.0 ms"", ""56.0 ms"", ""58.0 ms"", ""60.0 ms"", ""62.0 ms"", ""64.0 ms"", ""66.0 ms"", ""68.0 ms"", ""70.0 ms"", ""72.0 ms"", ""74.0 ms"", ""76.0 ms"", ""78.0 ms"", ""80.0 ms"", ""82.0 ms"", ""84.0 ms"", ""86.0 ms"", ""88.0 ms"", ""90.0 ms"", ""92.0 ms"", ""94.0 ms"", ""96.0 ms"", ""98.0 ms"", ""100.0 ms""]",,,"[""enum labels ui-derived from stringTable delayTime0-100Table""]","{""file"": ""original-roland-files/Script/A8EE/Script.xml"", ""line"": 4271}"
fm.pat.mfx.tremoloChorus-choRateSync,1F 00 02 15,int4x4,4,"[32768, 32769]",32768,PatchCommonMFX,mfx:TREMOLO CHORUS,script,,,,,[],"{""file"": ""original-roland-files/Script/A8EE/Script.xml"", ""line"": 4279}"
fm.pat.mfx.tremoloChorus-choRateHz,1F 00 02 19,int4x4,4,"[32769, 32968]",32778,PatchCommonMFX,mfx:TREMOLO CHORUS,script,-32768,"[""0.05"", ""0.10"", ""0.15"", ""0.20"", ""0.25"", ""0.30"", ""0.35"", ""0.40"", ""0.45"", ""0.50"", ""0.55"", ""0.60"", ""0.65"", ""0.70"", ""0.75"", ""0.80"", ""0.85"", ""0.90"", ""0.95"", ""1.00"", ""1.05"", ""1.10"", ""1.15"", ""1.20"", ""1.25"", ""1.30"", ""1.35"", ""1.40"", ""1.45"", ""1.50"", ""1.55"", ""1.60"", ""1.65"", ""1.70"", ""1.75"", ""1.80"", ""1.85"", ""1.90"", ""1.95"", ""2.00"", ""2.05"", ""2.10"", ""2.15"", ""2.20"", ""2.25"", ""2.30"", ""2.35"", ""2.40"", ""2.45"", ""2.50"", ""2.55"", ""2.60"", ""2.65"", ""2.70"", ""2.75"", ""2.80"", ""2.85"", ""2.90"", ""2.95"", ""3.00"", ""3.05"", ""3.10"", ""3.15"", ""3.20"", ""3.25"", ""3.30"", ""3.35"", ""3.40"", ""3.45"", ""3.50"", ""3.55"", ""3.60"", ""3.65"", ""3.70"", ""3.75"", ""3.80"", ""3.85"", ""3.90"", ""3.95"", ""4.00"", ""4.05"", ""4.10"", ""4.15"", ""4.20"", ""4.25"", ""4.30"", ""4.35"", ""4.40"", ""4.45"", ""4.50"", ""4.55"", ""4.60"", ""4.65"", ""4.70"", ""4.75"", ""4.80"", ""4.85"", ""4.90"", ""4.95"", ""5.00"", ""5.05"", ""5.10"", ""5.15"", ""5.20"", ""5.25"", ""5.30"", ""5.35"", ""5.40"", ""5.45"", ""5.50"", ""5.55"", ""5.60"", ""5.65"", ""5.70"", ""5.75"", ""5.80"", ""5.85"", ""5.90"", ""5.95"", ""6.00"", ""6.05"", ""6.10"", ""6.15"", ""6.20"", ""6.25"", ""6.30"", ""6.35"", ""6.40"", ""6.45"", ""6.50"", ""6.55"", ""6.60"", ""6.65"", ""6.70"", ""6.75"", ""6.80"", ""6.85"", ""6.90"", ""6.95"", ""7.00"", ""7.05"", ""7.10"", ""7.15"", ""7.20"", ""7.25"", ""7.30"", ""7.35"", ""7.40"", ""7.45"", ""7.50"", ""7.55"", ""7.60"", ""7.65"", ""7.70"", ""7.75"", ""7.80"", ""7.85"", ""7.90"", ""7.95"", ""8.00"", ""8.05"", ""8.10"", ""8.15"", ""8.20"", ""8.25"", ""8.30"", ""8.35"", ""8.40"", ""8.45"", ""8.50"", ""8.55"", ""8.60"", ""8.65"", ""8.70"", ""8.75"", ""8.80"", ""8.85"", ""8.90"", ""8.95"", ""9.00"", ""9.05"", ""9.10"", ""9.15"", ""9.20"", ""9.25"", ""9.30"", ""9.35"", ""9.40"", ""9.45"", ""9.50"", ""9.55"", ""9.60"", ""9.65"", ""9.70"", ""9.75"", ""9.80"", ""9.85"", ""9.90"", ""9.95"", ""10.00""]",,,"[""enum labels ui-derived from stringTable rateHz-10.00Table""]","{""file"": ""original-roland-files/Script/A8EE/Script.xml"", ""line"": 4287}"
fm.pat.mfx.tremoloChorus-choRateNote,1F 00 02 1D,int4x4,4,"[32768, 32789]",32786,PatchCommonMFX,mfx:TREMOLO CHORUS,script,,,,,[],"{""file"": ""original-roland-files/Script/A8EE/Script.xml"", ""line"": 4295}"
fm.pat.mfx.tremoloChorus-choDepth,1F 00 02 21,int4x4,4,"[32768, 32895]",32818,PatchCommonMFX,mfx:TREMOLO CHORUS,script,-32768,,,,[],"{""file"": ""original-roland-files/Script/A8EE/Script.xml"", ""line"": 4303}"
fm.pat.mfx.tremoloChorus-treRateSync,1F 00 02 25,int4x4,4,"[32768, 32769]",32768,PatchCommonMFX,mfx:TREMOLO CHORUS,script,,,,,[],"{""file"": ""original-roland-files/Script/A8EE/Script.xml"", ""line"": 4311}"
fm.pat.mfx.tremoloChorus-treRateHz,1F 00 02 29,int4x4,4,"[32769, 32968]",32808,PatchCommonMFX,mfx:TREMOLO CHORUS,script,-32768,"[""0.05"", ""0.10"", ""0.15"", ""0.20"", ""0.25"", ""0.30"", ""0.35"", ""0.40"", ""0.45"", ""0.50"", ""0.55"", ""0.60"", ""0.65"", ""0.70"", ""0.75"", ""0.80"", ""0.85"", ""0.90"", ""0.95"", ""1.00"", ""1.05"", ""1.10"", ""1.15"", ""1.20"", ""1.25"", ""1.30"", ""1.35"", ""1.40"", ""1.45"", ""1.50"", ""1.55"", ""1.60"", ""1.65"", ""1.70"", ""1.75"", ""1.80"", ""1.85"", ""1.90"", ""1.95"", ""2.00"", ""2.05"", ""2.10"", ""2.15"", ""2.20"", ""2.25"", ""2.30"", ""2.35"", ""2.40"", ""2.45"", ""2.50"", ""2.55"", ""2.60"", ""2.65"", ""2.70"", ""2.75"", ""2.80"", ""2.85"", ""2.90"", ""2.95"", ""3.00"", ""3.05"", ""3.10"", ""3.15"", ""3.20"", ""3.25"", ""3.30"", ""3.35"", ""3.40"", ""3.45"", ""3.50"", ""3.55"", ""3.60"", ""3.65"", ""3.70"", ""3.75"", ""3.80"", ""3.85"", ""3.90"", ""3.95"", ""4.00"", ""4.05"", ""4.10"", ""4.15"", ""4.20"", ""4.25"", ""4.30"", ""4.35"", ""4.40"", ""4.45"", ""4.50"", ""4.55"", ""4.60"", ""4.65"", ""4.70"", ""4.75"", ""4.80"", ""4.85"", ""4.90"", ""4.95"", ""5.00"", ""5.05"", ""5.10"", ""5.15"", ""5.20"", ""5.25"", ""5.30"", ""5.35"", ""5.40"", ""5.45"", ""5.50"", ""5.55"", ""5.60"", ""5.65"", ""5.70"", ""5.75"", ""5.80"", ""5.85"", ""5.90"", ""5.95"", ""6.00"", ""6.05"", ""6.10"", ""6.15"", ""6.20"", ""6.25"", ""6.30"", ""6.35"", ""6.40"", ""6.45"", ""6.50"", ""6.55"", ""6.60"", ""6.65"", ""6.70"", ""6.75"", ""6.80"", ""6.85"", ""6.90"", ""6.95"", ""7.00"", ""7.05"", ""7.10"", ""7.15"", ""7.20"", ""7.25"", ""7.30"", ""7.35"", ""7.40"", ""7.45"", ""7.50"", ""7.55"", ""7.60"", ""7.65"", ""7.70"", ""7.75"", ""7.80"", ""7.85"", ""7.90"", ""7.95"", ""8.00"", ""8.05"", ""8.10"", ""8.15"", ""8.20"", ""8.25"", ""8.30"", ""8.35"", ""8.40"", ""8.45"", ""8.50"", ""8.55"", ""8.60"", ""8.65"", ""8.70"", ""8.75"", ""8.80"", ""8.85"", ""8.90"", ""8.95"", ""9.00"", ""9.05"", ""9.10"", ""9.15"", ""9.20"", ""9.25"", ""9.30"", ""9.35"", ""9.40"", ""9.45"", ""9.50"", ""9.55"", ""9.60"", ""9.65"", ""9.70"", ""9.75"", ""9.80"", ""9.85"", ""9.90"", ""9.95"", ""10.00""]",,,"[""enum labels ui-derived from stringTable rateHz-10.00Table""]","{""file"": ""original-roland-files/Script/A8EE/Script.xml"", ""line"": 4319}"
fm.pat.mfx.tremoloChorus-treRateNote,1F 00 02 2D,int4x4,4,"[32768, 32789]",32780,PatchCommonMFX,mfx:TREMOLO CHORUS,script,,,,,[],"{""file"": ""original-roland-files/Script/A8EE/Script.xml"", ""line"": 4327}"
fm.pat.mfx.tremoloChorus-treSepa,1F 00 02 31,int4x4,4,"[32768, 32895]",32895,PatchCommonMFX,mfx:TREMOLO CHORUS,script,-32768,,,,[],"{""file"": ""original-roland-files/Script/A8EE/Script.xml"", ""line"": 4335}"
fm.pat.mfx.tremoloChorus-trePhs,1F 00 02 35,int4x4,4,"[32768, 32858]",32858,PatchCommonMFX,mfx:TREMOLO CHORUS,script,-32768,,,,[],"{""file"": ""original-roland-files/Script/A8EE/Script.xml"", ""line"": 4343}"
fm.pat.mfx.tremoloChorus-bal,1F 00 02 39,int4x4,4,"[32768, 32868]",32818,PatchCommonMFX,mfx:TREMOLO CHORUS,script,,"[""D100:0W"", ""D99:01W"", ""D98:02W"", ""D97:03W"", ""D96:04W"", ""D95:05W"", ""D94:06W"", ""D93:07W"", ""D92:08W"", ""D91:09W"", ""D90:10W"", ""D89:11W"", ""D88:12W"", ""D87:13W"", ""D86:14W"", ""D85:15W"", ""D84:16W"", ""D83:17W"", ""D82:18W"", ""D81:19W"", ""D80:20W"", ""D79:21W"", ""D78:22W"", ""D77:23W"", ""D76:24W"", ""D75:25W"", ""D74:26W"", ""D73:27W"", ""D72:28W"", ""D71:29W"", ""D70:30W"", ""D69:31W"", ""D68:32W"", ""D67:33W"", ""D66:34W"", ""D65:35W"", ""D64:36W"", ""D63:37W"", ""D62:38W"", ""D61:39W"", ""D60:40W"", ""D59:41W"", ""D58:42W"", ""D57:43W"", ""D56:44W"", ""D55:45W"", ""D54:46W"", ""D53:47W"", ""D52:48W"", ""D51:49W"", ""D50:50W"", ""D49:51W"", ""D48:52W"", ""D47:53W"", ""D46:54W"", ""D45:55W"", ""D44:56W"", ""D43:57W"", ""D42:58W"", ""D41:59W"", ""D40:60W"", ""D39:61W"", ""D38:62W"", ""D37:63W"", ""D36:64W"", ""D35:65W"", ""D34:66W"", ""D33:67W"", ""D32:68W"", ""D31:69W"", ""D30:70W"", ""D29:71W"", ""D28:72W"", ""D27:73W"", ""D26:74W"", ""D25:75W"", ""D24:76W"", ""D23:77W"", ""D22:78W"", ""D21:79W"", ""D20:80W"", ""D19:81W"", ""D18:82W"", ""D17:83W"", ""D16:84W"", ""D15:85W"", ""D14:86W"", ""D13:87W"", ""D12:88W"", ""D11:89W"", ""D10:90W"", ""D09:91W"", ""D08:92W"", ""D07:93W"", ""D06:94W"", ""D05:95W"", ""D04:96W"", ""D03:97W"", ""D02:98W"", ""D01:99W"", ""D0:100W""]",,,"[""enum labels ui-derived from stringTable balanceTable""]","{""file"": ""original-roland-files/Script/A8EE/Script.xml"", ""line"": 4351}"
fm.pat.mfx.tremoloChorus-level,1F 00 02 3D,int4x4,4,"[32768, 32895]",32895,PatchCommonMFX,mfx:TREMOLO CHORUS,script,-32768,,,,[],"{""file"": ""original-roland-files/Script/A8EE/Script.xml"", ""line"": 4359}"
fm.pat.mfx.spaceD-dly,1F 00 02 11,int4x4,4,"[32768, 32893]",32788,PatchCommonMFX,mfx:SPACE-D,script,-32768,"[""0.0 ms"", ""0.1 ms"", ""0.2 ms"", ""0.3 ms"", ""0.4 ms"", ""0.5 ms"", ""0.6 ms"", ""0.7 ms"", ""0.8 ms"", ""0.9 ms"", ""1.0 ms"", ""1.1 ms"", ""1.2 ms"", ""1.3 ms"", ""1.4 ms"", ""1.5 ms"", ""1.6 ms"", ""1.7 ms"", ""1.8 ms"", ""1.9 ms"", ""2.0 ms"", ""2.1 ms"", ""2.2 ms"", ""2.3 ms"", ""2.4 ms"", ""2.5 ms"", ""2.6 ms"", ""2.7 ms"", ""2.8 ms"", ""2.9 ms"", ""3.0 ms"", ""3.1 ms"", ""3.2 ms"", ""3.3 ms"", ""3.4 ms"", ""3.5 ms"", ""3.6 ms"", ""3.7 ms"", ""3.8 ms"", ""3.9 ms"", ""4.0 ms"", ""4.1 ms"", ""4.2 ms"", ""4.3 ms"", ""4.4 ms"", ""4.5 ms"", ""4.6 ms"", ""4.7 ms"", ""4.8 ms"", ""4.9 ms"", ""5.0 ms"", ""5.5 ms"", ""6.0 ms"", ""6.5 ms"", ""7.0 ms"", ""7.5 ms"", ""8.0 ms"", ""8.5 ms"", ""9.0 ms"", ""9.5 ms"", ""10.0 ms"", ""11.0 ms"", ""12.0 ms"", ""13.0 ms"", ""14.0 ms"", ""15.0 ms"", ""16.0 ms"", ""17.0 ms"", ""18.0 ms"", ""19.0 ms"", ""20.0 ms"", ""21.0 ms"", ""22.0 ms"", ""23.0 ms"", ""24.0 ms"", ""25.0 ms"", ""26.0 ms"", ""27.0 ms"", ""28.0 ms"", ""29.0 ms"", ""30.0 ms"", ""31.0 ms"", ""32.0 ms"", ""33.0 ms"", ""34.0 ms"", ""35.0 ms"", ""36.0 ms"", ""37.0 ms"", ""38.0 ms"", ""39.0 ms"", ""40.0 ms"", ""41.0 ms"", ""42.0 ms"", ""43.0 ms"", ""44.0 ms"", ""45.0 ms"", ""46.0 ms"", ""47.0 ms"", ""48.0 ms"", ""49.0 ms"", ""50.0 ms"", ""52.0 ms"", ""54.0 ms"", ""56.0 ms"", ""58.0 ms"", ""60.0 ms"", ""62.0 ms"", ""64.0 ms"", ""66.0 ms"", ""68.0 ms"", ""70.0 ms"", ""72.0 ms"", ""74.0 ms"", ""76.0 ms"", ""78.0 ms"", ""80.0 ms"", ""82.0 ms"", ""84.0 ms"", ""86.0 ms"", ""88.0 ms"", ""90.0 ms"", ""92.0 ms"", ""94.0 ms"", ""96.0 ms"", ""98.0 ms"", ""100.0 ms""]",,,"[""enum labels ui-derived from stringTable delayTime0-100Table""]","{""file"": ""original-roland-files/Script/A8EE/Script.xml"", ""line"": 4367}"
fm.pat.mfx.spaceD-rateSync,1F 00 02 15,int4x4,4,"[32768, 32769]",32768,PatchCommonMFX,mfx:SPACE-D,script,,,,,[],"{""file"": ""original-roland-files/Script/A8EE/Script.xml"", ""line"": 4375}"
fm.pat.mfx.spaceD-rateHz,1F 00 02 19,int4x4,4,"[32769, 32968]",32778,PatchCommonMFX,mfx:SPACE-D,script,-32768,"[""0.05"", ""0.10"", ""0.15"", ""0.20"", ""0.25"", ""0.30"", ""0.35"", ""0.40"", ""0.45"", ""0.50"", ""0.55"", ""0.60"", ""0.65"", ""0.70"", ""0.75"", ""0.80"", ""0.85"", ""0.90"", ""0.95"", ""1.00"", ""1.05"", ""1.10"", ""1.15"", ""1.20"", ""1.25"", ""1.30"", ""1.35"", ""1.40"", ""1.45"", ""1.50"", ""1.55"", ""1.60"", ""1.65"", ""1.70"", ""1.75"", ""1.80"", ""1.85"", ""1.90"", ""1.95"", ""2.00"", ""2.05"", ""2.10"", ""2.15"", ""2.20"", ""2.25"", ""2.30"", ""2.35"", ""2.40"", ""2.45"", ""2.50"", ""2.55"", ""2.60"", ""2.65"", ""2.70"", ""2.75"", ""2.80"", ""2.85"", ""2.90"", ""2.95"", ""3.00"", ""3.05"", ""3.10"", ""3.15"", ""3.20"", ""3.25"", ""3.30"", ""3.35"", ""3.40"", ""3.45"", ""3.50"", ""3.55"", ""3.60"", ""3.65"", ""3.70"", ""3.75"", ""3.80"", ""3.85"", ""3.90"", ""3.95"", ""4.00"", ""4.05"", ""4.10"", ""4.15"", ""4.20"", ""4.25"", ""4.30"", ""4.35"", ""4.40"", ""4.45"", ""4.50"", ""4.55"", ""4.60"", ""4.65"", ""4.70"", ""4.75"", ""4.80"", ""4.85"", ""4.90"", ""4.95"", ""5.00"", ""5.05"", ""5.10"", ""5.15"", ""5.20"", ""5.25"", ""5.30"", ""5.35"", ""5.40"", ""5.45"", ""5.50"", ""5.55"", ""5.60"", ""5.65"", ""5.70"", ""5.75"", ""5.80"", ""5.85"", ""5.90"", ""5.95"", ""6.00"", ""6.05"", ""6.10"", ""6.15"", ""6.20"", ""6.25"", ""6.30"", ""6.35"", ""6.40"", ""6.45"", ""6.50"", ""6.55"", ""6.60"", ""6.65"", ""6.70"", ""6.75"", ""6.80"", ""6.85"", ""6.90"", ""6.95"", ""7.00"", ""7.05"", ""7.10"", ""7.15"", ""7.20"", ""7.25"", ""7.30"", ""7.35"", ""7.40"", ""7.45"", ""7.50"", ""7.55"", ""7.60"", ""7.65"", ""7.70"", ""7.75"", ""7.80"", ""7.85"", ""7.90"", ""7.95"", ""8.00"", ""8.05"", ""8.10"", ""8.15"", ""8.20"", ""8.25"", ""8.30"", ""8.35"", ""8.40"", ""8.45"", ""8.50"", ""8.55"", ""8.60"", ""8.65"", ""8.70"", ""8.75"", ""8.80"", ""8.85"", ""8.90"", ""8.95"", ""9.00"", ""9.05"", ""9.10"", ""9.15"", ""9.20"", ""9.25"", ""9.30"", ""9.35"", ""9.40"", ""9.45"", ""9.50"", ""9.55"", ""9.60"", ""9.65"", ""9.70"", ""9.75"", ""9.80"", ""9.85"", ""9.90"", ""9.95"", ""10.00""]",,,"[""enum labels ui-derived from stringTable rateHz-10.00Table""]","{""file"": ""original-roland-files/Script/A8EE/Script.xml"", ""line"": 4383}"
fm.pat.mfx.spaceD-rateNote,1F 00 02 1D,int4x4,4,"[32768, 32789]",32786,PatchCommonMFX,mfx:SPACE-D,script,,,,,[],"{""file"": ""original-roland-files/Script/A8EE/Script.xml"", ""line"": 4391}"
fm.pat.mfx.spaceD-depth,1F 00 02 21,int4x4,4,"[32768, 32895]",32788,PatchCommonMFX,mfx:SPACE-D,script,-32768,,,,[],"{""file"": ""original-roland-files/Script/A8EE/Script.xml"", ""line"": 4399}"
fm.pat.mfx.spaceD-phs,1F 00 02 25,int4x4,4,"[32768, 32858]",32858,PatchCommonMFX,mfx:SPACE-D,script,-32768,,,,[],"{""file"": ""original-roland-files/Script/A8EE/Script.xml"", ""line"": 4407}"
fm.pat.mfx.spaceD-eqLo,1F 00 02 29,int4x4,4,"[32768, 32798]",32783,PatchCommonMFX,mfx:SPACE-D,script,-32768,"[""-15 dB"", ""-14 dB"", ""-13 dB"", ""-12 dB"", ""-11 dB"", ""-10 dB"", ""-9 dB"", ""-8 dB"", ""-7 dB"", ""-6 dB"", ""-5 dB"", ""-4 dB"", ""-3 dB"", ""-2 dB"", ""-1 dB"", ""0 dB"", ""+1 dB"", ""+2 dB"", ""+3 dB"", ""+4 dB"", ""+5 dB"", ""+6 dB"", ""+7 dB"", ""+8 dB"", ""+9 dB"", ""+10 dB"", ""+11 dB"", ""+12 dB"", ""+13 dB"", ""+14 dB"", ""+15 dB""]",,,"[""enum labels ui-derived from stringTable gain-15-1Table""]","{""file"": ""original-roland-files/Script/A8EE/Script.xml"", ""line"": 4415}"
fm.pat.mfx.spaceD-eqHi,1F 00 02 2D,int4x4,4,"[32768, 32798]",32783,PatchCommonMFX,mfx:SPACE-D,script,-32768,"[""-15 dB"", ""-14 dB"", ""-13 dB"", ""-12 dB"", ""-11 dB"", ""-10 dB"", ""-9 dB"", ""-8 dB"", ""-7 dB"", ""-6 dB"", ""-5 dB"", ""-4 dB"", ""-3 dB"", ""-2 dB"", ""-1 dB"", ""0 dB"", ""+1 dB"", ""+2 dB"", ""+3 dB"", ""+4 dB"", ""+5 dB"", ""+6 dB"", ""+7 dB"", ""+8 dB"", ""+9 dB"", ""+10 dB"", ""+11 dB"", ""+12 dB"", ""+13 dB"", ""+14 dB"", ""+15 dB""]",,,"[""enum labels ui-derived from stringTable gain-15-1Table""]","{""file"": ""original-roland-files/Script/A8EE/Script.xml"", ""line"": 4423}"
fm.pat.mfx.spaceD-bal,1F 00 02 31,int4x4,4,"[32768, 32868]",32818,PatchCommonMFX,mfx:SPACE-D,script,,"[""D100:0W"", ""D99:01W"", ""D98:02W"", ""D97:03W"", ""D96:04W"", ""D95:05W"", ""D94:06W"", ""D93:07W"", ""D92:08W"", ""D91:09W"", ""D90:10W"", ""D89:11W"", ""D88:12W"", ""D87:13W"", ""D86:14W"", ""D85:15W"", ""D84:16W"", ""D83:17W"", ""D82:18W"", ""D81:19W"", ""D80:20W"", ""D79:21W"", ""D78:22W"", ""D77:23W"", ""D76:24W"", ""D75:25W"", ""D74:26W"", ""D73:27W"", ""D72:28W"", ""D71:29W"", ""D70:30W"", ""D69:31W"", ""D68:32W"", ""D67:33W"", ""D66:34W"", ""D65:35W"", ""D64:36W"", ""D63:37W"", ""D62:38W"", ""D61:39W"", ""D60:40W"", ""D59:41W"", ""D58:42W"", ""D57:43W"", ""D56:44W"", ""D55:45W"", ""D54:46W"", ""D53:47W"", ""D52:48W"", ""D51:49W"", ""D50:50W"", ""D49:51W"", ""D48:52W"", ""D47:53W"", ""D46:54W"", ""D45:55W"", ""D44:56W"", ""D43:57W"", ""D42:58W"", ""D41:59W"", ""D40:60W"", ""D39:61W"", ""D38:62W"", ""D37:63W"", ""D36:64W"", ""D35:65W"", ""D34:66W"", ""D33:67W"", ""D32:68W"", ""D31:69W"", ""D30:70W"", ""D29:71W"", ""D28:72W"", ""D27:73W"", ""D26:74W"", ""D25:75W"", ""D24:76W"", ""D23:77W"", ""D22:78W"", ""D21:79W"", ""D20:80W"", ""D19:81W"", ""D18:82W"", ""D17:83W"", ""D16:84W"", ""D15:85W"", ""D14:86W"", ""D13:87W"", ""D12:88W"", ""D11:89W"", ""D10:90W"", ""D09:91W"", ""D08:92W"", ""D07:93W"", ""D06:94W"", ""D05:95W"", ""D04:96W"", ""D03:97W"", ""D02:98W"", ""D01:99W"", ""D0:100W""]",,,"[""enum labels ui-derived from stringTable balanceTable""]","{""file"": ""original-roland-files/Script/A8EE/Script.xml"", ""line"": 4431}"
fm.pat.mfx.spaceD-level,1F 00 02 35,int4x4,4,"[32768, 32895]",32895,PatchCommonMFX,mfx:SPACE-D,script,-32768,,,,[],"{""file"": ""original-roland-files/Script/A8EE/Script.xml"", ""line"": 4439}"
fm.pat.mfx.3dChorus-filt,1F 00 02 11,int4x4,4,"[32768, 32770]",32770,PatchCommonMFX,mfx:3D CHORUS,script,,,,,[],"{""file"": ""original-roland-files/Script/A8EE/Script.xml"", ""line"": 4447}"
fm.pat.mfx.3dChorus-splt,1F 00 02 15,int4x4,4,"[32768, 32784]",32774,PatchCommonMFX,mfx:3D CHORUS,script,-32768,,,,[],"{""file"": ""original-roland-files/Script/A8EE/Script.xml"", ""line"": 4455}"
fm.pat.mfx.3dChorus-dly,1F 00 02 19,int4x4,4,"[32768, 32893]",32788,PatchCommonMFX,mfx:3D CHORUS,script,-32768,"[""0.0 ms"", ""0.1 ms"", ""0.2 ms"", ""0.3 ms"", ""0.4 ms"", ""0.5 ms"", ""0.6 ms"", ""0.7 ms"", ""0.8 ms"", ""0.9 ms"", ""1.0 ms"", ""1.1 ms"", ""1.2 ms"", ""1.3 ms"", ""1.4 ms"", ""1.5 ms"", ""1.6 ms"", ""1.7 ms"", ""1.8 ms"", ""1.9 ms"", ""2.0 ms"", ""2.1 ms"", ""2.2 ms"", ""2.3 ms"", ""2.4 ms"", ""2.5 ms"", ""2.6 ms"", ""2.7 ms"", ""2.8 ms"", ""2.9 ms"", ""3.0 ms"", ""3.1 ms"", ""3.2 ms"", ""3.3 ms"", ""3.4 ms"", ""3.5 ms"", ""3.6 ms"", ""3.7 ms"", ""3.8 ms"", ""3.9 ms"", ""4.0 ms"", ""4.1 ms"", ""4.2 ms"", ""4.3 ms"", ""4.4 ms"", ""4.5 ms"", ""4.6 ms"", ""4.7 ms"", ""4.8 ms"", ""4.9 ms"", ""5.0 ms"", ""5.5 ms"", ""6.0 ms"", ""6.5 ms"", ""7.0 ms"", ""7.5 ms"", ""8.0 ms"", ""8.5 ms"", ""9.0 ms"", ""9.5 ms"", ""10.0 ms"", ""11.0 ms"", ""12.0 ms"", ""13.0 ms"", ""14.0 ms"", ""15.0 ms"", ""16.0 ms"", ""17.0 ms"", ""18.0 ms"", ""19.0 ms"", ""20.0 ms"", ""21.0 ms"", ""22.0 ms"", ""23.0 ms"", ""24.0 ms"", ""25.0 ms"", ""26.0 ms"", ""27.0 ms"", ""28.0 ms"", ""29.0 ms"", ""30.0 ms"", ""31.0 ms"", ""32.0 ms"", ""33.0 ms"", ""34.0 ms"", ""35.0 ms"", ""36.0 ms"", ""37.0 ms"", ""38.0 ms"", ""39.0 ms"", ""40.0 ms"", ""41.0 ms"", ""42.0 ms"", ""43.0 ms"", ""44.0 ms"", ""45.0 ms"", ""46.0 ms"", ""47.0 ms"", ""48.0 ms"", ""49.0 ms"", ""50.0 ms"", ""52.0 ms"", ""54.0 ms"", ""56.0 ms"", ""58.0 ms"", ""60.0 ms"", ""62.0 ms"", ""64.0 ms"", ""66.0 ms"", ""68.0 ms"", ""70.0 ms"", ""72.0 ms"", ""74.0 ms"", ""76.0 ms"", ""78.0 ms"", ""80.0 ms"", ""82.0 ms"", ""84.0 ms"", ""86.0 ms"", ""88.0 ms"", ""90.0 ms"", ""92.0 ms"", ""94.0 ms"", ""96.0 ms"", ""98.0 ms"", ""100.0 ms""]",,,"[""enum labels ui-derived from stringTable delayTime0-100Table""]","{""file"": ""original-roland-files/Script/A8EE/Script.xml"", ""line"": 4463}"
fm.pat.mfx.3dChorus-rateSync,1F 00 02 1D,int4x4,4,"[32768, 32769]",32768,PatchCommonMFX,mfx:3D CHORUS,script,,,,,[],"{""file"": ""original-roland-files/Script/A8EE/Script.xml"", ""line"": 4471}"
fm.pat.mfx.3dChorus-rateHz,1F 00 02 21,int4x4,4,"[32769, 32968]",32778,PatchCommonMFX,mfx:3D CHORUS,script,-32768,"[""0.05"", ""0.10"", ""0.15"", ""0.20"", ""0.25"", ""0.30"", ""0.35"", ""0.40"", ""0.45"", ""0.50"", ""0.55"", ""0.60"", ""0.65"", ""0.70"", ""0.75"", ""0.80"", ""0.85"", ""0.90"", ""0.95"", ""1.00"", ""1.05"", ""1.10"", ""1.15"", ""1.20"", ""1.25"", ""1.30"", ""1.35"", ""1.40"", ""1.45"", ""1.50"", ""1.55"", ""1.60"", ""1.65"", ""1.70"", ""1.75"", ""1.80"", ""1.85"", ""1.90"", ""1.95"", ""2.00"", ""2.05"", ""2.10"", ""2.15"", ""2.20"", ""2.25"", ""2.30"", ""2.35"", ""2.40"", ""2.45"", ""2.50"", ""2.55"", ""2.60"", ""2.65"", ""2.70"", ""2.75"", ""2.80"", ""2.85"", ""2.90"", ""2.95"", ""3.00"", ""3.05"", ""3.10"", ""3.15"", ""3.20"", ""3.25"", ""3.30"", ""3.35"", ""3.40"", ""3.45"", ""3.50"", ""3.55"", ""3.60"", ""3.65"", ""3.70"", ""3.75"", ""3.80"", ""3.85"", ""3.90"", ""3.95"", ""4.00"", ""4.05"", ""4.10"", ""4.15"", ""4.20"", ""4.25"", ""4.30"", ""4.35"", ""4.40"", ""4.45"", ""4.50"", ""4.55"", ""4.60"", ""4.65"", ""4.70"", ""4.75"", ""4.80"", ""4.85"", ""4.90"", ""4.95"", ""5.00"", ""5.05"", ""5.10"", ""5.15"", ""5.20"", ""5.25"", ""5.30"", ""5.35"", ""5.40"", ""5.45"", ""5.50"", ""5.55"", ""5.60"", ""5.65"", ""5.70"", ""5.75"", ""5.80"", ""5.85"", ""5.90"", ""5.95"", ""6.00"", ""6.05"", ""6.10"", ""6.15"", ""6.20"", ""6.25"", ""6.30"", ""6.35"", ""6.40"", ""6.45"", ""6.50"", ""6.55"", ""6.60"", ""6.65"", ""6.70"", ""6.75"", ""6.80"", ""6.85"", ""6.90"", ""6.95"", ""7.00"", ""7.05"", ""7.10"", ""7.15"", ""7.20"", ""7.25"", ""7.30"", ""7.35"", ""7.40"", ""7.45"", ""7.50"", ""7.55"", ""7.60"", ""7.65"", ""7.70"", ""7.75"", ""7.80"", ""7.85"", ""7.90"", ""7.95"", ""8.00"", ""8.05"", ""8.10"", ""8.15"", ""8.20"", ""8.25"", ""8.30"", ""8.35"", ""8.40"", ""8.45"", ""8.50"", ""8.55"", ""8.60"", ""8.65"", ""8.70"", ""8.75"", ""8.80"", ""8.85"", ""8.90"", ""8.95"", ""9.00"", ""9.05"", ""9.10"", ""9.15"", ""9.20"", ""9.25"", ""9.30"", ""9.35"", ""9.40"", ""9.45"", ""9.50"", ""9.55"", ""9.60"", ""9.65"", ""9.70"", ""9.75"", ""9.80"", ""9.85"", ""9.90"", ""9.95"", ""10.00""]",,,"[""enum labels ui-derived from stringTable rateHz-10.00Table""]","{""file"": ""original-roland-files/Script/A8EE/Script.xml"", ""line"": 4479}"
fm.pat.mfx.3dChorus-rateNote,1F 00 02 25,int4x4,4,"[32768, 32789]",32786,PatchCommonMFX,mfx:3D CHORUS,script,,,,,[],"{""file"": ""original-roland-files/Script/A8EE/Script.xml"", ""line"": 4487}"
fm.pat.mfx.3dChorus-depth,1F 00 02 29,int4x4,4,"[32768, 32895]",32788,PatchCommonMFX,mfx:3D CHORUS,script,-32768,,,,[],"{""file"": ""original-roland-files/Script/A8EE/Script.xml"", ""line"": 4495}"
fm.pat.mfx.3dChorus-phs,1F 00 02 2D,int4x4,4,"[32768, 32858]",32858,PatchCommonMFX,mfx:3D CHORUS,script,-32768,,,,[],"{""file"": ""original-roland-files/Script/A8EE/Script.xml"", ""line"": 4503}"
fm.pat.mfx.3dChorus-out,1F 00 02 31,int4x4,4,"[32768, 32769]",32768,PatchCommonMFX,mfx:3D CHORUS,script,,,,,[],"{""file"": ""original-roland-files/Script/A8EE/Script.xml"", ""line"": 4511}"
fm.pat.mfx.3dChorus-eqLo,1F 00 02 35,int4x4,4,"[32768, 32798]",32783,PatchCommonMFX,mfx:3D CHORUS,script,-32768,"[""-15 dB"", ""-14 dB"", ""-13 dB"", ""-12 dB"", ""-11 dB"", ""-10 dB"", ""-9 dB"", ""-8 dB"", ""-7 dB"", ""-6 dB"", ""-5 dB"", ""-4 dB"", ""-3 dB"", ""-2 dB"", ""-1 dB"", ""0 dB"", ""+1 dB"", ""+2 dB"", ""+3 dB"", ""+4 dB"", ""+5 dB"", ""+6 dB"", ""+7 dB"", ""+8 dB"", ""+9 dB"", ""+10 dB"", ""+11 dB"", ""+12 dB"", ""+13 dB"", ""+14 dB"", ""+15 dB""]",,,"[""enum labels ui-derived from stringTable gain-15-1Table""]","{""file"": ""original-roland-files/Script/A8EE/Script.xml"", ""line"": 4519}"
fm.pat.mfx.3dChorus-eqHi,1F 00 02 39,int4x4,4,"[32768, 32798]",32783,PatchCommonMFX,mfx:3D CHORUS,script,-32768,"[""-15 dB"", ""-14 dB"", ""-13 dB"", ""-12 dB"", ""-11 dB"", ""-10 dB"", ""-9 dB"", ""-8 dB"", ""-7 dB"", ""-6 dB"", ""-5 dB"", ""-4 dB"", ""-3 dB"", ""-2 dB"", ""-1 dB"", ""0 dB"", ""+1 dB"", ""+2 dB"", ""+3 dB"", ""+4 dB"", ""+5 dB"", ""+6 dB"", ""+7 dB"", ""+8 dB"", ""+9 dB"", ""+10 dB"", ""+11 dB"", ""+12 dB"", ""+13 dB"", ""+14 dB"", ""+15 dB""]",,,"[""enum labels ui-derived from stringTable gain-15-1Table""]","{""file"": ""original-roland-files/Script/A8EE/Script.xml"", ""line"": 4527}"
fm.pat.mfx.3dChorus-bal,1F 00 02 3D,int4x4,4,"[32768, 32868]",32818,PatchCommonMFX,mfx:3D CHORUS,script,,"[""D100:0W"", ""D99:01W"", ""D98:02W"", ""D97:03W"", ""D96:04W"", ""D95:05W"", ""D94:06W"", ""D93:07W"", ""D92:08W"", ""D91:09W"", ""D90:10W"", ""D89:11W"", ""D88:12W"", ""D87:13W"", ""D86:14W"", ""D85:15W"", ""D84:16W"", ""D83:17W"", ""D82:18W"", ""D81:19W"", ""D80:20W"", ""D79:21W"", ""D78:22W"", ""D77:23W"", ""D76:24W"", ""D75:25W"", ""D74:26W"", ""D73:27W"", ""D72:28W"", ""D71:29W"", ""D70:30W"", ""D69:31W"", ""D68:32W"", ""D67:33W"", ""D66:34W"", ""D65:35W"", ""D64:36W"", ""D63:37W"", ""D62:38W"", ""D61:39W"", ""D60:40W"", ""D59:41W"", ""D58:42W"", ""D57:43W"", ""D56:44W"", ""D55:45W"", ""D54:46W"", ""D53:47W"", ""D52:48W"", ""D51:49W"", ""D50:50W"", ""D49:51W"", ""D48:52W"", ""D47:53W"", ""D46:54W"", ""D45:55W"", ""D44:56W"", ""D43:57W"", ""D42:58W"", ""D41:59W"", ""D40:60W"", ""D39:61W"", ""D38:62W"", ""D37:63W"", ""D36:64W"", ""D35:65W"", ""D34:66W"", ""D33:67W"", ""D32:68W"", ""D31:69W"", ""D30:70W"", ""D29:71W"", ""D28:72W"", ""D27:73W"", ""D26:74W"", ""D25:75W"", ""D24:76W"", ""D23:77W"", ""D22:78W"", ""D21:79W"", ""D20:80W"", ""D19:81W"", ""D18:82W"", ""D17:83W"", ""D16:84W"", ""D15:85W"", ""D14:86W"", ""D13:87W"", ""D12:88W"", ""D11:89W"", ""D10:90W"", ""D09:91W"", ""D08:92W"", ""D07:93W"", ""D06:94W"", ""D05:95W"", ""D04:96W"", ""D03:97W"", ""D02:98W"", ""D01:99W"", ""D0:100W""]",,,"[""enum labels ui-derived from stringTable balanceTable""]","{""file"": ""original-roland-files/Script/A8EE/Script.xml"", ""line"": 4535}"
fm.pat.mfx.3dChorus-level,1F 00 02 41,int4x4,4,"[32768, 32895]",32895,PatchCommonMFX,mfx:3D CHORUS,script,-32768,,,,[],"{""file"": ""original-roland-files/Script/A8EE/Script.xml"", ""line"": 4543}"
fm.pat.mfx.3dFlanger-filt,1F 00 02 11,int4x4,4,"[32768, 32770]",32770,PatchCommonMFX,mfx:3D FLANGER,script,,,,,[],"{""file"": ""original-roland-files/Script/A8EE/Script.xml"", ""line"": 4551}"
fm.pat.mfx.3dFlanger-splt,1F 00 02 15,int4x4,4,"[32768, 32784]",32774,PatchCommonMFX,mfx:3D FLANGER,script,-32768,,,,[],"{""file"": ""original-roland-files/Script/A8EE/Script.xml"", ""line"": 4559}"
fm.pat.mfx.3dFlanger-dly,1F 00 02 19,int4x4,4,"[32768, 32893]",32788,PatchCommonMFX,mfx:3D FLANGER,script,-32768,"[""0.0 ms"", ""0.1 ms"", ""0.2 ms"", ""0.3 ms"", ""0.4 ms"", ""0.5 ms"", ""0.6 ms"", ""0.7 ms"", ""0.8 ms"", ""0.9 ms"", ""1.0 ms"", ""1.1 ms"", ""1.2 ms"", ""1.3 ms"", ""1.4 ms"", ""1.5 ms"", ""1.6 ms"", ""1.7 ms"", ""1.8 ms"", ""1.9 ms"", ""2.0 ms"", ""2.1 ms"", ""2.2 ms"", ""2.3 ms"", ""2.4 ms"", ""2.5 ms"", ""2.6 ms"", ""2.7 ms"", ""2.8 ms"", ""2.9 ms"", ""3.0 ms"", ""3.1 ms"", ""3.2 ms"", ""3.3 ms"", ""3.4 ms"", ""3.5 ms"", ""3.6 ms"", ""3.7 ms"", ""3.8 ms"", ""3.9 ms"", ""4.0 ms"", ""4.1 ms"", ""4.2 ms"", ""4.3 ms"", ""4.4 ms"", ""4.5 ms"", ""4.6 ms"", ""4.7 ms"", ""4.8 ms"", ""4.9 ms"", ""5.0 ms"", ""5.5 ms"", ""6.0 ms"", ""6.5 ms"", ""7.0 ms"", ""7.5 ms"", ""8.0 ms"", ""8.5 ms"", ""9.0 ms"", ""9.5 ms"", ""10.0 ms"", ""11.0 ms"", ""12.0 ms"", ""13.0 ms"", ""14.0 ms"", ""15.0 ms"", ""16.0 ms"", ""17.0 ms"", ""18.0 ms"", ""19.0 ms"", ""20.0 ms"", ""21.0 ms"", ""22.0 ms"", ""23.0 ms"", ""24.0 ms"", ""25.0 ms"", ""26.0 ms"", ""27.0 ms"", ""28.0 ms"", ""29.0 ms"", ""30.0 ms"", ""31.0 ms"", ""32.0 ms"", ""33.0 ms"", ""34.0 ms"", ""35.0 ms"", ""36.0 ms"", ""37.0 ms"", ""38.0 ms"", ""39.0 ms"", ""40.0 ms"", ""41.0 ms"", ""42.0 ms"", ""43.0 ms"", ""44.0 ms"", ""45.0 ms"", ""46.0 ms"", ""47.0 ms"", ""48.0 ms"", ""49.0 ms"", ""50.0 ms"", ""52.0 ms"", ""54.0 ms"", ""56.0 ms"", ""58.0 ms"", ""60.0 ms"", ""62.0 ms"", ""64.0 ms"", ""66.0 ms"", ""68.0 ms"", ""70.0 ms"", ""72.0 ms"", ""74.0 ms"", ""76.0 ms"", ""78.0 ms"", ""80.0 ms"", ""82.0 ms"", ""84.0 ms"", ""86.0 ms"", ""88.0 ms"", ""90.0 ms"", ""92.0 ms"", ""94.0 ms"", ""96.0 ms"", ""98.0 ms"", ""100.0 ms""]",,,"[""enum labels ui-derived from stringTable delayTime0-100Table""]","{""file"": ""original-roland-files/Script/A8EE/Script.xml"", ""line"": 4567}"
fm.pat.mfx.3dFlanger-rateSync,1F 00 02 1D,int4x4,4,"[32768, 32769]",32768,PatchCommonMFX,mfx:3D FLANGER,script,,,,,[],"{""file"": ""original-roland-files/Script/A8EE/Script.xml"", ""line"": 4575}"
fm.pat.mfx.3dFlanger-rateHz,1F 00 02 21,int4x4,4,"[32769, 32968]",32778,PatchCommonMFX,mfx:3D FLANGER,script,-32768,"[""0.05"", ""0.10"", ""0.15"", ""0.20"", ""0.25"", ""0.30"", ""0.35"", ""0.40"", ""0.45"", ""0.50"", ""0.55"", ""0.60"", ""0.65"", ""0.70"", ""0.75"", ""0.80"", ""0.85"", ""0.90"", ""0.95"", ""1.00"", ""1.05"", ""1.10"", ""1.15"", ""1.20"", ""1.25"", ""1.30"", ""1.35"", ""1.40"", ""1.45"", ""1.50"", ""1.55"", ""1.60"", ""1.65"", ""1.70"", ""1.75"", ""1.80"", ""1.85"", ""1.90"", ""1.95"", ""2.00"", ""2.05"", ""2.10"", ""2.15"", ""2.20"", ""2.25"", ""2.30"", ""2.35"", ""2.40"", ""2.45"", ""2.50"", ""2.55"", ""2.60"", ""2.65"", ""2.70"", ""2.75"", ""2.80"", ""2.85"", ""2.90"", ""2.95"", ""3.00"", ""3.05"", ""3.10"", ""3.15"", ""3.20"", ""3.25"", ""3.30"", ""3.35"", ""3.40"", ""3.45"", ""3.50"", ""3.55"", ""3.60"", ""3.65"", ""3.70"", ""3.75"", ""3.80"", ""3.85"", ""3.90"", ""3.95"", ""4.00"", ""4.05"", ""4.10"", ""4.15"", ""4.20"", ""4.25"", ""4.30"", ""4.35"", ""4.40"", ""4.45"", ""4.50"", ""4.55"", ""4.60"", ""4.65"", ""4.70"", ""4.75"", ""4.80"", ""4.85"", ""4.90"", ""4.95"", ""5.00"", ""5.05"", ""5.10"", ""5.15"", ""5.20"", ""5.25"", ""5.30"", ""5.35"", ""5.40"", ""5.45"", ""5.50"", ""5.55"", ""5.60"", ""5.65"", ""5.70"", ""5.75"", ""5.80"", ""5.85"", ""5.90"", ""5.95"", ""6.00"", ""6.05"", ""6.10"", ""6.15"", ""6.20"", ""6.25"", ""6.30"", ""6.35"", ""6.40"", ""6.45"", ""6.50"", ""6.55"", ""6.60"", ""6.65"", ""6.70"", ""6.75"", ""6.80"", ""6.85"", ""6.90"", ""6.95"", ""7.00"", ""7.05"", ""7.10"", ""7.15"", ""7.20"", ""7.25"", ""7.30"", ""7.35"", ""7.40"", ""7.45"", ""7.50"", ""7.55"", ""7.60"", ""7.65"", ""7.70"", ""7.75"", ""7.80"", ""7.85"", ""7.90"", ""7.95"", ""8.00"", ""8.05"", ""8.10"", ""8.15"", ""8.20"", ""8.25"", ""8.30"", ""8.35"", ""8.40"", ""8.45"", ""8.50"", ""8.55"", ""8.60"", ""8.65"", ""8.70"", ""8.75"", ""8.80"", ""8.85"", ""8.90"", ""8.95"", ""9.00"", ""9.05"", ""9.10"", ""9.15"", ""9.20"", ""9.25"", ""9.30"", ""9.35"", ""9.40"", ""9.45"", ""9.50"", ""9.55"", ""9.60"", ""9.65"", ""9.70"", ""9.75"", ""9.80"", ""9.85"", ""9.90"", ""9.95"", ""10.00""]",,,"[""enum labels ui-derived from stringTable rateHz-10.00Table""]","{""file"": ""original-roland-files/Script/A8EE/Script.xml"", ""line"": 4583}"
fm.pat.mfx.3dFlanger-rateNote,1F 00 02 25,int4x4,4,"[32768, 32789]",32786,PatchCommonMFX,mfx:3D FLANGER,script,,,,,[],"{""file"": ""original-roland-files/Script/A8EE/Script.xml"", ""line"": 4591}"
fm.pat.mfx.3dFlanger-depth,1F 00 02 29,int4x4,4,"[32768, 32895]",32808,PatchCommonMFX,mfx:3D FLANGER,script,-32768,,,,[],"{""file"": ""original-roland-files/Script/A8EE/Script.xml"", ""line"": 4599}"
fm.pat.mfx.3dFlanger-phs,1F 00 02 2D,int4x4,4,"[32768, 32858]",32858,PatchCommonMFX,mfx:3D FLANGER,script,-32768,,,,[],"{""file"": ""original-roland-files/Script/A8EE/Script.xml"", ""line"": 4607}"
fm.pat.mfx.3dFlanger-fbk,1F 00 02 31,int4x4,4,"[32768, 32866]",32847,PatchCommonMFX,mfx:3D FLANGER,script,-32768,"[""-98%"", ""-96%"", ""-94%"", ""-92%"", ""-90%"", ""-88%"", ""-86%"", ""-84%"", ""-82%"", ""-80%"", ""-78%"", ""-76%"", ""-74%"", ""-72%"", ""-70%"", ""-68%"", ""-66%"", ""-64%"", ""-62%"", ""-60%"", ""-58%"", ""-56%"", ""-54%"", ""-52%"", ""-50%"", ""-48%"", ""-46%"", ""-44%"", ""-42%"", ""-40%"", ""-38%"", ""-36%"", ""-34%"", ""-32%"", ""-30%"", ""-28%"", ""-26%"", ""-24%"", ""-22%"", ""-20%"", ""-18%"", ""-16%"", ""-14%"", ""-12%"", ""-10%"", ""-8%"", ""-6%"", ""-4%"", ""-2%"", ""0%"", ""+2%"", ""+4%"", ""+6%"", ""+8%"", ""+10%"", ""+12%"", ""+14%"", ""+16%"", ""+18%"", ""+20%"", ""+22%"", ""+24%"", ""+26%"", ""+28%"", ""+30%"", ""+32%"", ""+34%"", ""+36%"", ""+38%"", ""+40%"", ""+42%"", ""+44%"", ""+46%"", ""+48%"", ""+50%"", ""+52%"", ""+54%"", ""+56%"", ""+58%"", ""+60%"", ""+62%"", ""+64%"", ""+66%"", ""+68%"", ""+70%"", ""+72%"", ""+74%"", ""+76%"", ""+78%"", ""+80%"", ""+82%"", ""+84%"", ""+86%"", ""+88%"", ""+90%"", ""+92%"", ""+94%"", ""+96%"", ""+98%""]",,,"[""enum labels ui-derived from stringTable fbkTable""]","{""file"": ""original-roland-files/Script/A8EE/Script.xml"", ""line"": 4615}"
fm.pat.mfx.3dFlanger-out,1F 00 02 35,int4x4,4,"[32768, 32769]",32768,PatchCommonMFX,mfx:3D FLANGER,script,,,,,[],"{""file"": ""original-roland-files/Script/A8EE/Script.xml"", ""line"": 4623}"
fm.pat.mfx.3dFlanger-eqLo,1F 00 02 39,int4x4,4,"[32768, 32798]",32783,PatchCommonMFX,mfx:3D FLANGER,script,-32768,"[""-15 dB"", ""-14 dB"", ""-13 dB"", ""-12 dB"", ""-11 dB"", ""-10 dB"", ""-9 dB"", ""-8 dB"", ""-7 dB"", ""-6 dB"", ""-5 dB"", ""-4 dB"", ""-3 dB"", ""-2 dB"", ""-1 dB"", ""0 dB"", ""+1 dB"", ""+2 dB"", ""+3 dB"", ""+4 dB"", ""+5 dB"", ""+6 dB"", ""+7 dB"", ""+8 dB"", ""+9 dB"", ""+10 dB"", ""+11 dB"", ""+12 dB"", ""+13 dB"", ""+14 dB"", ""+15 dB""]",,,"[""enum labels ui-derived from stringTable gain-15-1Table""]","{""file"": ""original-roland-files/Script/A8EE/Script.xml"", ""line"": 4631}"
fm.pat.mfx.3dFlanger-eqHi,1F 00 02 3D,int4x4,4,"[32768, 32798]",32783,PatchCommonMFX,mfx:3D FLANGER,script,-32768,"[""-15 dB"", ""-14 dB"", ""-13 dB"", ""-12 dB"", ""-11 dB"", ""-10 dB"", ""-9 dB"", ""-8 dB"", ""-7 dB"", ""-6 dB"", ""-5 dB"", ""-4 dB"", ""-3 dB"", ""-2 dB"", ""-1 dB"", ""0 dB"", ""+1 dB"", ""+2 dB"", ""+3 dB"", ""+4 dB"", ""+5 dB"", ""+6 dB"", ""+7 dB"", ""+8 dB"", ""+9 dB"", ""+10 dB"", ""+11 dB"", ""+12 dB"", ""+13 dB"", ""+14 dB"", ""+15 dB""]",,,"[""enum labels ui-derived from stringTable gain-15-1Table""]","{""file"": ""original-roland-files/Script/A8EE/Script.xml"", ""line"": 4639}"
fm.pat.mfx.3dFlanger-bal,1F 00 02 41,int4x4,4,"[32768, 32868]",32818,PatchCommonMFX,mfx:3D FLANGER,script,,"[""D100:0W"", ""D99:01W"", ""D98:02W"", ""D97:03W"", ""D96:04W"", ""D95:05W"", ""D94:06W"", ""D93:07W"", ""D92:08W"", ""D91:09W"", ""D90:10W"", ""D89:11W"", ""D88:12W"", ""D87:13W"", ""D86:14W"", ""D85:15W"", ""D84:16W"", ""D83:17W"", ""D82:18W"", ""D81:19W"", ""D80:20W"", ""D79:21W"", ""D78:22W"", ""D77:23W"", ""D76:24W"", ""D75:25W"", ""D74:26W"", ""D73:27W"", ""D72:28W"", ""D71:29W"", ""D70:30W"", ""D69:31W"", ""D68:32W"", ""D67:33W"", ""D66:34W"", ""D65:35W"", ""D64:36W"", ""D63:37W"", ""D62:38W"", ""D61:39W"", ""D60:40W"", ""D59:41W"", ""D58:42W"", ""D57:43W"", ""D56:44W"", ""D55:45W"", ""D54:46W"", ""D53:47W"", ""D52:48W"", ""D51:49W"", ""D50:50W"", ""D49:51W"", ""D48:52W"", ""D47:53W"", ""D46:54W"", ""D45:55W"", ""D44:56W"", ""D43:57W"", ""D42:58W"", ""D41:59W"", ""D40:60W"", ""D39:61W"", ""D38:62W"", ""D37:63W"", ""D36:64W"", ""D35:65W"", ""D34:66W"", ""D33:67W"", ""D32:68W"", ""D31:69W"", ""D30:70W"", ""D29:71W"", ""D28:72W"", ""D27:73W"", ""D26:74W"", ""D25:75W"", ""D24:76W"", ""D23:77W"", ""D22:78W"", ""D21:79W"", ""D20:80W"", ""D19:81W"", ""D18:82W"", ""D17:83W"", ""D16:84W"", ""D15:85W"", ""D14:86W"", ""D13:87W"", ""D12:88W"", ""D11:89W"", ""D10:90W"", ""D09:91W"", ""D08:92W"", ""D07:93W"", ""D06:94W"", ""D05:95W"", ""D04:96W"", ""D03:97W"", ""D02:98W"", ""D01:99W"", ""D0:100W""]",,,"[""enum labels ui-derived from stringTable balanceTable""]","{""file"": ""original-roland-files/Script/A8EE/Script.xml"", ""line"": 4647}"
fm.pat.mfx.3dFlanger-level,1F 00 02 45,int4x4,4,"[32768, 32895]",32895,PatchCommonMFX,mfx:3D FLANGER,script,-32768,,,,[],"{""file"": ""original-roland-files/Script/A8EE/Script.xml"", ""line"": 4655}"
fm.pat.mfx.3dStepFlanger-filt,1F 00 02 11,int4x4,4,"[32768, 32770]",32770,PatchCommonMFX,mfx:3D STEP FLANGER,script,,,,,[],"{""file"": ""original-roland-files/Script/A8EE/Script.xml"", ""line"": 4663}"
fm.pat.mfx.3dStepFlanger-splt,1F 00 02 15,int4x4,4,"[32768, 32784]",32774,PatchCommonMFX,mfx:3D STEP FLANGER,script,-32768,,,,[],"{""file"": ""original-roland-files/Script/A8EE/Script.xml"", ""line"": 4671}"
fm.pat.mfx.3dStepFlanger-dly,1F 00 02 19,int4x4,4,"[32768, 32893]",32788,PatchCommonMFX,mfx:3D STEP FLANGER,script,-32768,"[""0.0 ms"", ""0.1 ms"", ""0.2 ms"", ""0.3 ms"", ""0.4 ms"", ""0.5 ms"", ""0.6 ms"", ""0.7 ms"", ""0.8 ms"", ""0.9 ms"", ""1.0 ms"", ""1.1 ms"", ""1.2 ms"", ""1.3 ms"", ""1.4 ms"", ""1.5 ms"", ""1.6 ms"", ""1.7 ms"", ""1.8 ms"", ""1.9 ms"", ""2.0 ms"", ""2.1 ms"", ""2.2 ms"", ""2.3 ms"", ""2.4 ms"", ""2.5 ms"", ""2.6 ms"", ""2.7 ms"", ""2.8 ms"", ""2.9 ms"", ""3.0 ms"", ""3.1 ms"", ""3.2 ms"", ""3.3 ms"", ""3.4 ms"", ""3.5 ms"", ""3.6 ms"", ""3.7 ms"", ""3.8 ms"", ""3.9 ms"", ""4.0 ms"", ""4.1 ms"", ""4.2 ms"", ""4.3 ms"", ""4.4 ms"", ""4.5 ms"", ""4.6 ms"", ""4.7 ms"", ""4.8 ms"", ""4.9 ms"", ""5.0 ms"", ""5.5 ms"", ""6.0 ms"", ""6.5 ms"", ""7.0 ms"", ""7.5 ms"", ""8.0 ms"", ""8.5 ms"", ""9.0 ms"", ""9.5 ms"", ""10.0 ms"", ""11.0 ms"", ""12.0 ms"", ""13.0 ms"", ""14.0 ms"", ""15.0 ms"", ""16.0 ms"", ""17.0 ms"", ""18.0 ms"", ""19.0 ms"", ""20.0 ms"", ""21.0 ms"", ""22.0 ms"", ""23.0 ms"", ""24.0 ms"", ""25.0 ms"", ""26.0 ms"", ""27.0 ms"", ""28.0 ms"", ""29.0 ms"", ""30.0 ms"", ""31.0 ms"", ""32.0 ms"", ""33.0 ms"", ""34.0 ms"", ""35.0 ms"", ""36.0 ms"", ""37.0 ms"", ""38.0 ms"", ""39.0 ms"", ""40.0 ms"", ""41.0 ms"", ""42.0 ms"", ""43.0 ms"", ""44.0 ms"", ""45.0 ms"", ""46.0 ms"", ""47.0 ms"", ""48.0 ms"", ""49.0 ms"", ""50.0 ms"", ""52.0 ms"", ""54.0 ms"", ""56.0 ms"", ""58.0 ms"", ""60.0 ms"", ""62.0 ms"", ""64.0 ms"", ""66.0 ms"", ""68.0 ms"", ""70.0 ms"", ""72.0 ms"", ""74.0 ms"", ""76.0 ms"", ""78.0 ms"", ""80.0 ms"", ""82.0 ms"", ""84.0 ms"", ""86.0 ms"", ""88.0 ms"", ""90.0 ms"", ""92.0 ms"", ""94.0 ms"", ""96.0 ms"", ""98.0 ms"", ""100.0 ms""]",,,"[""enum labels ui-derived from stringTable delayTime0-100Table""]","{""file"": ""original-roland-files/Script/A8EE/Script.xml"", ""line"": 4679}"
fm.pat.mfx.3dStepFlanger-rateSync,1F 00 02 1D,int4x4,4,"[32768, 32769]",32768,PatchCommonMFX,mfx:3D STEP FLANGER,script,,,,,[],"{""file"": ""original-roland-files/Script/A8EE/Script.xml"", ""line"": 4687}"
fm.pat.mfx.3dStepFlanger-rateHz,1F 00 02 21,int4x4,4,"[32769, 32968]",32798,PatchCommonMFX,mfx:3D STEP FLANGER,script,-32768,"[""0.05"", ""0.10"", ""0.15"", ""0.20"", ""0.25"", ""0.30"", ""0.35"", ""0.40"", ""0.45"", ""0.50"", ""0.55"", ""0.60"", ""0.65"", ""0.70"", ""0.75"", ""0.80"", ""0.85"", ""0.90"", ""0.95"", ""1.00"", ""1.05"", ""1.10"", ""1.15"", ""1.20"", ""1.25"", ""1.30"", ""1.35"", ""1.40"", ""1.45"", ""1.50"", ""1.55"", ""1.60"", ""1.65"", ""1.70"", ""1.75"", ""1.80"", ""1.85"", ""1.90"", ""1.95"", ""2.00"", ""2.05"", ""2.10"", ""2.15"", ""2.20"", ""2.25"", ""2.30"", ""2.35"", ""2.40"", ""2.45"", ""2.50"", ""2.55"", ""2.60"", ""2.65"", ""2.70"", ""2.75"", ""2.80"", ""2.85"", ""2.90"", ""2.95"", ""3.00"", ""3.05"", ""3.10"", ""3.15"", ""3.20"", ""3.25"", ""3.30"", ""3.35"", ""3.40"", ""3.45"", ""3.50"", ""3.55"", ""3.60"", ""3.65"", ""3.70"", ""3.75"", ""3.80"", ""3.85"", ""3.90"", ""3.95"", ""4.00"", ""4.05"", ""4.10"", ""4.15"", ""4.20"", ""4.25"", ""4.30"", ""4.35"", ""4.40"", ""4.45"", ""4.50"", ""4.55"", ""4.60"", ""4.65"", ""4.70"", ""4.75"", ""4.80"", ""4.85"", ""4.90"", ""4.95"", ""5.00"", ""5.05"", ""5.10"", ""5.15"", ""5.20"", ""5.25"", ""5.30"", ""5.35"", ""5.40"", ""5.45"", ""5.50"", ""5.55"", ""5.60"", ""5.65"", ""5.70"", ""5.75"", ""5.80"", ""5.85"", ""5.90"", ""5.95"", ""6.00"", ""6.05"", ""6.10"", ""6.15"", ""6.20"", ""6.25"", ""6.30"", ""6.35"", ""6.40"", ""6.45"", ""6.50"", ""6.55"", ""6.60"", ""6.65"", ""6.70"", ""6.75"", ""6.80"", ""6.85"", ""6.90"", ""6.95"", ""7.00"", ""7.05"", ""7.10"", ""7.15"", ""7.20"", ""7.25"", ""7.30"", ""7.35"", ""7.40"", ""7.45"", ""7.50"", ""7.55"", ""7.60"", ""7.65"", ""7.70"", ""7.75"", ""7.80"", ""7.85"", ""7.90"", ""7.95"", ""8.00"", ""8.05"", ""8.10"", ""8.15"", ""8.20"", ""8.25"", ""8.30"", ""8.35"", ""8.40"", ""8.45"", ""8.50"", ""8.55"", ""8.60"", ""8.65"", ""8.70"", ""8.75"", ""8.80"", ""8.85"", ""8.90"", ""8.95"", ""9.00"", ""9.05"", ""9.10"", ""9.15"", ""9.20"", ""9.25"", ""9.30"", ""9.35"", ""9.40"", ""9.45"", ""9.50"", ""9.55"", ""9.60"", ""9.65"", ""9.70"", ""9.75"", ""9.80"", ""9.85"", ""9.90"", ""9.95"", ""10.00""]",,,"[""enum labels ui-derived from stringTable rateHz-10.00Table""]","{""file"": ""original-roland-files/Script/A8EE/Script.xml"", ""line"": 4695}"
fm.pat.mfx.3dStepFlanger-rateNote,1F 00 02 25,int4x4,4,"[32768, 32789]",32781,PatchCommonMFX,mfx:3D STEP FLANGER,script,,,,,[],"{""file"": ""original-roland-files/Script/A8EE/Script.xml"", ""line"": 4703}"
fm.pat.mfx.3dStepFlanger-depth,1F 00 02 29,int4x4,4,"[32768, 32895]",32808,PatchCommonMFX,mfx:3D STEP FLANGER,script,-32768,,,,[],"{""file"": ""original-roland-files/Script/A8EE/Script.xml"", ""line"": 4711}"
fm.pat.mfx.3dStepFlanger-phs,1F 00 02 2D,int4x4,4,"[32768, 32858]",32858,PatchCommonMFX,mfx:3D STEP FLANGER,script,-32768,,,,[],"{""file"": ""original-roland-files/Script/A8EE/Script.xml"", ""line"": 4719}"
fm.pat.mfx.3dStepFlanger-fbk,1F 00 02 31,int4x4,4,"[32768, 32866]",32847,PatchCommonMFX,mfx:3D STEP FLANGER,script,-32768,"[""-98%"", ""-96%"", ""-94%"", ""-92%"", ""-90%"", ""-88%"", ""-86%"", ""-84%"", ""-82%"", ""-80%"", ""-78%"", ""-76%"", ""-74%"", ""-72%"", ""-70%"", ""-68%"", ""-66%"", ""-64%"", ""-62%"", ""-60%"", ""-58%"", ""-56%"", ""-54%"", ""-52%"", ""-50%"", ""-48%"", ""-46%"", ""-44%"", ""-42%"", ""-40%"", ""-38%"", ""-36%"", ""-34%"", ""-32%"", ""-30%"", ""-28%"", ""-26%"", ""-24%"", ""-22%"", ""-20%"", ""-18%"", ""-16%"", ""-14%"", ""-12%"", ""-10%"", ""-8%"", ""-6%"", ""-4%"", ""-2%"", ""0%"", ""+2%"", ""+4%"", ""+6%"", ""+8%"", ""+10%"", ""+12%"", ""+14%"", ""+16%"", ""+18%"", ""+20%"", ""+22%"", ""+24%"", ""+26%"", ""+28%"", ""+30%"", ""+32%"", ""+34%"", ""+36%"", ""+38%"", ""+40%"", ""+42%"", ""+44%"", ""+46%"", ""+48%"", ""+50%"", ""+52%"", ""+54%"", ""+56%"", ""+58%"", ""+60%"", ""+62%"", ""+64%"", ""+66%"", ""+68%"", ""+70%"", ""+72%"", ""+74%"", ""+76%"", ""+78%"", ""+80%"", ""+82%"", ""+84%"", ""+86%"", ""+88%"", ""+90%"", ""+92%"", ""+94%"", ""+96%"", ""+98%""]",,,"[""enum labels ui-derived from stringTable fbkTable""]","{""file"": ""original-roland-files/Script/A8EE/Script.xml"", ""line"": 4727}"
fm.pat.mfx.3dStepFlanger-sRateSync,1F 00 02 35,int4x4,4,"[32768, 32769]",32768,PatchCommonMFX,mfx:3D STEP FLANGER,script,,,,,[],"{""file"": ""original-roland-files/Script/A8EE/Script.xml"", ""line"": 4735}"
fm.pat.mfx.3dStepFlanger-sRateHz,1F 00 02 39,int4x4,4,"[32769, 32968]",32848,PatchCommonMFX,mfx:3D STEP FLANGER,script,-32768,"[""0.10"", ""0.20"", ""0.30"", ""0.40"", ""0.50"", ""0.60"", ""0.70"", ""0.80"", ""0.90"", ""1.00"", ""1.10"", ""1.20"", ""1.30"", ""1.40"", ""1.50"", ""1.60"", ""1.70"", ""1.80"", ""1.90"", ""2.00"", ""2.10"", ""2.20"", ""2.30"", ""2.40"", ""2.50"", ""2.60"", ""2.70"", ""2.80"", ""2.90"", ""3.00"", ""3.10"", ""3.20"", ""3.30"", ""3.40"", ""3.50"", ""3.60"", ""3.70"", ""3.80"", ""3.90"", ""4.00"", ""4.10"", ""4.20"", ""4.30"", ""4.40"", ""4.50"", ""4.60"", ""4.70"", ""4.80"", ""4.90"", ""5.00"", ""5.10"", ""5.20"", ""5.30"", ""5.40"", ""5.50"", ""5.60"", ""5.70"", ""5.80"", ""5.90"", ""6.00"", ""6.10"", ""6.20"", ""6.30"", ""6.40"", ""6.50"", ""6.60"", ""6.70"", ""6.80"", ""6.90"", ""7.00"", ""7.10"", ""7.20"", ""7.30"", ""7.40"", ""7.50"", ""7.60"", ""7.70"", ""7.80"", ""7.90"", ""8.00"", ""8.10"", ""8.20"", ""8.30"", ""8.40"", ""8.50"", ""8.60"", ""8.70"", ""8.80"", ""8.90"", ""9.00"", ""9.10"", ""9.20"", ""9.30"", ""9.40"", ""9.50"", ""9.60"", ""9.70"", ""9.80"", ""9.90"", ""10.00"", ""10.10"", ""10.20"", ""10.30"", ""10.40"", ""10.50"", ""10.60"", ""10.70"", ""10.80"", ""10.90"", ""11.00"", ""11.10"", ""11.20"", ""11.30"", ""11.40"", ""11.50"", ""11.60"", ""11.70"", ""11.80"", ""11.90"", ""12.00"", ""12.10"", ""12.20"", ""12.30"", ""12.40"", ""12.50"", ""12.60"", ""12.70"", ""12.80"", ""12.90"", ""13.00"", ""13.10"", ""13.20"", ""13.30"", ""13.40"", ""13.50"", ""13.60"", ""13.70"", ""13.80"", ""13.90"", ""14.00"", ""14.10"", ""14.20"", ""14.30"", ""14.40"", ""14.50"", ""14.60"", ""14.70"", ""14.80"", ""14.90"", ""15.00"", ""15.10"", ""15.20"", ""15.30"", ""15.40"", ""15.50"", ""15.60"", ""15.70"", ""15.80"", ""15.90"", ""16.00"", ""16.10"", ""16.20"", ""16.30"", ""16.40"", ""16.50"", ""16.60"", ""16.70"", ""16.80"", ""16.90"", ""17.00"", ""17.10"", ""17.20"", ""17.30"", ""17.40"", ""17.50"", ""17.60"", ""17.70"", ""17.80"", ""17.90"", ""18.00"", ""18.10"", ""18.20"", ""18.30"", ""18.40"", ""18.50"", ""18.60"", ""18.70"", ""18.80"", ""18.90"", ""19.00"", ""19.10"", ""19.20"", ""19.30"", ""19.40"", ""19.50"", ""19.60"", ""19.70"", ""19.80"", ""19.90"", ""20.00""]",,,"[""enum labels ui-derived from stringTable rateHz-20.00Table""]","{""file"": ""original-roland-files/Script/A8EE/Script.xml"", ""line"": 4743}"
fm.pat.mfx.3dStepFlanger-sRateNote,1F 00 02 3D,int4x4,4,"[32768, 32789]",32774,PatchCommonMFX,mfx:3D STEP FLANGER,script,,,,,[],"{""file"": ""original-roland-files/Script/A8EE/Script.xml"", ""line"": 4751}"
fm.pat.mfx.3dStepFlanger-out,1F 00 02 41,int4x4,4,"[32768, 32769]",32768,PatchCommonMFX,mfx:3D STEP FLANGER,script,,,,,[],"{""file"": ""original-roland-files/Script/A8EE/Script.xml"", ""line"": 4759}"
fm.pat.mfx.3dStepFlanger-eqLo,1F 00 02 45,int4x4,4,"[32768, 32798]",32783,PatchCommonMFX,mfx:3D STEP FLANGER,script,-32768,"[""-15 dB"", ""-14 dB"", ""-13 dB"", ""-12 dB"", ""-11 dB"", ""-10 dB"", ""-9 dB"", ""-8 dB"", ""-7 dB"", ""-6 dB"", ""-5 dB"", ""-4 dB"", ""-3 dB"", ""-2 dB"", ""-1 dB"", ""0 dB"", ""+1 dB"", ""+2 dB"", ""+3 dB"", ""+4 dB"", ""+5 dB"", ""+6 dB"", ""+7 dB"", ""+8 dB"", ""+9 dB"", ""+10 dB"", ""+11 dB"", ""+12 dB"", ""+13 dB"", ""+14 dB"", ""+15 dB""]",,,"[""enum labels ui-derived from stringTable gain-15-1Table""]","{""file"": ""original-roland-files/Script/A8EE/Script.xml"", ""line"": 4767}"
fm.pat.mfx.3dStepFlanger-eqHi,1F 00 02 49,int4x4,4,"[32768, 32798]",32783,PatchCommonMFX,mfx:3D STEP FLANGER,script,-32768,"[""-15 dB"", ""-14 dB"", ""-13 dB"", ""-12 dB"", ""-11 dB"", ""-10 dB"", ""-9 dB"", ""-8 dB"", ""-7 dB"", ""-6 dB"", ""-5 dB"", ""-4 dB"", ""-3 dB"", ""-2 dB"", ""-1 dB"", ""0 dB"", ""+1 dB"", ""+2 dB"", ""+3 dB"", ""+4 dB"", ""+5 dB"", ""+6 dB"", ""+7 dB"", ""+8 dB"", ""+9 dB"", ""+10 dB"", ""+11 dB"", ""+12 dB"", ""+13 dB"", ""+14 dB"", ""+15 dB""]",,,"[""enum labels ui-derived from stringTable gain-15-1Table""]","{""file"": ""original-roland-files/Script/A8EE/Script.xml"", ""line"": 4775}"
fm.pat.mfx.3dStepFlanger-bal,1F 00 02 4D,int4x4,4,"[32768, 32868]",32818,PatchCommonMFX,mfx:3D STEP FLANGER,script,,"[""D100:0W"", ""D99:01W"", ""D98:02W"", ""D97:03W"", ""D96:04W"", ""D95:05W"", ""D94:06W"", ""D93:07W"", ""D92:08W"", ""D91:09W"", ""D90:10W"", ""D89:11W"", ""D88:12W"", ""D87:13W"", ""D86:14W"", ""D85:15W"", ""D84:16W"", ""D83:17W"", ""D82:18W"", ""D81:19W"", ""D80:20W"", ""D79:21W"", ""D78:22W"", ""D77:23W"", ""D76:24W"", ""D75:25W"", ""D74:26W"", ""D73:27W"", ""D72:28W"", ""D71:29W"", ""D70:30W"", ""D69:31W"", ""D68:32W"", ""D67:33W"", ""D66:34W"", ""D65:35W"", ""D64:36W"", ""D63:37W"", ""D62:38W"", ""D61:39W"", ""D60:40W"", ""D59:41W"", ""D58:42W"", ""D57:43W"", ""D56:44W"", ""D55:45W"", ""D54:46W"", ""D53:47W"", ""D52:48W"", ""D51:49W"", ""D50:50W"", ""D49:51W"", ""D48:52W"", ""D47:53W"", ""D46:54W"", ""D45:55W"", ""D44:56W"", ""D43:57W"", ""D42:58W"", ""D41:59W"", ""D40:60W"", ""D39:61W"", ""D38:62W"", ""D37:63W"", ""D36:64W"", ""D35:65W"", ""D34:66W"", ""D33:67W"", ""D32:68W"", ""D31:69W"", ""D30:70W"", ""D29:71W"", ""D28:72W"", ""D27:73W"", ""D26:74W"", ""D25:75W"", ""D24:76W"", ""D23:77W"", ""D22:78W"", ""D21:79W"", ""D20:80W"", ""D19:81W"", ""D18:82W"", ""D17:83W"", ""D16:84W"", ""D15:85W"", ""D14:86W"", ""D13:87W"", ""D12:88W"", ""D11:89W"", ""D10:90W"", ""D09:91W"", ""D08:92W"", ""D07:93W"", ""D06:94W"", ""D05:95W"", ""D04:96W"", ""D03:97W"", ""D02:98W"", ""D01:99W"", ""D0:100W""]",,,"[""enum labels ui-derived from stringTable balanceTable""]","{""file"": ""original-roland-files/Script/A8EE/Script.xml"", ""line"": 4783}"
fm.pat.mfx.3dStepFlanger-level,1F 00 02 51,int4x4,4,"[32768, 32895]",32895,PatchCommonMFX,mfx:3D STEP FLANGER,script,-32768,,,,[],"{""file"": ""original-roland-files/Script/A8EE/Script.xml"", ""line"": 4791}"
fm.pat.mfx.2bandChorus-splt,1F 00 02 11,int4x4,4,"[32768, 32784]",32774,PatchCommonMFX,mfx:2BAND CHORUS,script,-32768,,,,[],"{""file"": ""original-roland-files/Script/A8EE/Script.xml"", ""line"": 4799}"
fm.pat.mfx.2bandChorus-loDly,1F 00 02 15,int4x4,4,"[32768, 32893]",32808,PatchCommonMFX,mfx:2BAND CHORUS,script,-32768,"[""0.0 ms"", ""0.1 ms"", ""0.2 ms"", ""0.3 ms"", ""0.4 ms"", ""0.5 ms"", ""0.6 ms"", ""0.7 ms"", ""0.8 ms"", ""0.9 ms"", ""1.0 ms"", ""1.1 ms"", ""1.2 ms"", ""1.3 ms"", ""1.4 ms"", ""1.5 ms"", ""1.6 ms"", ""1.7 ms"", ""1.8 ms"", ""1.9 ms"", ""2.0 ms"", ""2.1 ms"", ""2.2 ms"", ""2.3 ms"", ""2.4 ms"", ""2.5 ms"", ""2.6 ms"", ""2.7 ms"", ""2.8 ms"", ""2.9 ms"", ""3.0 ms"", ""3.1 ms"", ""3.2 ms"", ""3.3 ms"", ""3.4 ms"", ""3.5 ms"", ""3.6 ms"", ""3.7 ms"", ""3.8 ms"", ""3.9 ms"", ""4.0 ms"", ""4.1 ms"", ""4.2 ms"", ""4.3 ms"", ""4.4 ms"", ""4.5 ms"", ""4.6 ms"", ""4.7 ms"", ""4.8 ms"", ""4.9 ms"", ""5.0 ms"", ""5.5 ms"", ""6.0 ms"", ""6.5 ms"", ""7.0 ms"", ""7.5 ms"", ""8.0 ms"", ""8.5 ms"", ""9.0 ms"", ""9.5 ms"", ""10.0 ms"", ""11.0 ms"", ""12.0 ms"", ""13.0 ms"", ""14.0 ms"", ""15.0 ms"", ""16.0 ms"", ""17.0 ms"", ""18.0 ms"", ""19.0 ms"", ""20.0 ms"", ""21.0 ms"", ""22.0 ms"", ""23.0 ms"", ""24.0 ms"", ""25.0 ms"", ""26.0 ms"", ""27.0 ms"", ""28.0 ms"", ""29.0 ms"", ""30.0 ms"", ""31.0 ms"", ""32.0 ms"", ""33.0 ms"", ""34.0 ms"", ""35.0 ms"", ""36.0 ms"", ""37.0 ms"", ""38.0 ms"", ""39.0 ms"", ""40.0 ms"", ""41.0 ms"", ""42.0 ms"", ""43.0 ms"", ""44.0 ms"", ""45.0 ms"", ""46.0 ms"", ""47.0 ms"", ""48.0 ms"", ""49.0 ms"", ""50.0 ms"", ""52.0 ms"", ""54.0 ms"", ""56.0 ms"", ""58.0 ms"", ""60.0 ms"", ""62.0 ms"", ""64.0 ms"", ""66.0 ms"", ""68.0 ms"", ""70.0 ms"", ""72.0 ms"", ""74.0 ms"", ""76.0 ms"", ""78.0 ms"", ""80.0 ms"", ""82.0 ms"", ""84.0 ms"", ""86.0 ms"", ""88.0 ms"", ""90.0 ms"", ""92.0 ms"", ""94.0 ms"", ""96.0 ms"", ""98.0 ms"", ""100.0 ms""]",,,"[""enum labels ui-derived from stringTable delayTime0-100Table""]","{""file"": ""original-roland-files/Script/A8EE/Script.xml"", ""line"": 4807}"
fm.pat.mfx.2bandChorus-loRateSync,1F 00 02 19,int4x4,4,"[32768, 32769]",32768,PatchCommonMFX,mfx:2BAND CHORUS,script,,,,,[],"{""file"": ""original-roland-files/Script/A8EE/Script.xml"", ""line"": 4815}"
fm.pat.mfx.2bandChorus-loRateHz,1F 00 02 1D,int4x4,4,"[32769, 32968]",32773,PatchCommonMFX,mfx:2BAND CHORUS,script,-32768,"[""0.05"", ""0.10"", ""0.15"", ""0.20"", ""0.25"", ""0.30"", ""0.35"", ""0.40"", ""0.45"", ""0.50"", ""0.55"", ""0.60"", ""0.65"", ""0.70"", ""0.75"", ""0.80"", ""0.85"", ""0.90"", ""0.95"", ""1.00"", ""1.05"", ""1.10"", ""1.15"", ""1.20"", ""1.25"", ""1.30"", ""1.35"", ""1.40"", ""1.45"", ""1.50"", ""1.55"", ""1.60"", ""1.65"", ""1.70"", ""1.75"", ""1.80"", ""1.85"", ""1.90"", ""1.95"", ""2.00"", ""2.05"", ""2.10"", ""2.15"", ""2.20"", ""2.25"", ""2.30"", ""2.35"", ""2.40"", ""2.45"", ""2.50"", ""2.55"", ""2.60"", ""2.65"", ""2.70"", ""2.75"", ""2.80"", ""2.85"", ""2.90"", ""2.95"", ""3.00"", ""3.05"", ""3.10"", ""3.15"", ""3.20"", ""3.25"", ""3.30"", ""3.35"", ""3.40"", ""3.45"", ""3.50"", ""3.55"", ""3.60"", ""3.65"", ""3.70"", ""3.75"", ""3.80"", ""3.85"", ""3.90"", ""3.95"", ""4.00"", ""4.05"", ""4.10"", ""4.15"", ""4.20"", ""4.25"", ""4.30"", ""4.35"", ""4.40"", ""4.45"", ""4.50"", ""4.55"", ""4.60"", ""4.65"", ""4.70"", ""4.75"", ""4.80"", ""4.85"", ""4.90"", ""4.95"", ""5.00"", ""5.05"", ""5.10"", ""5.15"", ""5.20"", ""5.25"", ""5.30"", ""5.35"", ""5.40"", ""5.45"", ""5.50"", ""5.55"", ""5.60"", ""5.65"", ""5.70"", ""5.75"", ""5.80"", ""5.85"", ""5.90"", ""5.95"", ""6.00"", ""6.05"", ""6.10"", ""6.15"", ""6.20"", ""6.25"", ""6.30"", ""6.35"", ""6.40"", ""6.45"", ""6.50"", ""6.55"", ""6.60"", ""6.65"", ""6.70"", ""6.75"", ""6.80"", ""6.85"", ""6.90"", ""6.95"", ""7.00"", ""7.05"", ""7.10"", ""7.15"", ""7.20"", ""7.25"", ""7.30"", ""7.35"", ""7.40"", ""7.45"", ""7.50"", ""7.55"", ""7.60"", ""7.65"", ""7.70"", ""7.75"", ""7.80"", ""7.85"", ""7.90"", ""7.95"", ""8.00"", ""8.05"", ""8.10"", ""8.15"", ""8.20"", ""8.25"", ""8.30"", ""8.35"", ""8.40"", ""8.45"", ""8.50"", ""8.55"", ""8.60"", ""8.65"", ""8.70"", ""8.75"", ""8.80"", ""8.85"", ""8.90"", ""8.95"", ""9.00"", ""9.05"", ""9.10"", ""9.15"", ""9.20"", ""9.25"", ""9.30"", ""9.35"", ""9.40"", ""9.45"", ""9.50"", ""9.55"", ""9.60"", ""9.65"", ""9.70"", ""9.75"", ""9.80"", ""9.85"", ""9.90"", ""9.95"", ""10.00""]",,,"[""enum labels ui-derived from stringTable rateHz-10.00Table""]","{""file"": ""original-roland-files/Script/A8EE/Script.xml"", ""line"": 4823}"
fm.pat.mfx.2bandChorus-loRateNote,1F 00 02 21,int4x4,4,"[32768, 32789]",32789,PatchCommonMFX,mfx:2BAND CHORUS,script,,,,,[],"{""file"": ""original-roland-files/Script/A8EE/Script.xml"", ""line"": 4831}"
fm.pat.mfx.2bandChorus-loDepth,1F 00 02 25,int4x4,4,"[32768, 32895]",32788,PatchCommonMFX,mfx:2BAND CHORUS,script,-32768,,,,[],"{""file"": ""original-roland-files/Script/A8EE/Script.xml"", ""line"": 4839}"
fm.pat.mfx.2bandChorus-loPhs,1F 00 02 29,int4x4,4,"[32768, 32858]",32858,PatchCommonMFX,mfx:2BAND CHORUS,script,-32768,,,,[],"{""file"": ""original-roland-files/Script/A8EE/Script.xml"", ""line"": 4847}"
fm.pat.mfx.2bandChorus-hiDly,1F 00 02 2D,int4x4,4,"[32768, 32893]",32778,PatchCommonMFX,mfx:2BAND CHORUS,script,-32768,"[""0.0 ms"", ""0.1 ms"", ""0.2 ms"", ""0.3 ms"", ""0.4 ms"", ""0.5 ms"", ""0.6 ms"", ""0.7 ms"", ""0.8 ms"", ""0.9 ms"", ""1.0 ms"", ""1.1 ms"", ""1.2 ms"", ""1.3 ms"", ""1.4 ms"", ""1.5 ms"", ""1.6 ms"", ""1.7 ms"", ""1.8 ms"", ""1.9 ms"", ""2.0 ms"", ""2.1 ms"", ""2.2 ms"", ""2.3 ms"", ""2.4 ms"", ""2.5 ms"", ""2.6 ms"", ""2.7 ms"", ""2.8 ms"", ""2.9 ms"", ""3.0 ms"", ""3.1 ms"", ""3.2 ms"", ""3.3 ms"", ""3.4 ms"", ""3.5 ms"", ""3.6 ms"", ""3.7 ms"", ""3.8 ms"", ""3.9 ms"", ""4.0 ms"", ""4.1 ms"", ""4.2 ms"", ""4.3 ms"", ""4.4 ms"", ""4.5 ms"", ""4.6 ms"", ""4.7 ms"", ""4.8 ms"", ""4.9 ms"", ""5.0 ms"", ""5.5 ms"", ""6.0 ms"", ""6.5 ms"", ""7.0 ms"", ""7.5 ms"", ""8.0 ms"", ""8.5 ms"", ""9.0 ms"", ""9.5 ms"", ""10.0 ms"", ""11.0 ms"", ""12.0 ms"", ""13.0 ms"", ""14.0 ms"", ""15.0 ms"", ""16.0 ms"", ""17.0 ms"", ""18.0 ms"", ""19.0 ms"", ""20.0 ms"", ""21.0 ms"", ""22.0 ms"", ""23.0 ms"", ""24.0 ms"", ""25.0 ms"", ""26.0 ms"", ""27.0 ms"", ""28.0 ms"", ""29.0 ms"", ""30.0 ms"", ""31.0 ms"", ""32.0 ms"", ""33.0 ms"", ""34.0 ms"", ""35.0 ms"", ""36.0 ms"", ""37.0 ms"", ""38.0 ms"", ""39.0 ms"", ""40.0 ms"", ""41.0 ms"", ""42.0 ms"", ""43.0 ms"", ""44.0 ms"", ""45.0 ms"", ""46.0 ms"", ""47.0 ms"", ""48.0 ms"", ""49.0 ms"", ""50.0 ms"", ""52.0 ms"", ""54.0 ms"", ""56.0 ms"", ""58.0 ms"", ""60.0 ms"", ""62.0 ms"", ""64.0 ms"", ""66.0 ms"", ""68.0 ms"", ""70.0 ms"", ""72.0 ms"", ""74.0 ms"", ""76.0 ms"", ""78.0 ms"", ""80.0 ms"", ""82.0 ms"", ""84.0 ms"", ""86.0 ms"", ""88.0 ms"", ""90.0 ms"", ""92.0 ms"", ""94.0 ms"", ""96.0 ms"", ""98.0 ms"", ""100.0 ms""]",,,"[""enum labels ui-derived from stringTable delayTime0-100Table""]","{""file"": ""original-roland-files/Script/A8EE/Script.xml"", ""line"": 4855}"
fm.pat.mfx.2bandChorus-hiRateSync,1F 00 02 31,int4x4,4,"[32768, 32769]",32768,PatchCommonMFX,mfx:2BAND CHORUS,script,,,,,[],"{""file"": ""original-roland-files/Script/A8EE/Script.xml"", ""line"": 4863}"
fm.pat.mfx.2bandChorus-hiRateHz,1F 00 02 35,int4x4,4,"[32769, 32968]",32778,PatchCommonMFX,mfx:2BAND CHORUS,script,-32768,"[""0.05"", ""0.10"", ""0.15"", ""0.20"", ""0.25"", ""0.30"", ""0.35"", ""0.40"", ""0.45"", ""0.50"", ""0.55"", ""0.60"", ""0.65"", ""0.70"", ""0.75"", ""0.80"", ""0.85"", ""0.90"", ""0.95"", ""1.00"", ""1.05"", ""1.10"", ""1.15"", ""1.20"", ""1.25"", ""1.30"", ""1.35"", ""1.40"", ""1.45"", ""1.50"", ""1.55"", ""1.60"", ""1.65"", ""1.70"", ""1.75"", ""1.80"", ""1.85"", ""1.90"", ""1.95"", ""2.00"", ""2.05"", ""2.10"", ""2.15"", ""2.20"", ""2.25"", ""2.30"", ""2.35"", ""2.40"", ""2.45"", ""2.50"", ""2.55"", ""2.60"", ""2.65"", ""2.70"", ""2.75"", ""2.80"", ""2.85"", ""2.90"", ""2.95"", ""3.00"", ""3.05"", ""3.10"", ""3.15"", ""3.20"", ""3.25"", ""3.30"", ""3.35"", ""3.40"", ""3.45"", ""3.50"", ""3.55"", ""3.60"", ""3.65"", ""3.70"", ""3.75"", ""3.80"", ""3.85"", ""3.90"", ""3.95"", ""4.00"", ""4.05"", ""4.10"", ""4.15"", ""4.20"", ""4.25"", ""4.30"", ""4.35"", ""4.40"", ""4.45"", ""4.50"", ""4.55"", ""4.60"", ""4.65"", ""4.70"", ""4.75"", ""4.80"", ""4.85"", ""4.90"", ""4.95"", ""5.00"", ""5.05"", ""5.10"", ""5.15"", ""5.20"", ""5.25"", ""5.30"", ""5.35"", ""5.40"", ""5.45"", ""5.50"", ""5.55"", ""5.60"", ""5.65"", ""5.70"", ""5.75"", ""5.80"", ""5.85"", ""5.90"", ""5.95"", ""6.00"", ""6.05"", ""6.10"", ""6.15"", ""6.20"", ""6.25"", ""6.30"", ""6.35"", ""6.40"", ""6.45"", ""6.50"", ""6.55"", ""6.60"", ""6.65"", ""6.70"", ""6.75"", ""6.80"", ""6.85"", ""6.90"", ""6.95"", ""7.00"", ""7.05"", ""7.10"", ""7.15"", ""7.20"", ""7.25"", ""7.30"", ""7.35"", ""7.40"", ""7.45"", ""7.50"", ""7.55"", ""7.60"", ""7.65"", ""7.70"", ""7.75"", ""7.80"", ""7.85"", ""7.90"", ""7.95"", ""8.00"", ""8.05"", ""8.10"", ""8.15"", ""8.20"", ""8.25"", ""8.30"", ""8.35"", ""8.40"", ""8.45"", ""8.50"", ""8.55"", ""8.60"", ""8.65"", ""8.70"", ""8.75"", ""8.80"", ""8.85"", ""8.90"", ""8.95"", ""9.00"", ""9.05"", ""9.10"", ""9.15"", ""9.20"", ""9.25"", ""9.30"", ""9.35"", ""9.40"", ""9.45"", ""9.50"", ""9.55"", ""9.60"", ""9.65"", ""9.70"", ""9.75"", ""9.80"", ""9.85"", ""9.90"", ""9.95"", ""10.00""]",,,"[""enum labels ui-derived from stringTable rateHz-10.00Table""]","{""file"": ""original-roland-files/Script/A8EE/Script.xml"", ""line"": 4871}"
fm.pat.mfx.2bandChorus-hiRateNote,1F 00 02 39,int4x4,4,"[32768, 32789]",32786,PatchCommonMFX,mfx:2BAND CHORUS,script,,,,,[],"{""file"": ""original-roland-files/Script/A8EE/Script.xml"", ""line"": 4879}"
fm.pat.mfx.2bandChorus-hiDepth,1F 00 02 3D,int4x4,4,"[32768, 32895]",32788,PatchCommonMFX,mfx:2BAND CHORUS,script,-32768,,,,[],"{""file"": ""original-roland-files/Script/A8EE/Script.xml"", ""line"": 4887}"
fm.pat.mfx.2bandChorus-hiPhs,1F 00 02 41,int4x4,4,"[32768, 32858]",32858,PatchCommonMFX,mfx:2BAND CHORUS,script,-32768,,,,[],"{""file"": ""original-roland-files/Script/A8EE/Script.xml"", ""line"": 4895}"
fm.pat.mfx.2bandChorus-bal,1F 00 02 45,int4x4,4,"[32768, 32868]",32818,PatchCommonMFX,mfx:2BAND CHORUS,script,,"[""D100:0W"", ""D99:01W"", ""D98:02W"", ""D97:03W"", ""D96:04W"", ""D95:05W"", ""D94:06W"", ""D93:07W"", ""D92:08W"", ""D91:09W"", ""D90:10W"", ""D89:11W"", ""D88:12W"", ""D87:13W"", ""D86:14W"", ""D85:15W"", ""D84:16W"", ""D83:17W"", ""D82:18W"", ""D81:19W"", ""D80:20W"", ""D79:21W"", ""D78:22W"", ""D77:23W"", ""D76:24W"", ""D75:25W"", ""D74:26W"", ""D73:27W"", ""D72:28W"", ""D71:29W"", ""D70:30W"", ""D69:31W"", ""D68:32W"", ""D67:33W"", ""D66:34W"", ""D65:35W"", ""D64:36W"", ""D63:37W"", ""D62:38W"", ""D61:39W"", ""D60:40W"", ""D59:41W"", ""D58:42W"", ""D57:43W"", ""D56:44W"", ""D55:45W"", ""D54:46W"", ""D53:47W"", ""D52:48W"", ""D51:49W"", ""D50:50W"", ""D49:51W"", ""D48:52W"", ""D47:53W"", ""D46:54W"", ""D45:55W"", ""D44:56W"", ""D43:57W"", ""D42:58W"", ""D41:59W"", ""D40:60W"", ""D39:61W"", ""D38:62W"", ""D37:63W"", ""D36:64W"", ""D35:65W"", ""D34:66W"", ""D33:67W"", ""D32:68W"", ""D31:69W"", ""D30:70W"", ""D29:71W"", ""D28:72W"", ""D27:73W"", ""D26:74W"", ""D25:75W"", ""D24:76W"", ""D23:77W"", ""D22:78W"", ""D21:79W"", ""D20:80W"", ""D19:81W"", ""D18:82W"", ""D17:83W"", ""D16:84W"", ""D15:85W"", ""D14:86W"", ""D13:87W"", ""D12:88W"", ""D11:89W"", ""D10:90W"", ""D09:91W"", ""D08:92W"", ""D07:93W"", ""D06:94W"", ""D05:95W"", ""D04:96W"", ""D03:97W"", ""D02:98W"", ""D01:99W"", ""D0:100W""]",,,"[""enum labels ui-derived from stringTable balanceTable""]","{""file"": ""original-roland-files/Script/A8EE/Script.xml"", ""line"": 4903}"
fm.pat.mfx.2bandChorus-level,1F 00 02 49,int4x4,4,"[32768, 32895]",32895,PatchCommonMFX,mfx:2BAND CHORUS,script,-32768,,,,[],"{""file"": ""original-roland-files/Script/A8EE/Script.xml"", ""line"": 4911}"
fm.pat.mfx.2bandFlanger-splt,1F 00 02 11,int4x4,4,"[32768, 32784]",32774,PatchCommonMFX,mfx:2BAND FLANGER,script,-32768,,,,[],"{""file"": ""original-roland-files/Script/A8EE/Script.xml"", ""line"": 4919}"
fm.pat.mfx.2bandFlanger-loDly,1F 00 02 15,int4x4,4,"[32768, 32893]",32808,PatchCommonMFX,mfx:2BAND FLANGER,script,-32768,"[""0.0 ms"", ""0.1 ms"", ""0.2 ms"", ""0.3 ms"", ""0.4 ms"", ""0.5 ms"", ""0.6 ms"", ""0.7 ms"", ""0.8 ms"", ""0.9 ms"", ""1.0 ms"", ""1.1 ms"", ""1.2 ms"", ""1.3 ms"", ""1.4 ms"", ""1.5 ms"", ""1.6 ms"", ""1.7 ms"", ""1.8 ms"", ""1.9 ms"", ""2.0 ms"", ""2.1 ms"", ""2.2 ms"", ""2.3 ms"", ""2.4 ms"", ""2.5 ms"", ""2.6 ms"", ""2.7 ms"", ""2.8 ms"", ""2.9 ms"", ""3.0 ms"", ""3.1 ms"", ""3.2 ms"", ""3.3 ms"", ""3.4 ms"", ""3.5 ms"", ""3.6 ms"", ""3.7 ms"", ""3.8 ms"", ""3.9 ms"", ""4.0 ms"", ""4.1 ms"", ""4.2 ms"", ""4.3 ms"", ""4.4 ms"", ""4.5 ms"", ""4.6 ms"", ""4.7 ms"", ""4.8 ms"", ""4.9 ms"", ""5.0 ms"", ""5.5 ms"", ""6.0 ms"", ""6.5 ms"", ""7.0 ms"", ""7.5 ms"", ""8.0 ms"", ""8.5 ms"", ""9.0 ms"", ""9.5 ms"", ""10.0 ms"", ""11.0 ms"", ""12.0 ms"", ""13.0 ms"", ""14.0 ms"", ""15.0 ms"", ""16.0 ms"", ""17.0 ms"", ""18.0 ms"", ""19.0 ms"", ""20.0 ms"", ""21.0 ms"", ""22.0 ms"", ""23.0 ms"", ""24.0 ms"", ""25.0 ms"", ""26.0 ms"", ""27.0 ms"", ""28.0 ms"", ""29.0 ms"", ""30.0 ms"", ""31.0 ms"", ""32.0 ms"", ""33.0 ms"", ""34.0 ms"", ""35.0 ms"", ""36.0 ms"", ""37.0 ms"", ""38.0 ms"", ""39.0 ms"", ""40.0 ms"", ""41.0 ms"", ""42.0 ms"", ""43.0 ms"", ""44.0 ms"", ""45.0 ms"", ""46.0 ms"", ""47.0 ms"", ""48.0 ms"", ""49.0 ms"", ""50.0 ms"", ""52.0 ms"", ""54.0 ms"", ""56.0 ms"", ""58.0 ms"", ""60.0 ms"", ""62.0 ms"", ""64.0 ms"", ""66.0 ms"", ""68.0 ms"", ""70.0 ms"", ""72.0 ms"", ""74.0 ms"", ""76.0 ms"", ""78.0 ms"", ""80.0 ms"", ""82.0 ms"", ""84.0 ms"", ""86.0 ms"", ""88.0 ms"", ""90.0 ms"", ""92.0 ms"", ""94.0 ms"", ""96.0 ms"", ""98.0 ms"", ""100.0 ms""]",,,"[""enum labels ui-derived from stringTable delayTime0-100Table""]","{""file"": ""original-roland-files/Script/A8EE/Script.xml"", ""line"": 4927}"
fm.pat.mfx.2bandFlanger-loRateSync,1F 00 02 19,int4x4,4,"[32768, 32769]",32768,PatchCommonMFX,mfx:2BAND FLANGER,script,,,,,[],"{""file"": ""original-roland-files/Script/A8EE/Script.xml"", ""line"": 4935}"
fm.pat.mfx.2bandFlanger-loRateHz,1F 00 02 1D,int4x4,4,"[32769, 32968]",32773,PatchCommonMFX,mfx:2BAND FLANGER,script,-32768,"[""0.05"", ""0.10"", ""0.15"", ""0.20"", ""0.25"", ""0.30"", ""0.35"", ""0.40"", ""0.45"", ""0.50"", ""0.55"", ""0.60"", ""0.65"", ""0.70"", ""0.75"", ""0.80"", ""0.85"", ""0.90"", ""0.95"", ""1.00"", ""1.05"", ""1.10"", ""1.15"", ""1.20"", ""1.25"", ""1.30"", ""1.35"", ""1.40"", ""1.45"", ""1.50"", ""1.55"", ""1.60"", ""1.65"", ""1.70"", ""1.75"", ""1.80"", ""1.85"", ""1.90"", ""1.95"", ""2.00"", ""2.05"", ""2.10"", ""2.15"", ""2.20"", ""2.25"", ""2.30"", ""2.35"", ""2.40"", ""2.45"", ""2.50"", ""2.55"", ""2.60"", ""2.65"", ""2.70"", ""2.75"", ""2.80"", ""2.85"", ""2.90"", ""2.95"", ""3.00"", ""3.05"", ""3.10"", ""3.15"", ""3.20"", ""3.25"", ""3.30"", ""3.35"", ""3.40"", ""3.45"", ""3.50"", ""3.55"", ""3.60"", ""3.65"", ""3.70"", ""3.75"", ""3.80"", ""3.85"", ""3.90"", ""3.95"", ""4.00"", ""4.05"", ""4.10"", ""4.15"", ""4.20"", ""4.25"", ""4.30"", ""4.35"", ""4.40"", ""4.45"", ""4.50"", ""4.55"", ""4.60"", ""4.65"", ""4.70"", ""4.75"", ""4.80"", ""4.85"", ""4.90"", ""4.95"", ""5.00"", ""5.05"", ""5.10"", ""5.15"", ""5.20"", ""5.25"", ""5.30"", ""5.35"", ""5.40"", ""5.45"", ""5.50"", ""5.55"", ""5.60"", ""5.65"", ""5.70"", ""5.75"", ""5.80"", ""5.85"", ""5.90"", ""5.95"", ""6.00"", ""6.05"", ""6.10"", ""6.15"", ""6.20"", ""6.25"", ""6.30"", ""6.35"", ""6.40"", ""6.45"", ""6.50"", ""6.55"", ""6.60"", ""6.65"", ""6.70"", ""6.75"", ""6.80"", ""6.85"", ""6.90"", ""6.95"", ""7.00"", ""7.05"", ""7.10"", ""7.15"", ""7.20"", ""7.25"", ""7.30"", ""7.35"", ""7.40"", ""7.45"", ""7.50"", ""7.55"", ""7.60"", ""7.65"", ""7.70"", ""7.75"", ""7.80"", ""7.85"", ""7.90"", ""7.95"", ""8.00"", ""8.05"", ""8.10"", ""8.15"", ""8.20"", ""8.25"", ""8.30"", ""8.35"", ""8.40"", ""8.45"", ""8.50"", ""8.55"", ""8.60"", ""8.65"", ""8.70"", ""8.75"", ""8.80"", ""8.85"", ""8.90"", ""8.95"", ""9.00"", ""9.05"", ""9.10"", ""9.15"", ""9.20"", ""9.25"", ""9.30"", ""9.35"", ""9.40"", ""9.45"", ""9.50"", ""9.55"", ""9.60"", ""9.65"", ""9.70"", ""9.75"", ""9.80"", ""9.85"", ""9.90"", ""9.95"", ""10.00""]",,,"[""enum labels ui-derived from stringTable rateHz-10.00Table""]","{""file"": ""original-roland-files/Script/A8EE/Script.xml"", ""line"": 4943}"
fm.pat.mfx.2bandFlanger-loRateNote,1F 00 02 21,int4x4,4,"[32768, 32789]",32789,PatchCommonMFX,mfx:2BAND FLANGER,script,,,,,[],"{""file"": ""original-roland-files/Script/A8EE/Script.xml"", ""line"": 4951}"
fm.pat.mfx.2bandFlanger-loDepth,1F 00 02 25,int4x4,4,"[32768, 32895]",32808,PatchCommonMFX,mfx:2BAND FLANGER,script,-32768,,,,[],"{""file"": ""original-roland-files/Script/A8EE/Script.xml"", ""line"": 4959}"
fm.pat.mfx.2bandFlanger-loPhs,1F 00 02 29,int4x4,4,"[32768, 32858]",32858,PatchCommonMFX,mfx:2BAND FLANGER,script,-32768,,,,[],"{""file"": ""original-roland-files/Script/A8EE/Script.xml"", ""line"": 4967}"
fm.pat.mfx.2bandFlanger-loFbk,1F 00 02 2D,int4x4,4,"[32768, 32866]",32847,PatchCommonMFX,mfx:2BAND FLANGER,script,-32768,"[""-98%"", ""-96%"", ""-94%"", ""-92%"", ""-90%"", ""-88%"", ""-86%"", ""-84%"", ""-82%"", ""-80%"", ""-78%"", ""-76%"", ""-74%"", ""-72%"", ""-70%"", ""-68%"", ""-66%"", ""-64%"", ""-62%"", ""-60%"", ""-58%"", ""-56%"", ""-54%"", ""-52%"", ""-50%"", ""-48%"", ""-46%"", ""-44%"", ""-42%"", ""-40%"", ""-38%"", ""-36%"", ""-34%"", ""-32%"", ""-30%"", ""-28%"", ""-26%"", ""-24%"", ""-22%"", ""-20%"", ""-18%"", ""-16%"", ""-14%"", ""-12%"", ""-10%"", ""-8%"", ""-6%"", ""-4%"", ""-2%"", ""0%"", ""+2%"", ""+4%"", ""+6%"", ""+8%"", ""+10%"", ""+12%"", ""+14%"", ""+16%"", ""+18%"", ""+20%"", ""+22%"", ""+24%"", ""+26%"", ""+28%"", ""+30%"", ""+32%"", ""+34%"", ""+36%"", ""+38%"", ""+40%"", ""+42%"", ""+44%"", ""+46%"", ""+48%"", ""+50%"", ""+52%"", ""+54%"", ""+56%"", ""+58%"", ""+60%"", ""+62%"", ""+64%"", ""+66%"", ""+68%"", ""+70%"", ""+72%"", ""+74%"", ""+76%"", ""+78%"", ""+80%"", ""+82%"", ""+84%"", ""+86%"", ""+88%"", ""+90%"", ""+92%"", ""+94%"", ""+96%"", ""+98%""]",,,"[""enum labels ui-derived from stringTable fbkTable""]","{""file"": ""original-roland-files/Script/A8EE/Script.xml"", ""line"": 4975}"
fm.pat.mfx.2bandFlanger-hiDly,1F 00 02 31,int4x4,4,"[32768, 32893]",32778,PatchCommonMFX,mfx:2BAND FLANGER,script,-32768,"[""0.0 ms"", ""0.1 ms"", ""0.2 ms"", ""0.3 ms"", ""0.4 ms"", ""0.5 ms"", ""0.6 ms"", ""0.7 ms"", ""0.8 ms"", ""0.9 ms"", ""1.0 ms"", ""1.1 ms"", ""1.2 ms"", ""1.3 ms"", ""1.4 ms"", ""1.5 ms"", ""1.6 ms"", ""1.7 ms"", ""1.8 ms"", ""1.9 ms"", ""2.0 ms"", ""2.1 ms"", ""2.2 ms"", ""2.3 ms"", ""2.4 ms"", ""2.5 ms"", ""2.6 ms"", ""2.7 ms"", ""2.8 ms"", ""2.9 ms"", ""3.0 ms"", ""3.1 ms"", ""3.2 ms"", ""3.3 ms"", ""3.4 ms"", ""3.5 ms"", ""3.6 ms"", ""3.7 ms"", ""3.8 ms"", ""3.9 ms"", ""4.0 ms"", ""4.1 ms"", ""4.2 ms"", ""4.3 ms"", ""4.4 ms"", ""4.5 ms"", ""4.6 ms"", ""4.7 ms"", ""4.8 ms"", ""4.9 ms"", ""5.0 ms"", ""5.5 ms"", ""6.0 ms"", ""6.5 ms"", ""7.0 ms"", ""7.5 ms"", ""8.0 ms"", ""8.5 ms"", ""9.0 ms"", ""9.5 ms"", ""10.0 ms"", ""11.0 ms"", ""12.0 ms"", ""13.0 ms"", ""14.0 ms"", ""15.0 ms"", ""16.0 ms"", ""17.0 ms"", ""18.0 ms"", ""19.0 ms"", ""20.0 ms"", ""21.0 ms"", ""22.0 ms"", ""23.0 ms"", ""24.0 ms"", ""25.0 ms"", ""26.0 ms"", ""27.0 ms"", ""28.0 ms"", ""29.0 ms"", ""30.0 ms"", ""31.0 ms"", ""32.0 ms"", ""33.0 ms"", ""34.0 ms"", ""35.0 ms"", ""36.0 ms"", ""37.0 ms"", ""38.0 ms"", ""39.0 ms"", ""40.0 ms"", ""41.0 ms"", ""42.0 ms"", ""43.0 ms"", ""44.0 ms"", ""45.0 ms"", ""46.0 ms"", ""47.0 ms"", ""48.0 ms"", ""49.0 ms"", ""50.0 ms"", ""52.0 ms"", ""54.0 ms"", ""56.0 ms"", ""58.0 ms"", ""60.0 ms"", ""62.0 ms"", ""64.0 ms"", ""66.0 ms"", ""68.0 ms"", ""70.0 ms"", ""72.0 ms"", ""74.0 ms"", ""76.0 ms"", ""78.0 ms"", ""80.0 ms"", ""82.0 ms"", ""84.0 ms"", ""86.0 ms"", ""88.0 ms"", ""90.0 ms"", ""92.0 ms"", ""94.0 ms"", ""96.0 ms"", ""98.0 ms"", ""100.0 ms""]",,,"[""enum labels ui-derived from stringTable delayTime0-100Table""]","{""file"": ""original-roland-files/Script/A8EE/Script.xml"", ""line"": 4983}"
fm.pat.mfx.2bandFlanger-hiRateSync,1F 00 02 35,int4x4,4,"[32768, 32769]",32768,PatchCommonMFX,mfx:2BAND FLANGER,script,,,,,[],"{""file"": ""original-roland-files/Script/A8EE/Script.xml"", ""line"": 4991}"
fm.pat.mfx.2bandFlanger-hiRateHz,1F 00 02 39,int4x4,4,"[32769, 32968]",32778,PatchCommonMFX,mfx:2BAND FLANGER,script,-32768,"[""0.05"", ""0.10"", ""0.15"", ""0.20"", ""0.25"", ""0.30"", ""0.35"", ""0.40"", ""0.45"", ""0.50"", ""0.55"", ""0.60"", ""0.65"", ""0.70"", ""0.75"", ""0.80"", ""0.85"", ""0.90"", ""0.95"", ""1.00"", ""1.05"", ""1.10"", ""1.15"", ""1.20"", ""1.25"", ""1.30"", ""1.35"", ""1.40"", ""1.45"", ""1.50"", ""1.55"", ""1.60"", ""1.65"", ""1.70"", ""1.75"", ""1.80"", ""1.85"", ""1.90"", ""1.95"", ""2.00"", ""2.05"", ""2.10"", ""2.15"", ""2.20"", ""2.25"", ""2.30"", ""2.35"", ""2.40"", ""2.45"", ""2.50"", ""2.55"", ""2.60"", ""2.65"", ""2.70"", ""2.75"", ""2.80"", ""2.85"", ""2.90"", ""2.95"", ""3.00"", ""3.05"", ""3.10"", ""3.15"", ""3.20"", ""3.25"", ""3.30"", ""3.35"", ""3.40"", ""3.45"", ""3.50"", ""3.55"", ""3.60"", ""3.65"", ""3.70"", ""3.75"", ""3.80"", ""3.85"", ""3.90"", ""3.95"", ""4.00"", ""4.05"", ""4.10"", ""4.15"", ""4.20"", ""4.25"", ""4.30"", ""4.35"", ""4.40"", ""4.45"", ""4.50"", ""4.55"", ""4.60"", ""4.65"", ""4.70"", ""4.75"", ""4.80"", ""4.85"", ""4.90"", ""4.95"", ""5.00"", ""5.05"", ""5.10"", ""5.15"", ""5.20"", ""5.25"", ""5.30"", ""5.35"", ""5.40"", ""5.45"", ""5.50"", ""5.55"", ""5.60"", ""5.65"", ""5.70"", ""5.75"", ""5.80"", ""5.85"", ""5.90"", ""5.95"", ""6.00"", ""6.05"", ""6.10"", ""6.15"", ""6.20"", ""6.25"", ""6.30"", ""6.35"", ""6.40"", ""6.45"", ""6.50"", ""6.55"", ""6.60"", ""6.65"", ""6.70"", ""6.75"", ""6.80"", ""6.85"", ""6.90"", ""6.95"", ""7.00"", ""7.05"", ""7.10"", ""7.15"", ""7.20"", ""7.25"", ""7.30"", ""7.35"", ""7.40"", ""7.45"", ""7.50"", ""7.55"", ""7.60"", ""7.65"", ""7.70"", ""7.75"", ""7.80"", ""7.85"", ""7.90"", ""7.95"", ""8.00"", ""8.05"", ""8.10"", ""8.15"", ""8.20"", ""8.25"", ""8.30"", ""8.35"", ""8.40"", ""8.45"", ""8.50"", ""8.55"", ""8.60"", ""8.65"", ""8.70"", ""8.75"", ""8.80"", ""8.85"", ""8.90"", ""8.95"", ""9.00"", ""9.05"", ""9.10"", ""9.15"", ""9.20"", ""9.25"", ""9.30"", ""9.35"", ""9.40"", ""9.45"", ""9.50"", ""9.55"", ""9.60"", ""9.65"", ""9.70"", ""9.75"", ""9.80"", ""9.85"", ""9.90"", ""9.95"", ""10.00""]",,,"[""enum labels ui-derived from stringTable rateHz-10.00Table""]","{""file"": ""original-roland-files/Script/A8EE/Script.xml"", ""line"": 4999}"
fm.pat.mfx.2bandFlanger-hiRateNote,1F 00 02 3D,int4x4,4,"[32768, 32789]",32786,PatchCommonMFX,mfx:2BAND FLANGER,script,,,,,[],"{""file"": ""original-roland-files/Script/A8EE/Script.xml"", ""line"": 5007}"
fm.pat.mfx.2bandFlanger-hiDepth,1F 00 02 41,int4x4,4,"[32768, 32895]",32808,PatchCommonMFX,mfx:2BAND FLANGER,script,-32768,,,,[],"{""file"": ""original-roland-files/Script/A8EE/Script.xml"", ""line"": 5015}"
fm.pat.mfx.2bandFlanger-hiPhs,1F 00 02 45,int4x4,4,"[32768, 32858]",32858,PatchCommonMFX,mfx:2BAND FLANGER,script,-32768,,,,[],"{""file"": ""original-roland-files/Script/A8EE/Script.xml"", ""line"": 5023}"
fm.pat.mfx.2bandFlanger-hiFbk,1F 00 02 49,int4x4,4,"[32768, 32866]",32837,PatchCommonMFX,mfx:2BAND FLANGER,script,-32768,"[""-98%"", ""-96%"", ""-94%"", ""-92%"", ""-90%"", ""-88%"", ""-86%"", ""-84%"", ""-82%"", ""-80%"", ""-78%"", ""-76%"", ""-74%"", ""-72%"", ""-70%"", ""-68%"", ""-66%"", ""-64%"", ""-62%"", ""-60%"", ""-58%"", ""-56%"", ""-54%"", ""-52%"", ""-50%"", ""-48%"", ""-46%"", ""-44%"", ""-42%"", ""-40%"", ""-38%"", ""-36%"", ""-34%"", ""-32%"", ""-30%"", ""-28%"", ""-26%"", ""-24%"", ""-22%"", ""-20%"", ""-18%"", ""-16%"", ""-14%"", ""-12%"", ""-10%"", ""-8%"", ""-6%"", ""-4%"", ""-2%"", ""0%"", ""+2%"", ""+4%"", ""+6%"", ""+8%"", ""+10%"", ""+12%"", ""+14%"", ""+16%"", ""+18%"", ""+20%"", ""+22%"", ""+24%"", ""+26%"", ""+28%"", ""+30%"", ""+32%"", ""+34%"", ""+36%"", ""+38%"", ""+40%"", ""+42%"", ""+44%"", ""+46%"", ""+48%"", ""+50%"", ""+52%"", ""+54%"", ""+56%"", ""+58%"", ""+60%"", ""+62%"", ""+64%"", ""+66%"", ""+68%"", ""+70%"", ""+72%"", ""+74%"", ""+76%"", ""+78%"", ""+80%"", ""+82%"", ""+84%"", ""+86%"", ""+88%"", ""+90%"", ""+92%"", ""+94%"", ""+96%"", ""+98%""]",,,"[""enum labels ui-derived from stringTable fbkTable""]","{""file"": ""original-roland-files/Script/A8EE/Script.xml"", ""line"": 5031}"
fm.pat.mfx.2bandFlanger-bal,1F 00 02 4D,int4x4,4,"[32768, 32868]",32818,PatchCommonMFX,mfx:2BAND FLANGER,script,,"[""D100:0W"", ""D99:01W"", ""D98:02W"", ""D97:03W"", ""D96:04W"", ""D95:05W"", ""D94:06W"", ""D93:07W"", ""D92:08W"", ""D91:09W"", ""D90:10W"", ""D89:11W"", ""D88:12W"", ""D87:13W"", ""D86:14W"", ""D85:15W"", ""D84:16W"", ""D83:17W"", ""D82:18W"", ""D81:19W"", ""D80:20W"", ""D79:21W"", ""D78:22W"", ""D77:23W"", ""D76:24W"", ""D75:25W"", ""D74:26W"", ""D73:27W"", ""D72:28W"", ""D71:29W"", ""D70:30W"", ""D69:31W"", ""D68:32W"", ""D67:33W"", ""D66:34W"", ""D65:35W"", ""D64:36W"", ""D63:37W"", ""D62:38W"", ""D61:39W"", ""D60:40W"", ""D59:41W"", ""D58:42W"", ""D57:43W"", ""D56:44W"", ""D55:45W"", ""D54:46W"", ""D53:47W"", ""D52:48W"", ""D51:49W"", ""D50:50W"", ""D49:51W"", ""D48:52W"", ""D47:53W"", ""D46:54W"", ""D45:55W"", ""D44:56W"", ""D43:57W"", ""D42:58W"", ""D41:59W"", ""D40:60W"", ""D39:61W"", ""D38:62W"", ""D37:63W"", ""D36:64W"", ""D35:65W"", ""D34:66W"", ""D33:67W"", ""D32:68W"", ""D31:69W"", ""D30:70W"", ""D29:71W"", ""D28:72W"", ""D27:73W"", ""D26:74W"", ""D25:75W"", ""D24:76W"", ""D23:77W"", ""D22:78W"", ""D21:79W"", ""D20:80W"", ""D19:81W"", ""D18:82W"", ""D17:83W"", ""D16:84W"", ""D15:85W"", ""D14:86W"", ""D13:87W"", ""D12:88W"", ""D11:89W"", ""D10:90W"", ""D09:91W"", ""D08:92W"", ""D07:93W"", ""D06:94W"", ""D05:95W"", ""D04:96W"", ""D03:97W"", ""D02:98W"", ""D01:99W"", ""D0:100W""]",,,"[""enum labels ui-derived from stringTable balanceTable""]","{""file"": ""original-roland-files/Script/A8EE/Script.xml"", ""line"": 5039}"
fm.pat.mfx.2bandFlanger-level,1F 00 02 51,int4x4,4,"[32768, 32895]",32895,PatchCommonMFX,mfx:2BAND FLANGER,script,-32768,,,,[],"{""file"": ""original-roland-files/Script/A8EE/Script.xml"", ""line"": 5047}"
fm.pat.mfx.2bandStepFlanger-splt,1F 00 02 11,int4x4,4,"[32768, 32784]",32774,PatchCommonMFX,mfx:2BAND STEP FLANGER,script,-32768,,,,[],"{""file"": ""original-roland-files/Script/A8EE/Script.xml"", ""line"": 5055}"
fm.pat.mfx.2bandStepFlanger-loDly,1F 00 02 15,int4x4,4,"[32768, 32893]",32808,PatchCommonMFX,mfx:2BAND STEP FLANGER,script,-32768,"[""0.0 ms"", ""0.1 ms"", ""0.2 ms"", ""0.3 ms"", ""0.4 ms"", ""0.5 ms"", ""0.6 ms"", ""0.7 ms"", ""0.8 ms"", ""0.9 ms"", ""1.0 ms"", ""1.1 ms"", ""1.2 ms"", ""1.3 ms"", ""1.4 ms"", ""1.5 ms"", ""1.6 ms"", ""1.7 ms"", ""1.8 ms"", ""1.9 ms"", ""2.0 ms"", ""2.1 ms"", ""2.2 ms"", ""2.3 ms"", ""2.4 ms"", ""2.5 ms"", ""2.6 ms"", ""2.7 ms"", ""2.8 ms"", ""2.9 ms"", ""3.0 ms"", ""3.1 ms"", ""3.2 ms"", ""3.3 ms"", ""3.4 ms"", ""3.5 ms"", ""3.6 ms"", ""3.7 ms"", ""3.8 ms"", ""3.9 ms"", ""4.0 ms"", ""4.1 ms"", ""4.2 ms"", ""4.3 ms"", ""4.4 ms"", ""4.5 ms"", ""4.6 ms"", ""4.7 ms"", ""4.8 ms"", ""4.9 ms"", ""5.0 ms"", ""5.5 ms"", ""6.0 ms"", ""6.5 ms"", ""7.0 ms"", ""7.5 ms"", ""8.0 ms"", ""8.5 ms"", ""9.0 ms"", ""9.5 ms"", ""10.0 ms"", ""11.0 ms"", ""12.0 ms"", ""13.0 ms"", ""14.0 ms"", ""15.0 ms"", ""16.0 ms"", ""17.0 ms"", ""18.0 ms"", ""19.0 ms"", ""20.0 ms"", ""21.0 ms"", ""22.0 ms"", ""23.0 ms"", ""24.0 ms"", ""25.0 ms"", ""26.0 ms"", ""27.0 ms"", ""28.0 ms"", ""29.0 ms"", ""30.0 ms"", ""31.0 ms"", ""32.0 ms"", ""33.0 ms"", ""34.0 ms"", ""35.0 ms"", ""36.0 ms"", ""37.0 ms"", ""38.0 ms"", ""39.0 ms"", ""40.0 ms"", ""41.0 ms"", ""42.0 ms"", ""43.0 ms"", ""44.0 ms"", ""45.0 ms"", ""46.0 ms"", ""47.0 ms"", ""48.0 ms"", ""49.0 ms"", ""50.0 ms"", ""52.0 ms"", ""54.0 ms"", ""56.0 ms"", ""58.0 ms"", ""60.0 ms"", ""62.0 ms"", ""64.0 ms"", ""66.0 ms"", ""68.0 ms"", ""70.0 ms"", ""72.0 ms"", ""74.0 ms"", ""76.0 ms"", ""78.0 ms"", ""80.0 ms"", ""82.0 ms"", ""84.0 ms"", ""86.0 ms"", ""88.0 ms"", ""90.0 ms"", ""92.0 ms"", ""94.0 ms"", ""96.0 ms"", ""98.0 ms"", ""100.0 ms""]",,,"[""enum labels ui-derived from stringTable delayTime0-100Table""]","{""file"": ""original-roland-files/Script/A8EE/Script.xml"", ""line"": 5063}"
fm.pat.mfx.2bandStepFlanger-loRateSync,1F 00 02 19,int4x4,4,"[32768, 32769]",32768,PatchCommonMFX,mfx:2BAND STEP FLANGER,script,,,,,[],"{""file"": ""original-roland-files/Script/A8EE/Script.xml"", ""line"": 5071}"
fm.pat.mfx.2bandStepFlanger-loRateHz,1F 00 02 1D,int4x4,4,"[32769, 32968]",32828,PatchCommonMFX,mfx:2BAND STEP FLANGER,script,-32768,"[""0.05"", ""0.10"", ""0.15"", ""0.20"", ""0.25"", ""0.30"", ""0.35"", ""0.40"", ""0.45"", ""0.50"", ""0.55"", ""0.60"", ""0.65"", ""0.70"", ""0.75"", ""0.80"", ""0.85"", ""0.90"", ""0.95"", ""1.00"", ""1.05"", ""1.10"", ""1.15"", ""1.20"", ""1.25"", ""1.30"", ""1.35"", ""1.40"", ""1.45"", ""1.50"", ""1.55"", ""1.60"", ""1.65"", ""1.70"", ""1.75"", ""1.80"", ""1.85"", ""1.90"", ""1.95"", ""2.00"", ""2.05"", ""2.10"", ""2.15"", ""2.20"", ""2.25"", ""2.30"", ""2.35"", ""2.40"", ""2.45"", ""2.50"", ""2.55"", ""2.60"", ""2.65"", ""2.70"", ""2.75"", ""2.80"", ""2.85"", ""2.90"", ""2.95"", ""3.00"", ""3.05"", ""3.10"", ""3.15"", ""3.20"", ""3.25"", ""3.30"", ""3.35"", ""3.40"", ""3.45"", ""3.50"", ""3.55"", ""3.60"", ""3.65"", ""3.70"", ""3.75"", ""3.80"", ""3.85"", ""3.90"", ""3.95"", ""4.00"", ""4.05"", ""4.10"", ""4.15"", ""4.20"", ""4.25"", ""4.30"", ""4.35"", ""4.40"", ""4.45"", ""4.50"", ""4.55"", ""4.60"", ""4.65"", ""4.70"", ""4.75"", ""4.80"", ""4.85"", ""4.90"", ""4.95"", ""5.00"", ""5.05"", ""5.10"", ""5.15"", ""5.20"", ""5.25"", ""5.30"", ""5.35"", ""5.40"", ""5.45"", ""5.50"", ""5.55"", ""5.60"", ""5.65"", ""5.70"", ""5.75"", ""5.80"", ""5.85"", ""5.90"", ""5.95"", ""6.00"", ""6.05"", ""6.10"", ""6.15"", ""6.20"", ""6.25"", ""6.30"", ""6.35"", ""6.40"", ""6.45"", ""6.50"", ""6.55"", ""6.60"", ""6.65"", ""6.70"", ""6.75"", ""6.80"", ""6.85"", ""6.90"", ""6.95"", ""7.00"", ""7.05"", ""7.10"", ""7.15"", ""7.20"", ""7.25"", ""7.30"", ""7.35"", ""7.40"", ""7.45"", ""7.50"", ""7.55"", ""7.60"", ""7.65"", ""7.70"", ""7.75"", ""7.80"", ""7.85"", ""7.90"", ""7.95"", ""8.00"", ""8.05"", ""8.10"", ""8.15"", ""8.20"", ""8.25"", ""8.30"", ""8.35"", ""8.40"", ""8.45"", ""8.50"", ""8.55"", ""8.60"", ""8.65"", ""8.70"", ""8.75"", ""8.80"", ""8.85"", ""8.90"", ""8.95"", ""9.00"", ""9.05"", ""9.10"", ""9.15"", ""9.20"", ""9.25"", ""9.30"", ""9.35"", ""9.40"", ""9.45"", ""9.50"", ""9.55"", ""9.60"", ""9.65"", ""9.70"", ""9.75"", ""9.80"", ""9.85"", ""9.90"", ""9.95"", ""10.00""]",,,"[""enum labels ui-derived from stringTable rateHz-10.00Table""]","{""file"": ""original-roland-files/Script/A8EE/Script.xml"", ""line"": 5079}"
fm.pat.mfx.2bandStepFlanger-loRateNote,1F 00 02 21,int4x4,4,"[32768, 32789]",32778,PatchCommonMFX,mfx:2BAND STEP FLANGER,script,,,,,[],"{""file"": ""original-roland-files/Script/A8EE/Script.xml"", ""line"": 5087}"
fm.pat.mfx.2bandStepFlanger-loDepth,1F 00 02 25,int4x4,4,"[32768, 32895]",32808,PatchCommonMFX,mfx:2BAND STEP FLANGER,script,-32768,,,,[],"{""file"": ""original-roland-files/Script/A8EE/Script.xml"", ""line"": 5095}"
fm.pat.mfx.2bandStepFlanger-loPhs,1F 00 02 29,int4x4,4,"[32768, 32858]",32858,PatchCommonMFX,mfx:2BAND STEP FLANGER,script,-32768,,,,[],"{""file"": ""original-roland-files/Script/A8EE/Script.xml"", ""line"": 5103}"
fm.pat.mfx.2bandStepFlanger-loFbk,1F 00 02 2D,int4x4,4,"[32768, 32866]",32847,PatchCommonMFX,mfx:2BAND STEP FLANGER,script,-32768,"[""-98%"", ""-96%"", ""-94%"", ""-92%"", ""-90%"", ""-88%"", ""-86%"", ""-84%"", ""-82%"", ""-80%"", ""-78%"", ""-76%"", ""-74%"", ""-72%"", ""-70%"", ""-68%"", ""-66%"", ""-64%"", ""-62%"", ""-60%"", ""-58%"", ""-56%"", ""-54%"", ""-52%"", ""-50%"", ""-48%"", ""-46%"", ""-44%"", ""-42%"", ""-40%"", ""-38%"", ""-36%"", ""-34%"", ""-32%"", ""-30%"", ""-28%"", ""-26%"", ""-24%"", ""-22%"", ""-20%"", ""-18%"", ""-16%"", ""-14%"", ""-12%"", ""-10%"", ""-8%"", ""-6%"", ""-4%"", ""-2%"", ""0%"", ""+2%"", ""+4%"", ""+6%"", ""+8%"", ""+10%"", ""+12%"", ""+14%"", ""+16%"", ""+18%"", ""+20%"", ""+22%"", ""+24%"", ""+26%"", ""+28%"", ""+30%"", ""+32%"", ""+34%"", ""+36%"", ""+38%"", ""+40%"", ""+42%"", ""+44%"", ""+46%"", ""+48%"", ""+50%"", ""+52%"", ""+54%"", ""+56%"", ""+58%"", ""+60%"", ""+62%"", ""+64%"", ""+66%"", ""+68%"", ""+70%"", ""+72%"", ""+74%"", ""+76%"", ""+78%"", ""+80%"", ""+82%"", ""+84%"", ""+86%"", ""+88%"", ""+90%"", ""+92%"", ""+94%"", ""+96%"", ""+98%""]",,,"[""enum labels ui-derived from stringTable fbkTable""]","{""file"": ""original-roland-files/Script/A8EE/Script.xml"", ""line"": 5111}"
fm.pat.mfx.2bandStepFlanger-loSRateSync,1F 00 02 31,int4x4,4,"[32768, 32769]",32768,PatchCommonMFX,mfx:2BAND STEP FLANGER,script,,,,,[],"{""file"": ""original-roland-files/Script/A8EE/Script.xml"", ""line"": 5119}"
fm.pat.mfx.2bandStepFlanger-loSRateHz,1F 00 02 35,int4x4,4,"[32769, 32968]",32808,PatchCommonMFX,mfx:2BAND STEP FLANGER,script,-32768,"[""0.10"", ""0.20"", ""0.30"", ""0.40"", ""0.50"", ""0.60"", ""0.70"", ""0.80"", ""0.90"", ""1.00"", ""1.10"", ""1.20"", ""1.30"", ""1.40"", ""1.50"", ""1.60"", ""1.70"", ""1.80"", ""1.90"", ""2.00"", ""2.10"", ""2.20"", ""2.30"", ""2.40"", ""2.50"", ""2.60"", ""2.70"", ""2.80"", ""2.90"", ""3.00"", ""3.10"", ""3.20"", ""3.30"", ""3.40"", ""3.50"", ""3.60"", ""3.70"", ""3.80"", ""3.90"", ""4.00"", ""4.10"", ""4.20"", ""4.30"", ""4.40"", ""4.50"", ""4.60"", ""4.70"", ""4.80"", ""4.90"", ""5.00"", ""5.10"", ""5.20"", ""5.30"", ""5.40"", ""5.50"", ""5.60"", ""5.70"", ""5.80"", ""5.90"", ""6.00"", ""6.10"", ""6.20"", ""6.30"", ""6.40"", ""6.50"", ""6.60"", ""6.70"", ""6.80"", ""6.90"", ""7.00"", ""7.10"", ""7.20"", ""7.30"", ""7.40"", ""7.50"", ""7.60"", ""7.70"", ""7.80"", ""7.90"", ""8.00"", ""8.10"", ""8.20"", ""8.30"", ""8.40"", ""8.50"", ""8.60"", ""8.70"", ""8.80"", ""8.90"", ""9.00"", ""9.10"", ""9.20"", ""9.30"", ""9.40"", ""9.50"", ""9.60"", ""9.70"", ""9.80"", ""9.90"", ""10.00"", ""10.10"", ""10.20"", ""10.30"", ""10.40"", ""10.50"", ""10.60"", ""10.70"", ""10.80"", ""10.90"", ""11.00"", ""11.10"", ""11.20"", ""11.30"", ""11.40"", ""11.50"", ""11.60"", ""11.70"", ""11.80"", ""11.90"", ""12.00"", ""12.10"", ""12.20"", ""12.30"", ""12.40"", ""12.50"", ""12.60"", ""12.70"", ""12.80"", ""12.90"", ""13.00"", ""13.10"", ""13.20"", ""13.30"", ""13.40"", ""13.50"", ""13.60"", ""13.70"", ""13.80"", ""13.90"", ""14.00"", ""14.10"", ""14.20"", ""14.30"", ""14.40"", ""14.50"", ""14.60"", ""14.70"", ""14.80"", ""14.90"", ""15.00"", ""15.10"", ""15.20"", ""15.30"", ""15.40"", ""15.50"", ""15.60"", ""15.70"", ""15.80"", ""15.90"", ""16.00"", ""16.10"", ""16.20"", ""16.30"", ""16.40"", ""16.50"", ""16.60"", ""16.70"", ""16.80"", ""16.90"", ""17.00"", ""17.10"", ""17.20"", ""17.30"", ""17.40"", ""17.50"", ""17.60"", ""17.70"", ""17.80"", ""17.90"", ""18.00"", ""18.10"", ""18.20"", ""18.30"", ""18.40"", ""18.50"", ""18.60"", ""18.70"", ""18.80"", ""18.90"", ""19.00"", ""19.10"", ""19.20"", ""19.30"", ""19.40"", ""19.50"", ""19.60"", ""19.70"", ""19.80"", ""19.90"", ""20.00""]",,,"[""enum labels ui-derived from stringTable rateHz-20.00Table""]","{""file"": ""original-roland-files/Script/A8EE/Script.xml"", ""line"": 5127}"
fm.pat.mfx.2bandStepFlanger-loSRateNote,1F 00 02 39,int4x4,4,"[32768, 32789]",32777,PatchCommonMFX,mfx:2BAND STEP FLANGER,script,,,,,[],"{""file"": ""original-roland-files/Script/A8EE/Script.xml"", ""line"": 5135}"
fm.pat.mfx.2bandStepFlanger-hiDly,1F 00 02 3D,int4x4,4,"[32768, 32893]",32778,PatchCommonMFX,mfx:2BAND STEP FLANGER,script,-32768,"[""0.0 ms"", ""0.1 ms"", ""0.2 ms"", ""0.3 ms"", ""0.4 ms"", ""0.5 ms"", ""0.6 ms"", ""0.7 ms"", ""0.8 ms"", ""0.9 ms"", ""1.0 ms"", ""1.1 ms"", ""1.2 ms"", ""1.3 ms"", ""1.4 ms"", ""1.5 ms"", ""1.6 ms"", ""1.7 ms"", ""1.8 ms"", ""1.9 ms"", ""2.0 ms"", ""2.1 ms"", ""2.2 ms"", ""2.3 ms"", ""2.4 ms"", ""2.5 ms"", ""2.6 ms"", ""2.7 ms"", ""2.8 ms"", ""2.9 ms"", ""3.0 ms"", ""3.1 ms"", ""3.2 ms"", ""3.3 ms"", ""3.4 ms"", ""3.5 ms"", ""3.6 ms"", ""3.7 ms"", ""3.8 ms"", ""3.9 ms"", ""4.0 ms"", ""4.1 ms"", ""4.2 ms"", ""4.3 ms"", ""4.4 ms"", ""4.5 ms"", ""4.6 ms"", ""4.7 ms"", ""4.8 ms"", ""4.9 ms"", ""5.0 ms"", ""5.5 ms"", ""6.0 ms"", ""6.5 ms"", ""7.0 ms"", ""7.5 ms"", ""8.0 ms"", ""8.5 ms"", ""9.0 ms"", ""9.5 ms"", ""10.0 ms"", ""11.0 ms"", ""12.0 ms"", ""13.0 ms"", ""14.0 ms"", ""15.0 ms"", ""16.0 ms"", ""17.0 ms"", ""18.0 ms"", ""19.0 ms"", ""20.0 ms"", ""21.0 ms"", ""22.0 ms"", ""23.0 ms"", ""24.0 ms"", ""25.0 ms"", ""26.0 ms"", ""27.0 ms"", ""28.0 ms"", ""29.0 ms"", ""30.0 ms"", ""31.0 ms"", ""32.0 ms"", ""33.0 ms"", ""34.0 ms"", ""35.0 ms"", ""36.0 ms"", ""37.0 ms"", ""38.0 ms"", ""39.0 ms"", ""40.0 ms"", ""41.0 ms"", ""42.0 ms"", ""43.0 ms"", ""44.0 ms"", ""45.0 ms"", ""46.0 ms"", ""47.0 ms"", ""48.0 ms"", ""49.0 ms"", ""50.0 ms"", ""52.0 ms"", ""54.0 ms"", ""56.0 ms"", ""58.0 ms"", ""60.0 ms"", ""62.0 ms"", ""64.0 ms"", ""66.0 ms"", ""68.0 ms"", ""70.0 ms"", ""72.0 ms"", ""74.0 ms"", ""76.0 ms"", ""78.0 ms"", ""80.0 ms"", ""82.0 ms"", ""84.0 ms"", ""86.0 ms"", ""88.0 ms"", ""90.0 ms"", ""92.0 ms"", ""94.0 ms"", ""96.0 ms"", ""98.0 ms"", ""100.0 ms""]",,,"[""enum labels ui-derived from stringTable delayTime0-100Table""]","{""file"": ""original-roland-files/Script/A8EE/Script.xml"", ""line"": 5143}"
fm.pat.mfx.2bandStepFlanger-hiRateSync,1F 00 02 41,int4x4,4,"[32768, 32769]",32768,PatchCommonMFX,mfx:2BAND STEP FLANGER,script,,,,,[],"{""file"": ""original-roland-files/Script/A8EE/Script.xml"", ""line"": 5151}"
fm.pat.mfx.2bandStepFlanger-hiRateHz,1F 00 02 45,int4x4,4,"[32769, 32968]",32798,PatchCommonMFX,mfx:2BAND STEP FLANGER,script,-32768,"[""0.05"", ""0.10"", ""0.15"", ""0.20"", ""0.25"", ""0.30"", ""0.35"", ""0.40"", ""0.45"", ""0.50"", ""0.55"", ""0.60"", ""0.65"", ""0.70"", ""0.75"", ""0.80"", ""0.85"", ""0.90"", ""0.95"", ""1.00"", ""1.05"", ""1.10"", ""1.15"", ""1.20"", ""1.25"", ""1.30"", ""1.35"", ""1.40"", ""1.45"", ""1.50"", ""1.55"", ""1.60"", ""1.65"", ""1.70"", ""1.75"", ""1.80"", ""1.85"", ""1.90"", ""1.95"", ""2.00"", ""2.05"", ""2.10"", ""2.15"", ""2.20"", ""2.25"", ""2.30"", ""2.35"", ""2.40"", ""2.45"", ""2.50"", ""2.55"", ""2.60"", ""2.65"", ""2.70"", ""2.75"", ""2.80"", ""2.85"", ""2.90"", ""2.95"", ""3.00"", ""3.05"", ""3.10"", ""3.15"", ""3.20"", ""3.25"", ""3.30"", ""3.35"", ""3.40"", ""3.45"", ""3.50"", ""3.55"", ""3.60"", ""3.65"", ""3.70"", ""3.75"", ""3.80"", ""3.85"", ""3.90"", ""3.95"", ""4.00"", ""4.05"", ""4.10"", ""4.15"", ""4.20"", ""4.25"", ""4.30"", ""4.35"", ""4.40"", ""4.45"", ""4.50"", ""4.55"", ""4.60"", ""4.65"", ""4.70"", ""4.75"", ""4.80"", ""4.85"", ""4.90"", ""4.95"", ""5.00"", ""5.05"", ""5.10"", ""5.15"", ""5.20"", ""5.25"", ""5.30"", ""5.35"", ""5.40"", ""5.45"", ""5.50"", ""5.55"", ""5.60"", ""5.65"", ""5.70"", ""5.75"", ""5.80"", ""5.85"", ""5.90"", ""5.95"", ""6.00"", ""6.05"", ""6.10"", ""6.15"", ""6.20"", ""6.25"", ""6.30"", ""6.35"", ""6.40"", ""6.45"", ""6.50"", ""6.55"", ""6.60"", ""6.65"", ""6.70"", ""6.75"", ""6.80"", ""6.85"", ""6.90"", ""6.95"", ""7.00"", ""7.05"", ""7.10"", ""7.15"", ""7.20"", ""7.25"", ""7.30"", ""7.35"", ""7.40"", ""7.45"", ""7.50"", ""7.55"", ""7.60"", ""7.65"", ""7.70"", ""7.75"", ""7.80"", ""7.85"", ""7.90"", ""7.95"", ""8.00"", ""8.05"", ""8.10"", ""8.15"", ""8.20"", ""8.25"", ""8.30"", ""8.35"", ""8.40"", ""8.45"", ""8.50"", ""8.55"", ""8.60"", ""8.65"", ""8.70"", ""8.75"", ""8.80"", ""8.85"", ""8.90"", ""8.95"", ""9.00"", ""9.05"", ""9.10"", ""9.15"", ""9.20"", ""9.25"", ""9.30"", ""9.35"", ""9.40"", ""9.45"", ""9.50"", ""9.55"", ""9.60"", ""9.65"", ""9.70"", ""9.75"", ""9.80"", ""9.85"", ""9.90"", ""9.95"", ""10.00""]",,,"[""enum labels ui-derived from stringTable rateHz-10.00Table""]","{""file"": ""original-roland-files/Script/A8EE/Script.xml"", ""line"": 5159}"
fm.pat.mfx.2bandStepFlanger-hiRateNote,1F 00 02 49,int4x4,4,"[32768, 32789]",32781,PatchCommonMFX,mfx:2BAND STEP FLANGER,script,,,,,[],"{""file"": ""original-roland-files/Script/A8EE/Script.xml"", ""line"": 5167}"
fm.pat.mfx.2bandStepFlanger-hiDepth,1F 00 02 4D,int4x4,4,"[32768, 32895]",32808,PatchCommonMFX,mfx:2BAND STEP FLANGER,script,-32768,,,,[],"{""file"": ""original-roland-files/Script/A8EE/Script.xml"", ""line"": 5175}"
fm.pat.mfx.2bandStepFlanger-hiPhs,1F 00 02 51,int4x4,4,"[32768, 32858]",32858,PatchCommonMFX,mfx:2BAND STEP FLANGER,script,-32768,,,,[],"{""file"": ""original-roland-files/Script/A8EE/Script.xml"", ""line"": 5183}"
fm.pat.mfx.2bandStepFlanger-hiFbk,1F 00 02 55,int4x4,4,"[32768, 32866]",32837,PatchCommonMFX,mfx:2BAND STEP FLANGER,script,-32768,"[""-98%"", ""-96%"", ""-94%"", ""-92%"", ""-90%"", ""-88%"", ""-86%"", ""-84%"", ""-82%"", ""-80%"", ""-78%"", ""-76%"", ""-74%"", ""-72%"", ""-70%"", ""-68%"", ""-66%"", ""-64%"", ""-62%"", ""-60%"", ""-58%"", ""-56%"", ""-54%"", ""-52%"", ""-50%"", ""-48%"", ""-46%"", ""-44%"", ""-42%"", ""-40%"", ""-38%"", ""-36%"", ""-34%"", ""-32%"", ""-30%"", ""-28%"", ""-26%"", ""-24%"", ""-22%"", ""-20%"", ""-18%"", ""-16%"", ""-14%"", ""-12%"", ""-10%"", ""-8%"", ""-6%"", ""-4%"", ""-2%"", ""0%"", ""+2%"", ""+4%"", ""+6%"", ""+8%"", ""+10%"", ""+12%"", ""+14%"", ""+16%"", ""+18%"", ""+20%"", ""+22%"", ""+24%"", ""+26%"", ""+28%"", ""+30%"", ""+32%"", ""+34%"", ""+36%"", ""+38%"", ""+40%"", ""+42%"", ""+44%"", ""+46%"", ""+48%"", ""+50%"", ""+52%"", ""+54%"", ""+56%"", ""+58%"", ""+60%"", ""+62%"", ""+64%"", ""+66%"", ""+68%"", ""+70%"", ""+72%"", ""+74%"", ""+76%"", ""+78%"", ""+80%"", ""+82%"", ""+84%"", ""+86%"", ""+88%"", ""+90%"", ""+92%"", ""+94%"", ""+96%"", ""+98%""]",,,"[""enum labels ui-derived from stringTable fbkTable""]","{""file"": ""original-roland-files/Script/A8EE/Script.xml"", ""line"": 5191}"
fm.pat.mfx.2bandStepFlanger-hiSRateSync,1F 00 02 59,int4x4,4,"[32768, 32769]",32768,PatchCommonMFX,mfx:2BAND STEP FLANGER,script,,,,,[],"{""file"": ""original-roland-files/Script/A8EE/Script.xml"", ""line"": 5199}"
fm.pat.mfx.2bandStepFlanger-hiSRateHz,1F 00 02 5D,int4x4,4,"[32769, 32968]",32848,PatchCommonMFX,mfx:2BAND STEP FLANGER,script,-32768,"[""0.10"", ""0.20"", ""0.30"", ""0.40"", ""0.50"", ""0.60"", ""0.70"", ""0.80"", ""0.90"", ""1.00"", ""1.10"", ""1.20"", ""1.30"", ""1.40"", ""1.50"", ""1.60"", ""1.70"", ""1.80"", ""1.90"", ""2.00"", ""2.10"", ""2.20"", ""2.30"", ""2.40"", ""2.50"", ""2.60"", ""2.70"", ""2.80"", ""2.90"", ""3.00"", ""3.10"", ""3.20"", ""3.30"", ""3.40"", ""3.50"", ""3.60"", ""3.70"", ""3.80"", ""3.90"", ""4.00"", ""4.10"", ""4.20"", ""4.30"", ""4.40"", ""4.50"", ""4.60"", ""4.70"", ""4.80"", ""4.90"", ""5.00"", ""5.10"", ""5.20"", ""5.30"", ""5.40"", ""5.50"", ""5.60"", ""5.70"", ""5.80"", ""5.90"", ""6.00"", ""6.10"", ""6.20"", ""6.30"", ""6.40"", ""6.50"", ""6.60"", ""6.70"", ""6.80"", ""6.90"", ""7.00"", ""7.10"", ""7.20"", ""7.30"", ""7.40"", ""7.50"", ""7.60"", ""7.70"", ""7.80"", ""7.90"", ""8.00"", ""8.10"", ""8.20"", ""8.30"", ""8.40"", ""8.50"", ""8.60"", ""8.70"", ""8.80"", ""8.90"", ""9.00"", ""9.10"", ""9.20"", ""9.30"", ""9.40"", ""9.50"", ""9.60"", ""9.70"", ""9.80"", ""9.90"", ""10.00"", ""10.10"", ""10.20"", ""10.30"", ""10.40"", ""10.50"", ""10.60"", ""10.70"", ""10.80"", ""10.90"", ""11.00"", ""11.10"", ""11.20"", ""11.30"", ""11.40"", ""11.50"", ""11.60"", ""11.70"", ""11.80"", ""11.90"", ""12.00"", ""12.10"", ""12.20"", ""12.30"", ""12.40"", ""12.50"", ""12.60"", ""12.70"", ""12.80"", ""12.90"", ""13.00"", ""13.10"", ""13.20"", ""13.30"", ""13.40"", ""13.50"", ""13.60"", ""13.70"", ""13.80"", ""13.90"", ""14.00"", ""14.10"", ""14.20"", ""14.30"", ""14.40"", ""14.50"", ""14.60"", ""14.70"", ""14.80"", ""14.90"", ""15.00"", ""15.10"", ""15.20"", ""15.30"", ""15.40"", ""15.50"", ""15.60"", ""15.70"", ""15.80"", ""15.90"", ""16.00"", ""16.10"", ""16.20"", ""16.30"", ""16.40"", ""16.50"", ""16.60"", ""16.70"", ""16.80"", ""16.90"", ""17.00"", ""17.10"", ""17.20"", ""17.30"", ""17.40"", ""17.50"", ""17.60"", ""17.70"", ""17.80"", ""17.90"", ""18.00"", ""18.10"", ""18.20"", ""18.30"", ""18.40"", ""18.50"", ""18.60"", ""18.70"", ""18.80"", ""18.90"", ""19.00"", ""19.10"", ""19.20"", ""19.30"", ""19.40"", ""19.50"", ""19.60"", ""19.70"", ""19.80"", ""19.90"", ""20.00""]",,,"[""enum labels ui-derived from stringTable rateHz-20.00Table""]","{""file"": ""original-roland-files/Script/A8EE/Script.xml"", ""line"": 5207}"
fm.pat.mfx.2bandStepFlanger-hiSRateNote,1F 00 02 61,int4x4,4,"[32768, 32789]",32774,PatchCommonMFX,mfx:2BAND STEP FLANGER,script,,,,,[],"{""file"": ""original-roland-files/Script/A8EE/Script.xml"", ""line"": 5215}"
fm.pat.mfx.2bandStepFlanger-bal,1F 00 02 65,int4x4,4,"[32768, 32868]",32818,PatchCommonMFX,mfx:2BAND STEP FLANGER,script,,"[""D100:0W"", ""D99:01W"", ""D98:02W"", ""D97:03W"", ""D96:04W"", ""D95:05W"", ""D94:06W"", ""D93:07W"", ""D92:08W"", ""D91:09W"", ""D90:10W"", ""D89:11W"", ""D88:12W"", ""D87:13W"", ""D86:14W"", ""D85:15W"", ""D84:16W"", ""D83:17W"", ""D82:18W"", ""D81:19W"", ""D80:20W"", ""D79:21W"", ""D78:22W"", ""D77:23W"", ""D76:24W"", ""D75:25W"", ""D74:26W"", ""D73:27W"", ""D72:28W"", ""D71:29W"", ""D70:30W"", ""D69:31W"", ""D68:32W"", ""D67:33W"", ""D66:34W"", ""D65:35W"", ""D64:36W"", ""D63:37W"", ""D62:38W"", ""D61:39W"", ""D60:40W"", ""D59:41W"", ""D58:42W"", ""D57:43W"", ""D56:44W"", ""D55:45W"", ""D54:46W"", ""D53:47W"", ""D52:48W"", ""D51:49W"", ""D50:50W"", ""D49:51W"", ""D48:52W"", ""D47:53W"", ""D46:54W"", ""D45:55W"", ""D44:56W"", ""D43:57W"", ""D42:58W"", ""D41:59W"", ""D40:60W"", ""D39:61W"", ""D38:62W"", ""D37:63W"", ""D36:64W"", ""D35:65W"", ""D34:66W"", ""D33:67W"", ""D32:68W"", ""D31:69W"", ""D30:70W"", ""D29:71W"", ""D28:72W"", ""D27:73W"", ""D26:74W"", ""D25:75W"", ""D24:76W"", ""D23:77W"", ""D22:78W"", ""D21:79W"", ""D20:80W"", ""D19:81W"", ""D18:82W"", ""D17:83W"", ""D16:84W"", ""D15:85W"", ""D14:86W"", ""D13:87W"", ""D12:88W"", ""D11:89W"", ""D10:90W"", ""D09:91W"", ""D08:92W"", ""D07:93W"", ""D06:94W"", ""D05:95W"", ""D04:96W"", ""D03:97W"", ""D02:98W"", ""D01:99W"", ""D0:100W""]",,,"[""enum labels ui-derived from stringTable balanceTable""]","{""file"": ""original-roland-files/Script/A8EE/Script.xml"", ""line"": 5223}"
fm.pat.mfx.2bandStepFlanger-level,1F 00 02 69,int4x4,4,"[32768, 32895]",32895,PatchCommonMFX,mfx:2BAND STEP FLANGER,script,-32768,,,,[],"{""file"": ""original-roland-files/Script/A8EE/Script.xml"", ""line"": 5231}"
fm.pat.mfx.overdrive-drv,1F 00 02 11,int4x4,4,"[32768, 32895]",32895,PatchCommonMFX,mfx:OVERDRIVE,script,-32768,,,,[],"{""file"": ""original-roland-files/Script/A8EE/Script.xml"", ""line"": 5239}"
fm.pat.mfx.overdrive-ampType,1F 00 02 15,int4x4,4,"[32768, 32771]",32768,PatchCommonMFX,mfx:OVERDRIVE,script,,"[""SMALL"", ""BUILT-IN"", ""2-STACK"", ""3-STACK""]",,,"[""enum labels ui-derived from stringTable ampTypeTable""]","{""file"": ""original-roland-files/Script/A8EE/Script.xml"", ""line"": 5247}"
fm.pat.mfx.overdrive-eqLo,1F 00 02 19,int4x4,4,"[32768, 32798]",32783,PatchCommonMFX,mfx:OVERDRIVE,script,-32768,"[""-15 dB"", ""-14 dB"", ""-13 dB"", ""-12 dB"", ""-11 dB"", ""-10 dB"", ""-9 dB"", ""-8 dB"", ""-7 dB"", ""-6 dB"", ""-5 dB"", ""-4 dB"", ""-3 dB"", ""-2 dB"", ""-1 dB"", ""0 dB"", ""+1 dB"", ""+2 dB"", ""+3 dB"", ""+4 dB"", ""+5 dB"", ""+6 dB"", ""+7 dB"", ""+8 dB"", ""+9 dB"", ""+10 dB"", ""+11 dB"", ""+12 dB"", ""+13 dB"", ""+14 dB"", ""+15 dB""]",,,"[""enum labels ui-derived from stringTable gain-15-1Table""]","{""file"": ""original-roland-files/Script/A8EE/Script.xml"", ""line"": 5255}"
fm.pat.mfx.overdrive-eqHi,1F 00 02 1D,int4x4,4,"[32768, 32798]",32783,PatchCommonMFX,mfx:OVERDRIVE,script,-32768,"[""-15 dB"", ""-14 dB"", ""-13 dB"", ""-12 dB"", ""-11 dB"", ""-10 dB"", ""-9 dB"", ""-8 dB"", ""-7 dB"", ""-6 dB"", ""-5 dB"", ""-4 dB"", ""-3 dB"", ""-2 dB"", ""-1 dB"", ""0 dB"", ""+1 dB"", ""+2 dB"", ""+3 dB"", ""+4 dB"", ""+5 dB"", ""+6 dB"", ""+7 dB"", ""+8 dB"", ""+9 dB"", ""+10 dB"", ""+11 dB"", ""+12 dB"", ""+13 dB"", ""+14 dB"", ""+15 dB""]",,,"[""enum labels ui-derived from stringTable gain-15-1Table""]","{""file"": ""original-roland-files/Script/A8EE/Script.xml"", ""line"": 5263}"
fm.pat.mfx.overdrive-pan,1F 00 02 21,int4x4,4,"[32768, 32895]",32832,PatchCommonMFX,mfx:OVERDRIVE,script,,,,,[],"{""file"": ""original-roland-files/Script/A8EE/Script.xml"", ""line"": 5271}"
fm.pat.mfx.overdrive-level,1F 00 02 25,int4x4,4,"[32768, 32895]",32895,PatchCommonMFX,mfx:OVERDRIVE,script,-32768,,,,[],"{""file"": ""original-roland-files/Script/A8EE/Script.xml"", ""line"": 5279}"
fm.pat.mfx.distortion-drv,1F 00 02 11,int4x4,4,"[32768, 32895]",32895,PatchCommonMFX,mfx:DISTORTION,script,-32768,,,,[],"{""file"": ""original-roland-files/Script/A8EE/Script.xml"", ""line"": 5287}"
fm.pat.mfx.distortion-ampType,1F 00 02 15,int4x4,4,"[32768, 32771]",32771,PatchCommonMFX,mfx:DISTORTION,script,,"[""SMALL"", ""BUILT-IN"", ""2-STACK"", ""3-STACK""]",,,"[""enum labels ui-derived from stringTable ampTypeTable""]","{""file"": ""original-roland-files/Script/A8EE/Script.xml"", ""line"": 5295}"
fm.pat.mfx.distortion-eqLo,1F 00 02 19,int4x4,4,"[32768, 32798]",32783,PatchCommonMFX,mfx:DISTORTION,script,-32768,"[""-15 dB"", ""-14 dB"", ""-13 dB"", ""-12 dB"", ""-11 dB"", ""-10 dB"", ""-9 dB"", ""-8 dB"", ""-7 dB"", ""-6 dB"", ""-5 dB"", ""-4 dB"", ""-3 dB"", ""-2 dB"", ""-1 dB"", ""0 dB"", ""+1 dB"", ""+2 dB"", ""+3 dB"", ""+4 dB"", ""+5 dB"", ""+6 dB"", ""+7 dB"", ""+8 dB"", ""+9 dB"", ""+10 dB"", ""+11 dB"", ""+12 dB"", ""+13 dB"", ""+14 dB"", ""+15 dB""]",,,"[""enum labels ui-derived from stringTable gain-15-1Table""]","{""file"": ""original-roland-files/Script/A8EE/Script.xml"", ""line"": 5303}"
fm.pat.mfx.distortion-eqHi,1F 00 02 1D,int4x4,4,"[32768, 32798]",32783,PatchCommonMFX,mfx:DISTORTION,script,-32768,"[""-15 dB"", ""-14 dB"", ""-13 dB"", ""-12 dB"", ""-11 dB"", ""-10 dB"", ""-9 dB"", ""-8 dB"", ""-7 dB"", ""-6 dB"", ""-5 dB"", ""-4 dB"", ""-3 dB"", ""-2 dB"", ""-1 dB"", ""0 dB"", ""+1 dB"", ""+2 dB"", ""+3 dB"", ""+4 dB"", ""+5 dB"", ""+6 dB"", ""+7 dB"", ""+8 dB"", ""+9 dB"", ""+10 dB"", ""+11 dB"", ""+12 dB"", ""+13 dB"", ""+14 dB"", ""+15 dB""]",,,"[""enum labels ui-derived from stringTable gain-15-1Table""]","{""file"": ""original-roland-files/Script/A8EE/Script.xml"", ""line"": 5311}"
fm.pat.mfx.distortion-pan,1F 00 02 21,int4x4,4,"[32768, 32895]",32832,PatchCommonMFX,mfx:DISTORTION,script,,,,,[],"{""file"": ""original-roland-files/Script/A8EE/Script.xml"", ""line"": 5319}"
fm.pat.mfx.distortion-level,1F 00 02 25,int4x4,4,"[32768, 32895]",32895,PatchCommonMFX,mfx:DISTORTION,script,-32768,,,,[],"{""file"": ""original-roland-files/Script/A8EE/Script.xml"", ""line"": 5327}"
fm.pat.mfx.vsOverdrive-drv,1F 00 02 11,int4x4,4,"[32768, 32895]",32895,PatchCommonMFX,mfx:VS OVERDRIVE,script,-32768,,,,[],"{""file"": ""original-roland-files/Script/A8EE/Script.xml"", ""line"": 5335}"
fm.pat.mfx.vsOverdrive-tone,1F 00 02 15,int4x4,4,"[32768, 32895]",32818,PatchCommonMFX,mfx:VS OVERDRIVE,script,-32768,,,,[],"{""file"": ""original-roland-files/Script/A8EE/Script.xml"", ""line"": 5343}"
fm.pat.mfx.vsOverdrive-ampSw,1F 00 02 19,int4x4,4,"[32768, 32769]",32769,PatchCommonMFX,mfx:VS OVERDRIVE,script,,,,,[],"{""file"": ""original-roland-files/Script/A8EE/Script.xml"", ""line"": 5351}"
fm.pat.mfx.vsOverdrive-ampType,1F 00 02 1D,int4x4,4,"[32768, 32771]",32768,PatchCommonMFX,mfx:VS OVERDRIVE,script,,"[""SMALL"", ""BUILT-IN"", ""2-STACK"", ""3-STACK""]",,,"[""enum labels ui-derived from stringTable ampTypeTable""]","{""file"": ""original-roland-files/Script/A8EE/Script.xml"", ""line"": 5359}"
fm.pat.mfx.vsOverdrive-eqLo,1F 00 02 21,int4x4,4,"[32768, 32798]",32783,PatchCommonMFX,mfx:VS OVERDRIVE,script,-32768,"[""-15 dB"", ""-14 dB"", ""-13 dB"", ""-12 dB"", ""-11 dB"", ""-10 dB"", ""-9 dB"", ""-8 dB"", ""-7 dB"", ""-6 dB"", ""-5 dB"", ""-4 dB"", ""-3 dB"", ""-2 dB"", ""-1 dB"", ""0 dB"", ""+1 dB"", ""+2 dB"", ""+3 dB"", ""+4 dB"", ""+5 dB"", ""+6 dB"", ""+7 dB"", ""+8 dB"", ""+9 dB"", ""+10 dB"", ""+11 dB"", ""+12 dB"", ""+13 dB"", ""+14 dB"", ""+15 dB""]",,,"[""enum labels ui-derived from stringTable gain-15-1Table""]","{""file"": ""original-roland-files/Script/A8EE/Script.xml"", ""line"": 5367}"
fm.pat.mfx.vsOverdrive-eqHi,1F 00 02 25,int4x4,4,"[32768, 32798]",32783,PatchCommonMFX,mfx:VS OVERDRIVE,script,-32768,"[""-15 dB"", ""-14 dB"", ""-13 dB"", ""-12 dB"", ""-11 dB"", ""-10 dB"", ""-9 dB"", ""-8 dB"", ""-7 dB"", ""-6 dB"", ""-5 dB"", ""-4 dB"", ""-3 dB"", ""-2 dB"", ""-1 dB"", ""0 dB"", ""+1 dB"", ""+2 dB"", ""+3 dB"", ""+4 dB"", ""+5 dB"", ""+6 dB"", ""+7 dB"", ""+8 dB"", ""+9 dB"", ""+10 dB"", ""+11 dB"", ""+12 dB"", ""+13 dB"", ""+14 dB"", ""+15 dB""]",,,"[""enum labels ui-derived from stringTable gain-15-1Table""]","{""file"": ""original-roland-files/Script/A8EE/Script.xml"", ""line"": 5375}"
fm.pat.mfx.vsOverdrive-pan,1F 00 02 29,int4x4,4,"[32768, 32895]",32832,PatchCommonMFX,mfx:VS OVERDRIVE,script,,,,,[],"{""file"": ""original-roland-files/Script/A8EE/Script.xml"", ""line"": 5383}"
fm.pat.mfx.vsOverdrive-level,1F 00 02 2D,int4x4,4,"[32768, 32895]",32895,PatchCommonMFX,mfx:VS OVERDRIVE,script,-32768,,,,[],"{""file"": ""original-roland-files/Script/A8EE/Script.xml"", ""line"": 5391}"
fm.pat.mfx.vsDistortion-drv,1F 00 02 11,int4x4,4,"[32768, 32895]",32895,PatchCommonMFX,mfx:VS DISTORTION,script,-32768,,,,[],"{""file"": ""original-roland-files/Script/A8EE/Script.xml"", ""line"": 5399}"
fm.pat.mfx.vsDistortion-tone,1F 00 02 15,int4x4,4,"[32768, 32895]",32818,PatchCommonMFX,mfx:VS DISTORTION,script,-32768,,,,[],"{""file"": ""original-roland-files/Script/A8EE/Script.xml"", ""line"": 5407}"
fm.pat.mfx.vsDistortion-ampSw,1F 00 02 19,int4x4,4,"[32768, 32769]",32769,PatchCommonMFX,mfx:VS DISTORTION,script,,,,,[],"{""file"": ""original-roland-files/Script/A8EE/Script.xml"", ""line"": 5415}"
fm.pat.mfx.vsDistortion-ampType,1F 00 02 1D,int4x4,4,"[32768, 32771]",32771,PatchCommonMFX,mfx:VS DISTORTION,script,,"[""SMALL"", ""BUILT-IN"", ""2-STACK"", ""3-STACK""]",,,"[""enum labels ui-derived from stringTable ampTypeTable""]","{""file"": ""original-roland-files/Script/A8EE/Script.xml"", ""line"": 5423}"
fm.pat.mfx.vsDistortion-eqLo,1F 00 02 21,int4x4,4,"[32768, 32798]",32783,PatchCommonMFX,mfx:VS DISTORTION,script,-32768,"[""-15 dB"", ""-14 dB"", ""-13 dB"", ""-12 dB"", ""-11 dB"", ""-10 dB"", ""-9 dB"", ""-8 dB"", ""-7 dB"", ""-6 dB"", ""-5 dB"", ""-4 dB"", ""-3 dB"", ""-2 dB"", ""-1 dB"", ""0 dB"", ""+1 dB"", ""+2 dB"", ""+3 dB"", ""+4 dB"", ""+5 dB"", ""+6 dB"", ""+7 dB"", ""+8 dB"", ""+9 dB"", ""+10 dB"", ""+11 dB"", ""+12 dB"", ""+13 dB"", ""+14 dB"", ""+15 dB""]",,,"[""enum labels ui-derived from stringTable gain-15-1Table""]","{""file"": ""original-roland-files/Script/A8EE/Script.xml"", ""line"": 5431}"
fm.pat.mfx.vsDistortion-eqHi,1F 00 02 25,int4x4,4,"[32768, 32798]",32783,PatchCommonMFX,mfx:VS DISTORTION,script,-32768,"[""-15 dB"", ""-14 dB"", ""-13 dB"", ""-12 dB"", ""-11 dB"", ""-10 dB"", ""-9 dB"", ""-8 dB"", ""-7 dB"", ""-6 dB"", ""-5 dB"", ""-4 dB"", ""-3 dB"", ""-2 dB"", ""-1 dB"", ""0 dB"", ""+1 dB"", ""+2 dB"", ""+3 dB"", ""+4 dB"", ""+5 dB"", ""+6 dB"", ""+7 dB"", ""+8 dB"", ""+9 dB"", ""+10 dB"", ""+11 dB"", ""+12 dB"", ""+13 dB"", ""+14 dB"", ""+15 dB""]",,,"[""enum labels ui-derived from stringTable gain-15-1Table""]","{""file"": ""original-roland-files/Script/A8EE/Script.xml"", ""line"": 5439}"
fm.pat.mfx.vsDistortion-pan,1F 00 02 29,int4x4,4,"[32768, 32895]",32832,PatchCommonMFX,mfx:VS DISTORTION,script,,,,,[],"{""file"": ""original-roland-files/Script/A8EE/Script.xml"", ""line"": 5447}"
fm.pat.mfx.vsDistortion-level,1F 00 02 2D,int4x4,4,"[32768, 32895]",32895,PatchCommonMFX,mfx:VS DISTORTION,script,-32768,,,,[],"{""file"": ""original-roland-files/Script/A8EE/Script.xml"", ""line"": 5455}"
fm.pat.mfx.guitarAmpSimulator-ampSw,1F 00 02 11,int4x4,4,"[32768, 32769]",32769,PatchCommonMFX,mfx:GUITAR AMP SIMULATOR,script,,,,,[],"{""file"": ""original-roland-files/Script/A8EE/Script.xml"", ""line"": 5463}"
fm.pat.mfx.guitarAmpSimulator-ampType,1F 00 02 15,int4x4,4,"[32768, 32781]",32769,PatchCommonMFX,mfx:GUITAR AMP SIMULATOR,script,,"[""JC-120"", ""CLEAN TWIN"", ""MATCH DRIVE"", ""BG LEAD"", ""MS1959I"", ""MS1959II"", ""MS1959I+II"", ""SLDN LEAD"", ""METAL 5150"", ""METAL LEAD"", ""OD-1"", ""OD-2 TURBO"", ""DISTORTION"", ""FUZZ""]",,,"[""enum labels ui-derived from stringTable preAmpTypeTable""]","{""file"": ""original-roland-files/Script/A8EE/Script.xml"", ""line"": 5471}"
fm.pat.mfx.guitarAmpSimulator-ampVolume,1F 00 02 19,int4x4,4,"[32768, 32895]",32848,PatchCommonMFX,mfx:GUITAR AMP SIMULATOR,script,-32768,,,,[],"{""file"": ""original-roland-files/Script/A8EE/Script.xml"", ""line"": 5479}"
fm.pat.mfx.guitarAmpSimulator-ampMaster,1F 00 02 1D,int4x4,4,"[32768, 32895]",32868,PatchCommonMFX,mfx:GUITAR AMP SIMULATOR,script,-32768,,,,[],"{""file"": ""original-roland-files/Script/A8EE/Script.xml"", ""line"": 5487}"
fm.pat.mfx.guitarAmpSimulator-ampGain,1F 00 02 21,int4x4,4,"[32768, 32770]",32769,PatchCommonMFX,mfx:GUITAR AMP SIMULATOR,script,,,,,[],"{""file"": ""original-roland-files/Script/A8EE/Script.xml"", ""line"": 5495}"
fm.pat.mfx.guitarAmpSimulator-ampBass,1F 00 02 25,int4x4,4,"[32768, 32895]",32832,PatchCommonMFX,mfx:GUITAR AMP SIMULATOR,script,-32768,,,,[],"{""file"": ""original-roland-files/Script/A8EE/Script.xml"", ""line"": 5503}"
fm.pat.mfx.guitarAmpSimulator-ampMiddle,1F 00 02 29,int4x4,4,"[32768, 32895]",32832,PatchCommonMFX,mfx:GUITAR AMP SIMULATOR,script,-32768,,,,[],"{""file"": ""original-roland-files/Script/A8EE/Script.xml"", ""line"": 5511}"
fm.pat.mfx.guitarAmpSimulator-ampTreble,1F 00 02 2D,int4x4,4,"[32768, 32895]",32832,PatchCommonMFX,mfx:GUITAR AMP SIMULATOR,script,-32768,,,,[],"{""file"": ""original-roland-files/Script/A8EE/Script.xml"", ""line"": 5519}"
fm.pat.mfx.guitarAmpSimulator-ampPresence,1F 00 02 31,int4x4,4,"[32768, 32895]",32768,PatchCommonMFX,mfx:GUITAR AMP SIMULATOR,script,-32768,,,,[],"{""file"": ""original-roland-files/Script/A8EE/Script.xml"", ""line"": 5527}"
fm.pat.mfx.guitarAmpSimulator-ampBright,1F 00 02 35,int4x4,4,"[32768, 32769]",32768,PatchCommonMFX,mfx:GUITAR AMP SIMULATOR,script,,,,,[],"{""file"": ""original-roland-files/Script/A8EE/Script.xml"", ""line"": 5535}"
fm.pat.mfx.guitarAmpSimulator-spSw,1F 00 02 39,int4x4,4,"[32768, 32769]",32769,PatchCommonMFX,mfx:GUITAR AMP SIMULATOR,script,,,,,[],"{""file"": ""original-roland-files/Script/A8EE/Script.xml"", ""line"": 5543}"
fm.pat.mfx.guitarAmpSimulator-spType,1F 00 02 3D,int4x4,4,"[32768, 32783]",32772,PatchCommonMFX,mfx:GUITAR AMP SIMULATOR,script,,"[""SMALL1"", ""SMALL2"", ""MIDDLE"", ""JC-120"", ""BUILT IN 1"", ""BUILT IN 2"", ""BUILT IN 3"", ""BUILT IN 4"", ""BUILT IN 5"", ""BG STACK 1"", ""BG STACK 2"", ""MS STACK 1"", ""MS STACK 2"", ""METAL STACK"", ""2 STACK"", ""3 STACK""]",,,"[""enum labels ui-derived from stringTable speakerTypeTable""]","{""file"": ""original-roland-files/Script/A8EE/Script.xml"", ""line"": 5551}"
fm.pat.mfx.guitarAmpSimulator-micSetting,1F 00 02 41,int4x4,4,"[32768, 32770]",32769,PatchCommonMFX,mfx:GUITAR AMP SIMULATOR,script,,,,,[],"{""file"": ""original-roland-files/Script/A8EE/Script.xml"", ""line"": 5559}"
fm.pat.mfx.guitarAmpSimulator-micLevel,1F 00 02 45,int4x4,4,"[32768, 32895]",32895,PatchCommonMFX,mfx:GUITAR AMP SIMULATOR,script,-32768,,,,[],"{""file"": ""original-roland-files/Script/A8EE/Script.xml"", ""line"": 5568}"
fm.pat.mfx.guitarAmpSimulator-directLevel,1F 00 02 49,int4x4,4,"[32768, 32895]",32768,PatchCommonMFX,mfx:GUITAR AMP SIMULATOR,script,-32768,,,,[],"{""file"": ""original-roland-files/Script/A8EE/Script.xml"", ""line"": 5576}"
fm.pat.mfx.guitarAmpSimulator-pan,1F 00 02 4D,int4x4,4,"[32768, 32895]",32832,PatchCommonMFX,mfx:GUITAR AMP SIMULATOR,script,,,,,[],"{""file"": ""original-roland-files/Script/A8EE/Script.xml"", ""line"": 5584}"
fm.pat.mfx.guitarAmpSimulator-level,1F 00 02 51,int4x4,4,"[32768, 32895]",32895,PatchCommonMFX,mfx:GUITAR AMP SIMULATOR,script,-32768,,,,[],"{""file"": ""original-roland-files/Script/A8EE/Script.xml"", ""line"": 5592}"
fm.pat.mfx.compressor-atk,1F 00 02 11,int4x4,4,"[32768, 32895]",32788,PatchCommonMFX,mfx:COMPRESSOR,script,-32768,,,,[],"{""file"": ""original-roland-files/Script/A8EE/Script.xml"", ""line"": 5600}"
fm.pat.mfx.compressor-thres,1F 00 02 15,int4x4,4,"[32768, 32895]",32832,PatchCommonMFX,mfx:COMPRESSOR,script,-32768,,,,[],"{""file"": ""original-roland-files/Script/A8EE/Script.xml"", ""line"": 5608}"
fm.pat.mfx.compressor-gain,1F 00 02 19,int4x4,4,"[32768, 32786]",32774,PatchCommonMFX,mfx:COMPRESSOR,script,-32768,"[""0 dB"", ""+1 dB"", ""+2 dB"", ""+3 dB"", ""+4 dB"", ""+5 dB"", ""+6 dB"", ""+7 dB"", ""+8 dB"", ""+9 dB"", ""+10 dB"", ""+11 dB"", ""+12 dB"", ""+13 dB"", ""+14 dB"", ""+15 dB"", ""+16 dB"", ""+17 dB"", ""+18 dB""]",,,"[""enum labels ui-derived from stringTable gain-18-Table""]","{""file"": ""original-roland-files/Script/A8EE/Script.xml"", ""line"": 5616}"
fm.pat.mfx.compressor-eqLo,1F 00 02 1D,int4x4,4,"[32768, 32798]",32783,PatchCommonMFX,mfx:COMPRESSOR,script,-32768,"[""-15 dB"", ""-14 dB"", ""-13 dB"", ""-12 dB"", ""-11 dB"", ""-10 dB"", ""-9 dB"", ""-8 dB"", ""-7 dB"", ""-6 dB"", ""-5 dB"", ""-4 dB"", ""-3 dB"", ""-2 dB"", ""-1 dB"", ""0 dB"", ""+1 dB"", ""+2 dB"", ""+3 dB"", ""+4 dB"", ""+5 dB"", ""+6 dB"", ""+7 dB"", ""+8 dB"", ""+9 dB"", ""+10 dB"", ""+11 dB"", ""+12 dB"", ""+13 dB"", ""+14 dB"", ""+15 dB""]",,,"[""enum labels ui-derived from stringTable gain-15-1Table""]","{""file"": ""original-roland-files/Script/A8EE/Script.xml"", ""line"": 5624}"
fm.pat.mfx.compressor-eqHi,1F 00 02 21,int4x4,4,"[32768, 32798]",32783,PatchCommonMFX,mfx:COMPRESSOR,script,-32768,"[""-15 dB"", ""-14 dB"", ""-13 dB"", ""-12 dB"", ""-11 dB"", ""-10 dB"", ""-9 dB"", ""-8 dB"", ""-7 dB"", ""-6 dB"", ""-5 dB"", ""-4 dB"", ""-3 dB"", ""-2 dB"", ""-1 dB"", ""0 dB"", ""+1 dB"", ""+2 dB"", ""+3 dB"", ""+4 dB"", ""+5 dB"", ""+6 dB"", ""+7 dB"", ""+8 dB"", ""+9 dB"", ""+10 dB"", ""+11 dB"", ""+12 dB"", ""+13 dB"", ""+14 dB"", ""+15 dB""]",,,"[""enum labels ui-derived from stringTable gain-15-1Table""]","{""file"": ""original-roland-files/Script/A8EE/Script.xml"", ""line"": 5632}"
fm.pat.mfx.compressor-level,1F 00 02 25,int4x4,4,"[32768, 32895]",32895,PatchCommonMFX,mfx:COMPRESSOR,script,-32768,,,,[],"{""file"": ""original-roland-files/Script/A8EE/Script.xml"", ""line"": 5640}"
fm.pat.mfx.limiter-rels,1F 00 02 11,int4x4,4,"[32768, 32895]",32800,PatchCommonMFX,mfx:LIMITER,script,-32768,,,,[],"{""file"": ""original-roland-files/Script/A8EE/Script.xml"", ""line"": 5648}"
fm.pat.mfx.limiter-thres,1F 00 02 15,int4x4,4,"[32768, 32895]",32832,PatchCommonMFX,mfx:LIMITER,script,-32768,,,,[],"{""file"": ""original-roland-files/Script/A8EE/Script.xml"", ""line"": 5656}"
fm.pat.mfx.limiter-ratio,1F 00 02 19,int4x4,4,"[32768, 32771]",32770,PatchCommonMFX,mfx:LIMITER,script,-32768,"[""1.5:1"", ""2:1"", ""4:1"", ""100:1""]",,,"[""enum labels ui-derived from stringTable ratioTable""]","{""file"": ""original-roland-files/Script/A8EE/Script.xml"", ""line"": 5664}"
fm.pat.mfx.limiter-gain,1F 00 02 1D,int4x4,4,"[32768, 32786]",32774,PatchCommonMFX,mfx:LIMITER,script,-32768,"[""0 dB"", ""+1 dB"", ""+2 dB"", ""+3 dB"", ""+4 dB"", ""+5 dB"", ""+6 dB"", ""+7 dB"", ""+8 dB"", ""+9 dB"", ""+10 dB"", ""+11 dB"", ""+12 dB"", ""+13 dB"", ""+14 dB"", ""+15 dB"", ""+16 dB"", ""+17 dB"", ""+18 dB""]",,,"[""enum labels ui-derived from stringTable gain-18-Table""]","{""file"": ""original-roland-files/Script/A8EE/Script.xml"", ""line"": 5672}"
fm.pat.mfx.limiter-eqLo,1F 00 02 21,int4x4,4,"[32768, 32798]",32783,PatchCommonMFX,mfx:LIMITER,script,-32768,"[""-15 dB"", ""-14 dB"", ""-13 dB"", ""-12 dB"", ""-11 dB"", ""-10 dB"", ""-9 dB"", ""-8 dB"", ""-7 dB"", ""-6 dB"", ""-5 dB"", ""-4 dB"", ""-3 dB"", ""-2 dB"", ""-1 dB"", ""0 dB"", ""+1 dB"", ""+2 dB"", ""+3 dB"", ""+4 dB"", ""+5 dB"", ""+6 dB"", ""+7 dB"", ""+8 dB"", ""+9 dB"", ""+10 dB"", ""+11 dB"", ""+12 dB"", ""+13 dB"", ""+14 dB"", ""+15 dB""]",,,"[""enum labels ui-derived from stringTable gain-15-1Table""]","{""file"": ""original-roland-files/Script/A8EE/Script.xml"", ""line"": 5680}"
fm.pat.mfx.limiter-eqHi,1F 00 02 25,int4x4,4,"[32768, 32798]",32783,PatchCommonMFX,mfx:LIMITER,script,-32768,"[""-15 dB"", ""-14 dB"", ""-13 dB"", ""-12 dB"", ""-11 dB"", ""-10 dB"", ""-9 dB"", ""-8 dB"", ""-7 dB"", ""-6 dB"", ""-5 dB"", ""-4 dB"", ""-3 dB"", ""-2 dB"", ""-1 dB"", ""0 dB"", ""+1 dB"", ""+2 dB"", ""+3 dB"", ""+4 dB"", ""+5 dB"", ""+6 dB"", ""+7 dB"", ""+8 dB"", ""+9 dB"", ""+10 dB"", ""+11 dB"", ""+12 dB"", ""+13 dB"", ""+14 dB"", ""+15 dB""]",,,"[""enum labels ui-derived from stringTable gain-15-1Table""]","{""file"": ""original-roland-files/Script/A8EE/Script.xml"", ""line"": 5688}"
fm.pat.mfx.limiter-level,1F 00 02 29,int4x4,4,"[32768, 32895]",32895,PatchCommonMFX,mfx:LIMITER,script,-32768,,,,[],"{""file"": ""original-roland-files/Script/A8EE/Script.xml"", ""line"": 5696}"
fm.pat.mfx.gate-thres,1F 00 02 11,int4x4,4,"[32768, 32895]",32838,PatchCommonMFX,mfx:GATE,script,-32768,,,,[],"{""file"": ""original-roland-files/Script/A8EE/Script.xml"", ""line"": 5704}"
fm.pat.mfx.gate-mode,1F 00 02 15,int4x4,4,"[32768, 32769]",32768,PatchCommonMFX,mfx:GATE,script,,,,,[],"{""file"": ""original-roland-files/Script/A8EE/Script.xml"", ""line"": 5712}"
fm.pat.mfx.gate-atk,1F 00 02 19,int4x4,4,"[32768, 32895]",32776,PatchCommonMFX,mfx:GATE,script,-32768,,,,[],"{""file"": ""original-roland-files/Script/A8EE/Script.xml"", ""line"": 5720}"
fm.pat.mfx.gate-hold,1F 00 02 1D,int4x4,4,"[32768, 32895]",32768,PatchCommonMFX,mfx:GATE,script,-32768,,,,[],"{""file"": ""original-roland-files/Script/A8EE/Script.xml"", ""line"": 5728}"
fm.pat.mfx.gate-rels,1F 00 02 21,int4x4,4,"[32768, 32895]",32784,PatchCommonMFX,mfx:GATE,script,-32768,,,,[],"{""file"": ""original-roland-files/Script/A8EE/Script.xml"", ""line"": 5736}"
fm.pat.mfx.gate-bal,1F 00 02 25,int4x4,4,"[32768, 32868]",32868,PatchCommonMFX,mfx:GATE,script,,"[""D100:0W"", ""D99:01W"", ""D98:02W"", ""D97:03W"", ""D96:04W"", ""D95:05W"", ""D94:06W"", ""D93:07W"", ""D92:08W"", ""D91:09W"", ""D90:10W"", ""D89:11W"", ""D88:12W"", ""D87:13W"", ""D86:14W"", ""D85:15W"", ""D84:16W"", ""D83:17W"", ""D82:18W"", ""D81:19W"", ""D80:20W"", ""D79:21W"", ""D78:22W"", ""D77:23W"", ""D76:24W"", ""D75:25W"", ""D74:26W"", ""D73:27W"", ""D72:28W"", ""D71:29W"", ""D70:30W"", ""D69:31W"", ""D68:32W"", ""D67:33W"", ""D66:34W"", ""D65:35W"", ""D64:36W"", ""D63:37W"", ""D62:38W"", ""D61:39W"", ""D60:40W"", ""D59:41W"", ""D58:42W"", ""D57:43W"", ""D56:44W"", ""D55:45W"", ""D54:46W"", ""D53:47W"", ""D52:48W"", ""D51:49W"", ""D50:50W"", ""D49:51W"", ""D48:52W"", ""D47:53W"", ""D46:54W"", ""D45:55W"", ""D44:56W"", ""D43:57W"", ""D42:58W"", ""D41:59W"", ""D40:60W"", ""D39:61W"", ""D38:62W"", ""D37:63W"", ""D36:64W"", ""D35:65W"", ""D34:66W"", ""D33:67W"", ""D32:68W"", ""D31:69W"", ""D30:70W"", ""D29:71W"", ""D28:72W"", ""D27:73W"", ""D26:74W"", ""D25:75W"", ""D24:76W"", ""D23:77W"", ""D22:78W"", ""D21:79W"", ""D20:80W"", ""D19:81W"", ""D18:82W"", ""D17:83W"", ""D16:84W"", ""D15:85W"", ""D14:86W"", ""D13:87W"", ""D12:88W"", ""D11:89W"", ""D10:90W"", ""D09:91W"", ""D08:92W"", ""D07:93W"", ""D06:94W"", ""D05:95W"", ""D04:96W"", ""D03:97W"", ""D02:98W"", ""D01:99W"", ""D0:100W""]",,,"[""enum labels ui-derived from stringTable balanceTable""]","{""file"": ""original-roland-files/Script/A8EE/Script.xml"", ""line"": 5744}"
fm.pat.mfx.gate-level,1F 00 02 29,int4x4,4,"[32768, 32895]",32895,PatchCommonMFX,mfx:GATE,script,-32768,,,,[],"{""file"": ""original-roland-files/Script/A8EE/Script.xml"", ""line"": 5752}"
fm.pat.mfx.delay-dlyLSync,1F 00 02 11,int4x4,4,"[32768, 32769]",32768,PatchCommonMFX,mfx:DELAY,script,,,,,[],"{""file"": ""original-roland-files/Script/A8EE/Script.xml"", ""line"": 5760}"
fm.pat.mfx.delay-dlyLMsec,1F 00 02 15,int4x4,4,"[32768, 34068]",33368,PatchCommonMFX,mfx:DELAY,script,-32768,,,,[],"{""file"": ""original-roland-files/Script/A8EE/Script.xml"", ""line"": 5768}"
fm.pat.mfx.delay-dlyLNote,1F 00 02 19,int4x4,4,"[32768, 32789]",32780,PatchCommonMFX,mfx:DELAY,script,,,,,[],"{""file"": ""original-roland-files/Script/A8EE/Script.xml"", ""line"": 5776}"
fm.pat.mfx.delay-dlyRSync,1F 00 02 1D,int4x4,4,"[32768, 32769]",32768,PatchCommonMFX,mfx:DELAY,script,,,,,[],"{""file"": ""original-roland-files/Script/A8EE/Script.xml"", ""line"": 5784}"
fm.pat.mfx.delay-dlyRMsec,1F 00 02 21,int4x4,4,"[32768, 34068]",33368,PatchCommonMFX,mfx:DELAY,script,-32768,,,,[],"{""file"": ""original-roland-files/Script/A8EE/Script.xml"", ""line"": 5792}"
fm.pat.mfx.delay-dlyRNote,1F 00 02 25,int4x4,4,"[32768, 32789]",32780,PatchCommonMFX,mfx:DELAY,script,,,,,[],"{""file"": ""original-roland-files/Script/A8EE/Script.xml"", ""line"": 5800}"
fm.pat.mfx.delay-phsL,1F 00 02 29,int4x4,4,"[32768, 32769]",32768,PatchCommonMFX,mfx:DELAY,script,,,,,[],"{""file"": ""original-roland-files/Script/A8EE/Script.xml"", ""line"": 5808}"
fm.pat.mfx.delay-phsR,1F 00 02 2D,int4x4,4,"[32768, 32769]",32768,PatchCommonMFX,mfx:DELAY,script,,,,,[],"{""file"": ""original-roland-files/Script/A8EE/Script.xml"", ""line"": 5816}"
fm.pat.mfx.delay-fbkMode,1F 00 02 31,int4x4,4,"[32768, 32769]",32768,PatchCommonMFX,mfx:DELAY,script,,,,,[],"{""file"": ""original-roland-files/Script/A8EE/Script.xml"", ""line"": 5824}"
fm.pat.mfx.delay-fbk,1F 00 02 35,int4x4,4,"[32768, 32866]",32827,PatchCommonMFX,mfx:DELAY,script,-32768,"[""-98%"", ""-96%"", ""-94%"", ""-92%"", ""-90%"", ""-88%"", ""-86%"", ""-84%"", ""-82%"", ""-80%"", ""-78%"", ""-76%"", ""-74%"", ""-72%"", ""-70%"", ""-68%"", ""-66%"", ""-64%"", ""-62%"", ""-60%"", ""-58%"", ""-56%"", ""-54%"", ""-52%"", ""-50%"", ""-48%"", ""-46%"", ""-44%"", ""-42%"", ""-40%"", ""-38%"", ""-36%"", ""-34%"", ""-32%"", ""-30%"", ""-28%"", ""-26%"", ""-24%"", ""-22%"", ""-20%"", ""-18%"", ""-16%"", ""-14%"", ""-12%"", ""-10%"", ""-8%"", ""-6%"", ""-4%"", ""-2%"", ""0%"", ""+2%"", ""+4%"", ""+6%"", ""+8%"", ""+10%"", ""+12%"", ""+14%"", ""+16%"", ""+18%"", ""+20%"", ""+22%"", ""+24%"", ""+26%"", ""+28%"", ""+30%"", ""+32%"", ""+34%"", ""+36%"", ""+38%"", ""+40%"", ""+42%"", ""+44%"", ""+46%"", ""+48%"", ""+50%"", ""+52%"", ""+54%"", ""+56%"", ""+58%"", ""+60%"", ""+62%"", ""+64%"", ""+66%"", ""+68%"", ""+70%"", ""+72%"", ""+74%"", ""+76%"", ""+78%"", ""+80%"", ""+82%"", ""+84%"", ""+86%"", ""+88%"", ""+90%"", ""+92%"", ""+94%"", ""+96%"", ""+98%""]",,,"[""enum labels ui-derived from stringTable fbkTable""]","{""file"": ""original-roland-files/Script/A8EE/Script.xml"", ""line"": 5832}"
fm.pat.mfx.delay-hfDamp,1F 00 02 39,int4x4,4,"[32768, 32785]",32785,PatchCommonMFX,mfx:DELAY,script,-32768,"[""200 Hz"", ""250 Hz"", ""315 Hz"", ""400 Hz"", ""500 Hz"", ""630 Hz"", ""800 Hz"", ""1000 Hz"", ""1250 Hz"", ""1600 Hz"", ""2000 Hz"", ""2500 Hz"", ""3150 Hz"", ""4000 Hz"", ""5000 Hz"", ""6300 Hz"", ""8000 Hz"", ""BYPASS""]",,,"[""enum labels ui-derived from stringTable freq200-BypassTable""]","{""file"": ""original-roland-files/Script/A8EE/Script.xml"", ""line"": 5840}"
fm.pat.mfx.delay-eqLo,1F 00 02 3D,int4x4,4,"[32768, 32798]",32783,PatchCommonMFX,mfx:DELAY,script,-32768,"[""-15 dB"", ""-14 dB"", ""-13 dB"", ""-12 dB"", ""-11 dB"", ""-10 dB"", ""-9 dB"", ""-8 dB"", ""-7 dB"", ""-6 dB"", ""-5 dB"", ""-4 dB"", ""-3 dB"", ""-2 dB"", ""-1 dB"", ""0 dB"", ""+1 dB"", ""+2 dB"", ""+3 dB"", ""+4 dB"", ""+5 dB"", ""+6 dB"", ""+7 dB"", ""+8 dB"", ""+9 dB"", ""+10 dB"", ""+11 dB"", ""+12 dB"", ""+13 dB"", ""+14 dB"", ""+15 dB""]",,,"[""enum labels ui-derived from stringTable gain-15-1Table""]","{""file"": ""original-roland-files/Script/A8EE/Script.xml"", ""line"": 5848}"
fm.pat.mfx.delay-eqHi,1F 00 02 41,int4x4,4,"[32768, 32798]",32783,PatchCommonMFX,mfx:DELAY,script,-32768,"[""-15 dB"", ""-14 dB"", ""-13 dB"", ""-12 dB"", ""-11 dB"", ""-10 dB"", ""-9 dB"", ""-8 dB"", ""-7 dB"", ""-6 dB"", ""-5 dB"", ""-4 dB"", ""-3 dB"", ""-2 dB"", ""-1 dB"", ""0 dB"", ""+1 dB"", ""+2 dB"", ""+3 dB"", ""+4 dB"", ""+5 dB"", ""+6 dB"", ""+7 dB"", ""+8 dB"", ""+9 dB"", ""+10 dB"", ""+11 dB"", ""+12 dB"", ""+13 dB"", ""+14 dB"", ""+15 dB""]",,,"[""enum labels ui-derived from stringTable gain-15-1Table""]","{""file"": ""original-roland-files/Script/A8EE/Script.xml"", ""line"": 5856}"
fm.pat.mfx.delay-bal,1F 00 02 45,int4x4,4,"[32768, 32868]",32818,PatchCommonMFX,mfx:DELAY,script,,"[""D100:0W"", ""D99:01W"", ""D98:02W"", ""D97:03W"", ""D96:04W"", ""D95:05W"", ""D94:06W"", ""D93:07W"", ""D92:08W"", ""D91:09W"", ""D90:10W"", ""D89:11W"", ""D88:12W"", ""D87:13W"", ""D86:14W"", ""D85:15W"", ""D84:16W"", ""D83:17W"", ""D82:18W"", ""D81:19W"", ""D80:20W"", ""D79:21W"", ""D78:22W"", ""D77:23W"", ""D76:24W"", ""D75:25W"", ""D74:26W"", ""D73:27W"", ""D72:28W"", ""D71:29W"", ""D70:30W"", ""D69:31W"", ""D68:32W"", ""D67:33W"", ""D66:34W"", ""D65:35W"", ""D64:36W"", ""D63:37W"", ""D62:38W"", ""D61:39W"", ""D60:40W"", ""D59:41W"", ""D58:42W"", ""D57:43W"", ""D56:44W"", ""D55:45W"", ""D54:46W"", ""D53:47W"", ""D52:48W"", ""D51:49W"", ""D50:50W"", ""D49:51W"", ""D48:52W"", ""D47:53W"", ""D46:54W"", ""D45:55W"", ""D44:56W"", ""D43:57W"", ""D42:58W"", ""D41:59W"", ""D40:60W"", ""D39:61W"", ""D38:62W"", ""D37:63W"", ""D36:64W"", ""D35:65W"", ""D34:66W"", ""D33:67W"", ""D32:68W"", ""D31:69W"", ""D30:70W"", ""D29:71W"", ""D28:72W"", ""D27:73W"", ""D26:74W"", ""D25:75W"", ""D24:76W"", ""D23:77W"", ""D22:78W"", ""D21:79W"", ""D20:80W"", ""D19:81W"", ""D18:82W"", ""D17:83W"", ""D16:84W"", ""D15:85W"", ""D14:86W"", ""D13:87W"", ""D12:88W"", ""D11:89W"", ""D10:90W"", ""D09:91W"", ""D08:92W"", ""D07:93W"", ""D06:94W"", ""D05:95W"", ""D04:96W"", ""D03:97W"", ""D02:98W"", ""D01:99W"", ""D0:100W""]",,,"[""enum labels ui-derived from stringTable balanceTable""]","{""file"": ""original-roland-files/Script/A8EE/Script.xml"", ""line"": 5864}"
fm.pat.mfx.delay-level,1F 00 02 49,int4x4,4,"[32768, 32895]",32895,PatchCommonMFX,mfx:DELAY,script,-32768,,,,[],"{""file"": ""original-roland-files/Script/A8EE/Script.xml"", ""line"": 5872}"
fm.pat.mfx.longDelay-dlySync,1F 00 02 11,int4x4,4,"[32768, 32769]",32768,PatchCommonMFX,mfx:LONG DELAY,script,,,,,[],"{""file"": ""original-roland-files/Script/A8EE/Script.xml"", ""line"": 5880}"
fm.pat.mfx.longDelay-dlyMsec,1F 00 02 15,int4x4,4,"[32768, 35368]",33968,PatchCommonMFX,mfx:LONG DELAY,script,-32768,,,,[],"{""file"": ""original-roland-files/Script/A8EE/Script.xml"", ""line"": 5888}"
fm.pat.mfx.longDelay-dlyNote,1F 00 02 19,int4x4,4,"[32768, 32789]",32783,PatchCommonMFX,mfx:LONG DELAY,script,,,,,[],"{""file"": ""original-roland-files/Script/A8EE/Script.xml"", ""line"": 5896}"
fm.pat.mfx.longDelay-phs,1F 00 02 1D,int4x4,4,"[32768, 32769]",32768,PatchCommonMFX,mfx:LONG DELAY,script,,,,,[],"{""file"": ""original-roland-files/Script/A8EE/Script.xml"", ""line"": 5904}"
fm.pat.mfx.longDelay-fbk,1F 00 02 21,int4x4,4,"[32768, 32866]",32827,PatchCommonMFX,mfx:LONG DELAY,script,-32768,"[""-98%"", ""-96%"", ""-94%"", ""-92%"", ""-90%"", ""-88%"", ""-86%"", ""-84%"", ""-82%"", ""-80%"", ""-78%"", ""-76%"", ""-74%"", ""-72%"", ""-70%"", ""-68%"", ""-66%"", ""-64%"", ""-62%"", ""-60%"", ""-58%"", ""-56%"", ""-54%"", ""-52%"", ""-50%"", ""-48%"", ""-46%"", ""-44%"", ""-42%"", ""-40%"", ""-38%"", ""-36%"", ""-34%"", ""-32%"", ""-30%"", ""-28%"", ""-26%"", ""-24%"", ""-22%"", ""-20%"", ""-18%"", ""-16%"", ""-14%"", ""-12%"", ""-10%"", ""-8%"", ""-6%"", ""-4%"", ""-2%"", ""0%"", ""+2%"", ""+4%"", ""+6%"", ""+8%"", ""+10%"", ""+12%"", ""+14%"", ""+16%"", ""+18%"", ""+20%"", ""+22%"", ""+24%"", ""+26%"", ""+28%"", ""+30%"", ""+32%"", ""+34%"", ""+36%"", ""+38%"", ""+40%"", ""+42%"", ""+44%"", ""+46%"", ""+48%"", ""+50%"", ""+52%"", ""+54%"", ""+56%"", ""+58%"", ""+60%"", ""+62%"", ""+64%"", ""+66%"", ""+68%"", ""+70%"", ""+72%"", ""+74%"", ""+76%"", ""+78%"", ""+80%"", ""+82%"", ""+84%"", ""+86%"", ""+88%"", ""+90%"", ""+92%"", ""+94%"", ""+96%"", ""+98%""]",,,"[""enum labels ui-derived from stringTable fbkTable""]","{""file"": ""original-roland-files/Script/A8EE/Script.xml"", ""line"": 5912}"
fm.pat.mfx.longDelay-hfDamp,1F 00 02 25,int4x4,4,"[32768, 32785]",32785,PatchCommonMFX,mfx:LONG DELAY,script,-32768,"[""200 Hz"", ""250 Hz"", ""315 Hz"", ""400 Hz"", ""500 Hz"", ""630 Hz"", ""800 Hz"", ""1000 Hz"", ""1250 Hz"", ""1600 Hz"", ""2000 Hz"", ""2500 Hz"", ""3150 Hz"", ""4000 Hz"", ""5000 Hz"", ""6300 Hz"", ""8000 Hz"", ""BYPASS""]",,,"[""enum labels ui-derived from stringTable freq200-BypassTable""]","{""file"": ""original-roland-files/Script/A8EE/Script.xml"", ""line"": 5920}"
fm.pat.mfx.longDelay-pan,1F 00 02 29,int4x4,4,"[32768, 32895]",32832,PatchCommonMFX,mfx:LONG DELAY,script,,,,,[],"{""file"": ""original-roland-files/Script/A8EE/Script.xml"", ""line"": 5928}"
fm.pat.mfx.longDelay-eqLo,1F 00 02 2D,int4x4,4,"[32768, 32798]",32783,PatchCommonMFX,mfx:LONG DELAY,script,-32768,"[""-15 dB"", ""-14 dB"", ""-13 dB"", ""-12 dB"", ""-11 dB"", ""-10 dB"", ""-9 dB"", ""-8 dB"", ""-7 dB"", ""-6 dB"", ""-5 dB"", ""-4 dB"", ""-3 dB"", ""-2 dB"", ""-1 dB"", ""0 dB"", ""+1 dB"", ""+2 dB"", ""+3 dB"", ""+4 dB"", ""+5 dB"", ""+6 dB"", ""+7 dB"", ""+8 dB"", ""+9 dB"", ""+10 dB"", ""+11 dB"", ""+12 dB"", ""+13 dB"", ""+14 dB"", ""+15 dB""]",,,"[""enum labels ui-derived from stringTable gain-15-1Table""]","{""file"": ""original-roland-files/Script/A8EE/Script.xml"", ""line"": 5936}"
fm.pat.mfx.longDelay-eqHi,1F 00 02 31,int4x4,4,"[32768, 32798]",32783,PatchCommonMFX,mfx:LONG DELAY,script,-32768,"[""-15 dB"", ""-14 dB"", ""-13 dB"", ""-12 dB"", ""-11 dB"", ""-10 dB"", ""-9 dB"", ""-8 dB"", ""-7 dB"", ""-6 dB"", ""-5 dB"", ""-4 dB"", ""-3 dB"", ""-2 dB"", ""-1 dB"", ""0 dB"", ""+1 dB"", ""+2 dB"", ""+3 dB"", ""+4 dB"", ""+5 dB"", ""+6 dB"", ""+7 dB"", ""+8 dB"", ""+9 dB"", ""+10 dB"", ""+11 dB"", ""+12 dB"", ""+13 dB"", ""+14 dB"", ""+15 dB""]",,,"[""enum labels ui-derived from stringTable gain-15-1Table""]","{""file"": ""original-roland-files/Script/A8EE/Script.xml"", ""line"": 5944}"
fm.pat.mfx.longDelay-bal,1F 00 02 35,int4x4,4,"[32768, 32868]",32818,PatchCommonMFX,mfx:LONG DELAY,script,,"[""D100:0W"", ""D99:01W"", ""D98:02W"", ""D97:03W"", ""D96:04W"", ""D95:05W"", ""D94:06W"", ""D93:07W"", ""D92:08W"", ""D91:09W"", ""D90:10W"", ""D89:11W"", ""D88:12W"", ""D87:13W"", ""D86:14W"", ""D85:15W"", ""D84:16W"", ""D83:17W"", ""D82:18W"", ""D81:19W"", ""D80:20W"", ""D79:21W"", ""D78:22W"", ""D77:23W"", ""D76:24W"", ""D75:25W"", ""D74:26W"", ""D73:27W"", ""D72:28W"", ""D71:29W"", ""D70:30W"", ""D69:31W"", ""D68:32W"", ""D67:33W"", ""D66:34W"", ""D65:35W"", ""D64:36W"", ""D63:37W"", ""D62:38W"", ""D61:39W"", ""D60:40W"", ""D59:41W"", ""D58:42W"", ""D57:43W"", ""D56:44W"", ""D55:45W"", ""D54:46W"", ""D53:47W"", ""D52:48W"", ""D51:49W"", ""D50:50W"", ""D49:51W"", ""D48:52W"", ""D47:53W"", ""D46:54W"", ""D45:55W"", ""D44:56W"", ""D43:57W"", ""D42:58W"", ""D41:59W"", ""D40:60W"", ""D39:61W"", ""D38:62W"", ""D37:63W"", ""D36:64W"", ""D35:65W"", ""D34:66W"", ""D33:67W"", ""D32:68W"", ""D31:69W"", ""D30:70W"", ""D29:71W"", ""D28:72W"", ""D27:73W"", ""D26:74W"", ""D25:75W"", ""D24:76W"", ""D23:77W"", ""D22:78W"", ""D21:79W"", ""D20:80W"", ""D19:81W"", ""D18:82W"", ""D17:83W"", ""D16:84W"", ""D15:85W"", ""D14:86W"", ""D13:87W"", ""D12:88W"", ""D11:89W"", ""D10:90W"", ""D09:91W"", ""D08:92W"", ""D07:93W"", ""D06:94W"", ""D05:95W"", ""D04:96W"", ""D03:97W"", ""D02:98W"", ""D01:99W"", ""D0:100W""]",,,"[""enum labels ui-derived from stringTable balanceTable""]","{""file"": ""original-roland-files/Script/A8EE/Script.xml"", ""line"": 5952}"
fm.pat.mfx.longDelay-level,1F 00 02 39,int4x4,4,"[32768, 32895]",32895,PatchCommonMFX,mfx:LONG DELAY,script,-32768,,,,[],"{""file"": ""original-roland-files/Script/A8EE/Script.xml"", ""line"": 5960}"
fm.pat.mfx.serialDelay-dly1Sync,1F 00 02 11,int4x4,4,"[32768, 32769]",32768,PatchCommonMFX,mfx:SERIAL DELAY,script,,,,,[],"{""file"": ""original-roland-files/Script/A8EE/Script.xml"", ""line"": 5968}"
fm.pat.mfx.serialDelay-dly1Msec,1F 00 02 15,int4x4,4,"[32768, 34068]",32918,PatchCommonMFX,mfx:SERIAL DELAY,script,-32768,,,,[],"{""file"": ""original-roland-files/Script/A8EE/Script.xml"", ""line"": 5976}"
fm.pat.mfx.serialDelay-dly1Note,1F 00 02 19,int4x4,4,"[32768, 32789]",32774,PatchCommonMFX,mfx:SERIAL DELAY,script,,,,,[],"{""file"": ""original-roland-files/Script/A8EE/Script.xml"", ""line"": 5984}"
fm.pat.mfx.serialDelay-dly1Fbk,1F 00 02 1D,int4x4,4,"[32768, 32866]",32837,PatchCommonMFX,mfx:SERIAL DELAY,script,-32768,"[""-98%"", ""-96%"", ""-94%"", ""-92%"", ""-90%"", ""-88%"", ""-86%"", ""-84%"", ""-82%"", ""-80%"", ""-78%"", ""-76%"", ""-74%"", ""-72%"", ""-70%"", ""-68%"", ""-66%"", ""-64%"", ""-62%"", ""-60%"", ""-58%"", ""-56%"", ""-54%"", ""-52%"", ""-50%"", ""-48%"", ""-46%"", ""-44%"", ""-42%"", ""-40%"", ""-38%"", ""-36%"", ""-34%"", ""-32%"", ""-30%"", ""-28%"", ""-26%"", ""-24%"", ""-22%"", ""-20%"", ""-18%"", ""-16%"", ""-14%"", ""-12%"", ""-10%"", ""-8%"", ""-6%"", ""-4%"", ""-2%"", ""0%"", ""+2%"", ""+4%"", ""+6%"", ""+8%"", ""+10%"", ""+12%"", ""+14%"", ""+16%"", ""+18%"", ""+20%"", ""+22%"", ""+24%"", ""+26%"", ""+28%"", ""+30%"", ""+32%"", ""+34%"", ""+36%"", ""+38%"", ""+40%"", ""+42%"", ""+44%"", ""+46%"", ""+48%"", ""+50%"", ""+52%"", ""+54%"", ""+56%"", ""+58%"", ""+60%"", ""+62%"", ""+64%"", ""+66%"", ""+68%"", ""+70%"", ""+72%"", ""+74%"", ""+76%"", ""+78%"", ""+80%"", ""+82%"", ""+84%"", ""+86%"", ""+88%"", ""+90%"", ""+92%"", ""+94%"", ""+96%"", ""+98%""]",,,"[""enum labels ui-derived from stringTable fbkTable""]","{""file"": ""original-roland-files/Script/A8EE/Script.xml"", ""line"": 5992}"
fm.pat.mfx.serialDelay-dly1HfDamp,1F 00 02 21,int4x4,4,"[32768, 32785]",32785,PatchCommonMFX,mfx:SERIAL DELAY,script,-32768,"[""200 Hz"", ""250 Hz"", ""315 Hz"", ""400 Hz"", ""500 Hz"", ""630 Hz"", ""800 Hz"", ""1000 Hz"", ""1250 Hz"", ""1600 Hz"", ""2000 Hz"", ""2500 Hz"", ""3150 Hz"", ""4000 Hz"", ""5000 Hz"", ""6300 Hz"", ""8000 Hz"", ""BYPASS""]",,,"[""enum labels ui-derived from stringTable freq200-BypassTable""]","{""file"": ""original-roland-files/Script/A8EE/Script.xml"", ""line"": 6000}"
fm.pat.mfx.serialDelay-dly2Sync,1F 00 02 25,int4x4,4,"[32768, 32769]",32768,PatchCommonMFX,mfx:SERIAL DELAY,script,,,,,[],"{""file"": ""original-roland-files/Script/A8EE/Script.xml"", ""line"": 6008}"
fm.pat.mfx.serialDelay-dly2Msec,1F 00 02 29,int4x4,4,"[32768, 34068]",33368,PatchCommonMFX,mfx:SERIAL DELAY,script,-32768,,,,[],"{""file"": ""original-roland-files/Script/A8EE/Script.xml"", ""line"": 6016}"
fm.pat.mfx.serialDelay-dly2Note,1F 00 02 2D,int4x4,4,"[32768, 32789]",32780,PatchCommonMFX,mfx:SERIAL DELAY,script,,,,,[],"{""file"": ""original-roland-files/Script/A8EE/Script.xml"", ""line"": 6024}"
fm.pat.mfx.serialDelay-dly2Fbk,1F 00 02 31,int4x4,4,"[32768, 32866]",32837,PatchCommonMFX,mfx:SERIAL DELAY,script,-32768,"[""-98%"", ""-96%"", ""-94%"", ""-92%"", ""-90%"", ""-88%"", ""-86%"", ""-84%"", ""-82%"", ""-80%"", ""-78%"", ""-76%"", ""-74%"", ""-72%"", ""-70%"", ""-68%"", ""-66%"", ""-64%"", ""-62%"", ""-60%"", ""-58%"", ""-56%"", ""-54%"", ""-52%"", ""-50%"", ""-48%"", ""-46%"", ""-44%"", ""-42%"", ""-40%"", ""-38%"", ""-36%"", ""-34%"", ""-32%"", ""-30%"", ""-28%"", ""-26%"", ""-24%"", ""-22%"", ""-20%"", ""-18%"", ""-16%"", ""-14%"", ""-12%"", ""-10%"", ""-8%"", ""-6%"", ""-4%"", ""-2%"", ""0%"", ""+2%"", ""+4%"", ""+6%"", ""+8%"", ""+10%"", ""+12%"", ""+14%"", ""+16%"", ""+18%"", ""+20%"", ""+22%"", ""+24%"", ""+26%"", ""+28%"", ""+30%"", ""+32%"", ""+34%"", ""+36%"", ""+38%"", ""+40%"", ""+42%"", ""+44%"", ""+46%"", ""+48%"", ""+50%"", ""+52%"", ""+54%"", ""+56%"", ""+58%"", ""+60%"", ""+62%"", ""+64%"", ""+66%"", ""+68%"", ""+70%"", ""+72%"", ""+74%"", ""+76%"", ""+78%"", ""+80%"", ""+82%"", ""+84%"", ""+86%"", ""+88%"", ""+90%"", ""+92%"", ""+94%"", ""+96%"", ""+98%""]",,,"[""enum labels ui-derived from stringTable fbkTable""]","{""file"": ""original-roland-files/Script/A8EE/Script.xml"", ""line"": 6032}"
fm.pat.mfx.serialDelay-dly2HfDamp,1F 00 02 35,int4x4,4,"[32768, 32785]",32785,PatchCommonMFX,mfx:SERIAL DELAY,script,-32768,"[""200 Hz"", ""250 Hz"", ""315 Hz"", ""400 Hz"", ""500 Hz"", ""630 Hz"", ""800 Hz"", ""1000 Hz"", ""1250 Hz"", ""1600 Hz"", ""2000 Hz"", ""2500 Hz"", ""3150 Hz"", ""4000 Hz"", ""5000 Hz"", ""6300 Hz"", ""8000 Hz"", ""BYPASS""]",,,"[""enum labels ui-derived from stringTable freq200-BypassTable""]","{""file"": ""original-roland-files/Script/A8EE/Script.xml"", ""line"": 6040}"
fm.pat.mfx.serialDelay-pan,1F 00 02 39,int4x4,4,"[32768, 32895]",32832,PatchCommonMFX,mfx:SERIAL DELAY,script,,,,,[],"{""file"": ""original-roland-files/Script/A8EE/Script.xml"", ""line"": 6048}"
fm.pat.mfx.serialDelay-eqLo,1F 00 02 3D,int4x4,4,"[32768, 32798]",32783,PatchCommonMFX,mfx:SERIAL DELAY,script,-32768,"[""-15 dB"", ""-14 dB"", ""-13 dB"", ""-12 dB"", ""-11 dB"", ""-10 dB"", ""-9 dB"", ""-8 dB"", ""-7 dB"", ""-6 dB"", ""-5 dB"", ""-4 dB"", ""-3 dB"", ""-2 dB"", ""-1 dB"", ""0 dB"", ""+1 dB"", ""+2 dB"", ""+3 dB"", ""+4 dB"", ""+5 dB"", ""+6 dB"", ""+7 dB"", ""+8 dB"", ""+9 dB"", ""+10 dB"", ""+11 dB"", ""+12 dB"", ""+13 dB"", ""+14 dB"", ""+15 dB""]",,,"[""enum labels ui-derived from stringTable gain-15-1Table""]","{""file"": ""original-roland-files/Script/A8EE/Script.xml"", ""line"": 6056}"
fm.pat.mfx.serialDelay-eqHi,1F 00 02 41,int4x4,4,"[32768, 32798]",32783,PatchCommonMFX,mfx:SERIAL DELAY,script,-32768,"[""-15 dB"", ""-14 dB"", ""-13 dB"", ""-12 dB"", ""-11 dB"", ""-10 dB"", ""-9 dB"", ""-8 dB"", ""-7 dB"", ""-6 dB"", ""-5 dB"", ""-4 dB"", ""-3 dB"", ""-2 dB"", ""-1 dB"", ""0 dB"", ""+1 dB"", ""+2 dB"", ""+3 dB"", ""+4 dB"", ""+5 dB"", ""+6 dB"", ""+7 dB"", ""+8 dB"", ""+9 dB"", ""+10 dB"", ""+11 dB"", ""+12 dB"", ""+13 dB"", ""+14 dB"", ""+15 dB""]",,,"[""enum labels ui-derived from stringTable gain-15-1Table""]","{""file"": ""original-roland-files/Script/A8EE/Script.xml"", ""line"": 6064}"
fm.pat.mfx.serialDelay-bal,1F 00 02 45,int4x4,4,"[32768, 32868]",32818,PatchCommonMFX,mfx:SERIAL DELAY,script,,"[""D100:0W"", ""D99:01W"", ""D98:02W"", ""D97:03W"", ""D96:04W"", ""D95:05W"", ""D94:06W"", ""D93:07W"", ""D92:08W"", ""D91:09W"", ""D90:10W"", ""D89:11W"", ""D88:12W"", ""D87:13W"", ""D86:14W"", ""D85:15W"", ""D84:16W"", ""D83:17W"", ""D82:18W"", ""D81:19W"", ""D80:20W"", ""D79:21W"", ""D78:22W"", ""D77:23W"", ""D76:24W"", ""D75:25W"", ""D74:26W"", ""D73:27W"", ""D72:28W"", ""D71:29W"", ""D70:30W"", ""D69:31W"", ""D68:32W"", ""D67:33W"", ""D66:34W"", ""D65:35W"", ""D64:36W"", ""D63:37W"", ""D62:38W"", ""D61:39W"", ""D60:40W"", ""D59:41W"", ""D58:42W"", ""D57:43W"", ""D56:44W"", ""D55:45W"", ""D54:46W"", ""D53:47W"", ""D52:48W"", ""D51:49W"", ""D50:50W"", ""D49:51W"", ""D48:52W"", ""D47:53W"", ""D46:54W"", ""D45:55W"", ""D44:56W"", ""D43:57W"", ""D42:58W"", ""D41:59W"", ""D40:60W"", ""D39:61W"", ""D38:62W"", ""D37:63W"", ""D36:64W"", ""D35:65W"", ""D34:66W"", ""D33:67W"", ""D32:68W"", ""D31:69W"", ""D30:70W"", ""D29:71W"", ""D28:72W"", ""D27:73W"", ""D26:74W"", ""D25:75W"", ""D24:76W"", ""D23:77W"", ""D22:78W"", ""D21:79W"", ""D20:80W"", ""D19:81W"", ""D18:82W"", ""D17:83W"", ""D16:84W"", ""D15:85W"", ""D14:86W"", ""D13:87W"", ""D12:88W"", ""D11:89W"", ""D10:90W"", ""D09:91W"", ""D08:92W"", ""D07:93W"", ""D06:94W"", ""D05:95W"", ""D04:96W"", ""D03:97W"", ""D02:98W"", ""D01:99W"", ""D0:100W""]",,,"[""enum labels ui-derived from stringTable balanceTable""]","{""file"": ""original-roland-files/Script/A8EE/Script.xml"", ""line"": 6072}"
fm.pat.mfx.serialDelay-level,1F 00 02 49,int4x4,4,"[32768, 32895]",32895,PatchCommonMFX,mfx:SERIAL DELAY,script,-32768,,,,[],"{""file"": ""original-roland-files/Script/A8EE/Script.xml"", ""line"": 6080}"
fm.pat.mfx.modulationDelay-dlyLSync,1F 00 02 11,int4x4,4,"[32768, 32769]",32768,PatchCommonMFX,mfx:MODULATION DELAY,script,,,,,[],"{""file"": ""original-roland-files/Script/A8EE/Script.xml"", ""line"": 6088}"
fm.pat.mfx.modulationDelay-dlyLMsec,1F 00 02 15,int4x4,4,"[32768, 34068]",33368,PatchCommonMFX,mfx:MODULATION DELAY,script,-32768,,,,[],"{""file"": ""original-roland-files/Script/A8EE/Script.xml"", ""line"": 6096}"
fm.pat.mfx.modulationDelay-dlyLNote,1F 00 02 19,int4x4,4,"[32768, 32789]",32780,PatchCommonMFX,mfx:MODULATION DELAY,script,,,,,[],"{""file"": ""original-roland-files/Script/A8EE/Script.xml"", ""line"": 6104}"
fm.pat.mfx.modulationDelay-dlyRSync,1F 00 02 1D,int4x4,4,"[32768, 32769]",32768,PatchCommonMFX,mfx:MODULATION DELAY,script,,,,,[],"{""file"": ""original-roland-files/Script/A8EE/Script.xml"", ""line"": 6112}"
fm.pat.mfx.modulationDelay-dlyRMsec,1F 00 02 21,int4x4,4,"[32768, 34068]",33368,PatchCommonMFX,mfx:MODULATION DELAY,script,-32768,,,,[],"{""file"": ""original-roland-files/Script/A8EE/Script.xml"", ""line"": 6120}"
fm.pat.mfx.modulationDelay-dlyRNote,1F 00 02 25,int4x4,4,"[32768, 32789]",32780,PatchCommonMFX,mfx:MODULATION DELAY,script,,,,,[],"{""file"": ""original-roland-files/Script/A8EE/Script.xml"", ""line"": 6128}"
fm.pat.mfx.modulationDelay-fbkMode,1F 00 02 29,int4x4,4,"[32768, 32769]",32768,PatchCommonMFX,mfx:MODULATION DELAY,script,,,,,[],"{""file"": ""original-roland-files/Script/A8EE/Script.xml"", ""line"": 6136}"
fm.pat.mfx.modulationDelay-fbk,1F 00 02 2D,int4x4,4,"[32768, 32866]",32827,PatchCommonMFX,mfx:MODULATION DELAY,script,-32768,"[""-98%"", ""-96%"", ""-94%"", ""-92%"", ""-90%"", ""-88%"", ""-86%"", ""-84%"", ""-82%"", ""-80%"", ""-78%"", ""-76%"", ""-74%"", ""-72%"", ""-70%"", ""-68%"", ""-66%"", ""-64%"", ""-62%"", ""-60%"", ""-58%"", ""-56%"", ""-54%"", ""-52%"", ""-50%"", ""-48%"", ""-46%"", ""-44%"", ""-42%"", ""-40%"", ""-38%"", ""-36%"", ""-34%"", ""-32%"", ""-30%"", ""-28%"", ""-26%"", ""-24%"", ""-22%"", ""-20%"", ""-18%"", ""-16%"", ""-14%"", ""-12%"", ""-10%"", ""-8%"", ""-6%"", ""-4%"", ""-2%"", ""0%"", ""+2%"", ""+4%"", ""+6%"", ""+8%"", ""+10%"", ""+12%"", ""+14%"", ""+16%"", ""+18%"", ""+20%"", ""+22%"", ""+24%"", ""+26%"", ""+28%"", ""+30%"", ""+32%"", ""+34%"", ""+36%"", ""+38%"", ""+40%"", ""+42%"", ""+44%"", ""+46%"", ""+48%"", ""+50%"", ""+52%"", ""+54%"", ""+56%"", ""+58%"", ""+60%"", ""+62%"", ""+64%"", ""+66%"", ""+68%"", ""+70%"", ""+72%"", ""+74%"", ""+76%"", ""+78%"", ""+80%"", ""+82%"", ""+84%"", ""+86%"", ""+88%"", ""+90%"", ""+92%"", ""+94%"", ""+96%"", ""+98%""]",,,"[""enum labels ui-derived from stringTable fbkTable""]","{""file"": ""original-roland-files/Script/A8EE/Script.xml"", ""line"": 6144}"
fm.pat.mfx.modulationDelay-hfDamp,1F 00 02 31,int4x4,4,"[32768, 32785]",32785,PatchCommonMFX,mfx:MODULATION DELAY,script,-32768,"[""200 Hz"", ""250 Hz"", ""315 Hz"", ""400 Hz"", ""500 Hz"", ""630 Hz"", ""800 Hz"", ""1000 Hz"", ""1250 Hz"", ""1600 Hz"", ""2000 Hz"", ""2500 Hz"", ""3150 Hz"", ""4000 Hz"", ""5000 Hz"", ""6300 Hz"", ""8000 Hz"", ""BYPASS""]",,,"[""enum labels ui-derived from stringTable freq200-BypassTable""]","{""file"": ""original-roland-files/Script/A8EE/Script.xml"", ""line"": 6152}"
fm.pat.mfx.modulationDelay-rateSync,1F 00 02 35,int4x4,4,"[32768, 32769]",32768,PatchCommonMFX,mfx:MODULATION DELAY,script,,,,,[],"{""file"": ""original-roland-files/Script/A8EE/Script.xml"", ""line"": 6160}"
fm.pat.mfx.modulationDelay-rateHz,1F 00 02 39,int4x4,4,"[32769, 32968]",32778,PatchCommonMFX,mfx:MODULATION DELAY,script,-32768,"[""0.05"", ""0.10"", ""0.15"", ""0.20"", ""0.25"", ""0.30"", ""0.35"", ""0.40"", ""0.45"", ""0.50"", ""0.55"", ""0.60"", ""0.65"", ""0.70"", ""0.75"", ""0.80"", ""0.85"", ""0.90"", ""0.95"", ""1.00"", ""1.05"", ""1.10"", ""1.15"", ""1.20"", ""1.25"", ""1.30"", ""1.35"", ""1.40"", ""1.45"", ""1.50"", ""1.55"", ""1.60"", ""1.65"", ""1.70"", ""1.75"", ""1.80"", ""1.85"", ""1.90"", ""1.95"", ""2.00"", ""2.05"", ""2.10"", ""2.15"", ""2.20"", ""2.25"", ""2.30"", ""2.35"", ""2.40"", ""2.45"", ""2.50"", ""2.55"", ""2.60"", ""2.65"", ""2.70"", ""2.75"", ""2.80"", ""2.85"", ""2.90"", ""2.95"", ""3.00"", ""3.05"", ""3.10"", ""3.15"", ""3.20"", ""3.25"", ""3.30"", ""3.35"", ""3.40"", ""3.45"", ""3.50"", ""3.55"", ""3.60"", ""3.65"", ""3.70"", ""3.75"", ""3.80"", ""3.85"", ""3.90"", ""3.95"", ""4.00"", ""4.05"", ""4.10"", ""4.15"", ""4.20"", ""4.25"", ""4.30"", ""4.35"", ""4.40"", ""4.45"", ""4.50"", ""4.55"", ""4.60"", ""4.65"", ""4.70"", ""4.75"", ""4.80"", ""4.85"", ""4.90"", ""4.95"", ""5.00"", ""5.05"", ""5.10"", ""5.15"", ""5.20"", ""5.25"", ""5.30"", ""5.35"", ""5.40"", ""5.45"", ""5.50"", ""5.55"", ""5.60"", ""5.65"", ""5.70"", ""5.75"", ""5.80"", ""5.85"", ""5.90"", ""5.95"", ""6.00"", ""6.05"", ""6.10"", ""6.15"", ""6.20"", ""6.25"", ""6.30"", ""6.35"", ""6.40"", ""6.45"", ""6.50"", ""6.55"", ""6.60"", ""6.65"", ""6.70"", ""6.75"", ""6.80"", ""6.85"", ""6.90"", ""6.95"", ""7.00"", ""7.05"", ""7.10"", ""7.15"", ""7.20"", ""7.25"", ""7.30"", ""7.35"", ""7.40"", ""7.45"", ""7.50"", ""7.55"", ""7.60"", ""7.65"", ""7.70"", ""7.75"", ""7.80"", ""7.85"", ""7.90"", ""7.95"", ""8.00"", ""8.05"", ""8.10"", ""8.15"", ""8.20"", ""8.25"", ""8.30"", ""8.35"", ""8.40"", ""8.45"", ""8.50"", ""8.55"", ""8.60"", ""8.65"", ""8.70"", ""8.75"", ""8.80"", ""8.85"", ""8.90"", ""8.95"", ""9.00"", ""9.05"", ""9.10"", ""9.15"", ""9.20"", ""9.25"", ""9.30"", ""9.35"", ""9.40"", ""9.45"", ""9.50"", ""9.55"", ""9.60"", ""9.65"", ""9.70"", ""9.75"", ""9.80"", ""9.85"", ""9.90"", ""9.95"", ""10.00""]",,,"[""enum labels ui-derived from stringTable rateHz-10.00Table""]","{""file"": ""original-roland-files/Script/A8EE/Script.xml"", ""line"": 6168}"
fm.pat.mfx.modulationDelay-rateNote,1F 00 02 3D,int4x4,4,"[32768, 32789]",32786,PatchCommonMFX,mfx:MODULATION DELAY,script,,,,,[],"{""file"": ""original-roland-files/Script/A8EE/Script.xml"", ""line"": 6176}"
fm.pat.mfx.modulationDelay-depth,1F 00 02 41,int4x4,4,"[32768, 32895]",32788,PatchCommonMFX,mfx:MODULATION DELAY,script,-32768,,,,[],"{""file"": ""original-roland-files/Script/A8EE/Script.xml"", ""line"": 6184}"
fm.pat.mfx.modulationDelay-phs,1F 00 02 45,int4x4,4,"[32768, 32858]",32858,PatchCommonMFX,mfx:MODULATION DELAY,script,-32768,,,,[],"{""file"": ""original-roland-files/Script/A8EE/Script.xml"", ""line"": 6192}"
fm.pat.mfx.modulationDelay-eqLo,1F 00 02 49,int4x4,4,"[32768, 32798]",32783,PatchCommonMFX,mfx:MODULATION DELAY,script,-32768,"[""-15 dB"", ""-14 dB"", ""-13 dB"", ""-12 dB"", ""-11 dB"", ""-10 dB"", ""-9 dB"", ""-8 dB"", ""-7 dB"", ""-6 dB"", ""-5 dB"", ""-4 dB"", ""-3 dB"", ""-2 dB"", ""-1 dB"", ""0 dB"", ""+1 dB"", ""+2 dB"", ""+3 dB"", ""+4 dB"", ""+5 dB"", ""+6 dB"", ""+7 dB"", ""+8 dB"", ""+9 dB"", ""+10 dB"", ""+11 dB"", ""+12 dB"", ""+13 dB"", ""+14 dB"", ""+15 dB""]",,,"[""enum labels ui-derived from stringTable gain-15-1Table""]","{""file"": ""original-roland-files/Script/A8EE/Script.xml"", ""line"": 6200}"
fm.pat.mfx.modulationDelay-eqHi,1F 00 02 4D,int4x4,4,"[32768, 32798]",32783,PatchCommonMFX,mfx:MODULATION DELAY,script,-32768,"[""-15 dB"", ""-14 dB"", ""-13 dB"", ""-12 dB"", ""-11 dB"", ""-10 dB"", ""-9 dB"", ""-8 dB"", ""-7 dB"", ""-6 dB"", ""-5 dB"", ""-4 dB"", ""-3 dB"", ""-2 dB"", ""-1 dB"", ""0 dB"", ""+1 dB"", ""+2 dB"", ""+3 dB"", ""+4 dB"", ""+5 dB"", ""+6 dB"", ""+7 dB"", ""+8 dB"", ""+9 dB"", ""+10 dB"", ""+11 dB"", ""+12 dB"", ""+13 dB"", ""+14 dB"", ""+15 dB""]",,,"[""enum labels ui-derived from stringTable gain-15-1Table""]","{""file"": ""original-roland-files/Script/A8EE/Script.xml"", ""line"": 6208}"
fm.pat.mfx.modulationDelay-bal,1F 00 02 51,int4x4,4,"[32768, 32868]",32818,PatchCommonMFX,mfx:MODULATION DELAY,script,,"[""D100:0W"", ""D99:01W"", ""D98:02W"", ""D97:03W"", ""D96:04W"", ""D95:05W"", ""D94:06W"", ""D93:07W"", ""D92:08W"", ""D91:09W"", ""D90:10W"", ""D89:11W"", ""D88:12W"", ""D87:13W"", ""D86:14W"", ""D85:15W"", ""D84:16W"", ""D83:17W"", ""D82:18W"", ""D81:19W"", ""D80:20W"", ""D79:21W"", ""D78:22W"", ""D77:23W"", ""D76:24W"", ""D75:25W"", ""D74:26W"", ""D73:27W"", ""D72:28W"", ""D71:29W"", ""D70:30W"", ""D69:31W"", ""D68:32W"", ""D67:33W"", ""D66:34W"", ""D65:35W"", ""D64:36W"", ""D63:37W"", ""D62:38W"", ""D61:39W"", ""D60:40W"", ""D59:41W"", ""D58:42W"", ""D57:43W"", ""D56:44W"", ""D55:45W"", ""D54:46W"", ""D53:47W"", ""D52:48W"", ""D51:49W"", ""D50:50W"", ""D49:51W"", ""D48:52W"", ""D47:53W"", ""D46:54W"", ""D45:55W"", ""D44:56W"", ""D43:57W"", ""D42:58W"", ""D41:59W"", ""D40:60W"", ""D39:61W"", ""D38:62W"", ""D37:63W"", ""D36:64W"", ""D35:65W"", ""D34:66W"", ""D33:67W"", ""D32:68W"", ""D31:69W"", ""D30:70W"", ""D29:71W"", ""D28:72W"", ""D27:73W"", ""D26:74W"", ""D25:75W"", ""D24:76W"", ""D23:77W"", ""D22:78W"", ""D21:79W"", ""D20:80W"", ""D19:81W"", ""D18:82W"", ""D17:83W"", ""D16:84W"", ""D15:85W"", ""D14:86W"", ""D13:87W"", ""D12:88W"", ""D11:89W"", ""D10:90W"", ""D09:91W"", ""D08:92W"", ""D07:93W"", ""D06:94W"", ""D05:95W"", ""D04:96W"", ""D03:97W"", ""D02:98W"", ""D01:99W"", ""D0:100W""]",,,"[""enum labels ui-derived from stringTable balanceTable""]","{""file"": ""original-roland-files/Script/A8EE/Script.xml"", ""line"": 6216}"
fm.pat.mfx.modulationDelay-level,1F 00 02 55,int4x4,4,"[32768, 32895]",32895,PatchCommonMFX,mfx:MODULATION DELAY,script,-32768,,,,[],"{""file"": ""original-roland-files/Script/A8EE/Script.xml"", ""line"": 6224}"
fm.pat.mfx.3tapPanDelay-dlyLSync,1F 00 02 11,int4x4,4,"[32768, 32769]",32768,PatchCommonMFX,mfx:3TAP PAN DELAY,script,,,,,[],"{""file"": ""original-roland-files/Script/A8EE/Script.xml"", ""line"": 6232}"
fm.pat.mfx.3tapPanDelay-dlyLMsec,1F 00 02 15,int4x4,4,"[32768, 35368]",33168,PatchCommonMFX,mfx:3TAP PAN DELAY,script,-32768,,,,[],"{""file"": ""original-roland-files/Script/A8EE/Script.xml"", ""line"": 6240}"
fm.pat.mfx.3tapPanDelay-dlyLNote,1F 00 02 19,int4x4,4,"[32768, 32789]",32778,PatchCommonMFX,mfx:3TAP PAN DELAY,script,,,,,[],"{""file"": ""original-roland-files/Script/A8EE/Script.xml"", ""line"": 6248}"
fm.pat.mfx.3tapPanDelay-dlyRSync,1F 00 02 1D,int4x4,4,"[32768, 32769]",32768,PatchCommonMFX,mfx:3TAP PAN DELAY,script,,,,,[],"{""file"": ""original-roland-files/Script/A8EE/Script.xml"", ""line"": 6256}"
fm.pat.mfx.3tapPanDelay-dlyRMsec,1F 00 02 21,int4x4,4,"[32768, 35368]",33568,PatchCommonMFX,mfx:3TAP PAN DELAY,script,-32768,,,,[],"{""file"": ""original-roland-files/Script/A8EE/Script.xml"", ""line"": 6264}"
fm.pat.mfx.3tapPanDelay-dlyRNote,1F 00 02 25,int4x4,4,"[32768, 32789]",32781,PatchCommonMFX,mfx:3TAP PAN DELAY,script,,,,,[],"{""file"": ""original-roland-files/Script/A8EE/Script.xml"", ""line"": 6272}"
fm.pat.mfx.3tapPanDelay-dlyCSync,1F 00 02 29,int4x4,4,"[32768, 32769]",32768,PatchCommonMFX,mfx:3TAP PAN DELAY,script,,,,,[],"{""file"": ""original-roland-files/Script/A8EE/Script.xml"", ""line"": 6280}"
fm.pat.mfx.3tapPanDelay-dlyCMsec,1F 00 02 2D,int4x4,4,"[32768, 35368]",33968,PatchCommonMFX,mfx:3TAP PAN DELAY,script,-32768,,,,[],"{""file"": ""original-roland-files/Script/A8EE/Script.xml"", ""line"": 6288}"
fm.pat.mfx.3tapPanDelay-dlyCNote,1F 00 02 31,int4x4,4,"[32768, 32789]",32783,PatchCommonMFX,mfx:3TAP PAN DELAY,script,,,,,[],"{""file"": ""original-roland-files/Script/A8EE/Script.xml"", ""line"": 6296}"
fm.pat.mfx.3tapPanDelay-fbk,1F 00 02 35,int4x4,4,"[32768, 32866]",32827,PatchCommonMFX,mfx:3TAP PAN DELAY,script,-32768,"[""-98%"", ""-96%"", ""-94%"", ""-92%"", ""-90%"", ""-88%"", ""-86%"", ""-84%"", ""-82%"", ""-80%"", ""-78%"", ""-76%"", ""-74%"", ""-72%"", ""-70%"", ""-68%"", ""-66%"", ""-64%"", ""-62%"", ""-60%"", ""-58%"", ""-56%"", ""-54%"", ""-52%"", ""-50%"", ""-48%"", ""-46%"", ""-44%"", ""-42%"", ""-40%"", ""-38%"", ""-36%"", ""-34%"", ""-32%"", ""-30%"", ""-28%"", ""-26%"", ""-24%"", ""-22%"", ""-20%"", ""-18%"", ""-16%"", ""-14%"", ""-12%"", ""-10%"", ""-8%"", ""-6%"", ""-4%"", ""-2%"", ""0%"", ""+2%"", ""+4%"", ""+6%"", ""+8%"", ""+10%"", ""+12%"", ""+14%"", ""+16%"", ""+18%"", ""+20%"", ""+22%"", ""+24%"", ""+26%"", ""+28%"", ""+30%"", ""+32%"", ""+34%"", ""+36%"", ""+38%"", ""+40%"", ""+42%"", ""+44%"", ""+46%"", ""+48%"", ""+50%"", ""+52%"", ""+54%"", ""+56%"", ""+58%"", ""+60%"", ""+62%"", ""+64%"", ""+66%"", ""+68%"", ""+70%"", ""+72%"", ""+74%"", ""+76%"", ""+78%"", ""+80%"", ""+82%"", ""+84%"", ""+86%"", ""+88%"", ""+90%"", ""+92%"", ""+94%"", ""+96%"", ""+98%""]",,,"[""enum labels ui-derived from stringTable fbkTable""]","{""file"": ""original-roland-files/Script/A8EE/Script.xml"", ""line"": 6304}"
fm.pat.mfx.3tapPanDelay-hfDamp,1F 00 02 39,int4x4,4,"[32768, 32785]",32785,PatchCommonMFX,mfx:3TAP PAN DELAY,script,-32768,"[""200 Hz"", ""250 Hz"", ""315 Hz"", ""400 Hz"", ""500 Hz"", ""630 Hz"", ""800 Hz"", ""1000 Hz"", ""1250 Hz"", ""1600 Hz"", ""2000 Hz"", ""2500 Hz"", ""3150 Hz"", ""4000 Hz"", ""5000 Hz"", ""6300 Hz"", ""8000 Hz"", ""BYPASS""]",,,"[""enum labels ui-derived from stringTable freq200-BypassTable""]","{""file"": ""original-roland-files/Script/A8EE/Script.xml"", ""line"": 6312}"
fm.pat.mfx.3tapPanDelay-levelL,1F 00 02 3D,int4x4,4,"[32768, 32895]",32895,PatchCommonMFX,mfx:3TAP PAN DELAY,script,-32768,,,,[],"{""file"": ""original-roland-files/Script/A8EE/Script.xml"", ""line"": 6320}"
fm.pat.mfx.3tapPanDelay-levelR,1F 00 02 41,int4x4,4,"[32768, 32895]",32895,PatchCommonMFX,mfx:3TAP PAN DELAY,script,-32768,,,,[],"{""file"": ""original-roland-files/Script/A8EE/Script.xml"", ""line"": 6328}"
fm.pat.mfx.3tapPanDelay-levelC,1F 00 02 45,int4x4,4,"[32768, 32895]",32895,PatchCommonMFX,mfx:3TAP PAN DELAY,script,-32768,,,,[],"{""file"": ""original-roland-files/Script/A8EE/Script.xml"", ""line"": 6336}"
fm.pat.mfx.3tapPanDelay-eqLo,1F 00 02 49,int4x4,4,"[32768, 32798]",32783,PatchCommonMFX,mfx:3TAP PAN DELAY,script,-32768,"[""-15 dB"", ""-14 dB"", ""-13 dB"", ""-12 dB"", ""-11 dB"", ""-10 dB"", ""-9 dB"", ""-8 dB"", ""-7 dB"", ""-6 dB"", ""-5 dB"", ""-4 dB"", ""-3 dB"", ""-2 dB"", ""-1 dB"", ""0 dB"", ""+1 dB"", ""+2 dB"", ""+3 dB"", ""+4 dB"", ""+5 dB"", ""+6 dB"", ""+7 dB"", ""+8 dB"", ""+9 dB"", ""+10 dB"", ""+11 dB"", ""+12 dB"", ""+13 dB"", ""+14 dB"", ""+15 dB""]",,,"[""enum labels ui-derived from stringTable gain-15-1Table""]","{""file"": ""original-roland-files/Script/A8EE/Script.xml"", ""line"": 6344}"
fm.pat.mfx.3tapPanDelay-eqHi,1F 00 02 4D,int4x4,4,"[32768, 32798]",32783,PatchCommonMFX,mfx:3TAP PAN DELAY,script,-32768,"[""-15 dB"", ""-14 dB"", ""-13 dB"", ""-12 dB"", ""-11 dB"", ""-10 dB"", ""-9 dB"", ""-8 dB"", ""-7 dB"", ""-6 dB"", ""-5 dB"", ""-4 dB"", ""-3 dB"", ""-2 dB"", ""-1 dB"", ""0 dB"", ""+1 dB"", ""+2 dB"", ""+3 dB"", ""+4 dB"", ""+5 dB"", ""+6 dB"", ""+7 dB"", ""+8 dB"", ""+9 dB"", ""+10 dB"", ""+11 dB"", ""+12 dB"", ""+13 dB"", ""+14 dB"", ""+15 dB""]",,,"[""enum labels ui-derived from stringTable gain-15-1Table""]","{""file"": ""original-roland-files/Script/A8EE/Script.xml"", ""line"": 6352}"
fm.pat.mfx.3tapPanDelay-bal,1F 00 02 51,int4x4,4,"[32768, 32868]",32818,PatchCommonMFX,mfx:3TAP PAN DELAY,script,,"[""D100:0W"", ""D99:01W"", ""D98:02W"", ""D97:03W"", ""D96:04W"", ""D95:05W"", ""D94:06W"", ""D93:07W"", ""D92:08W"", ""D91:09W"", ""D90:10W"", ""D89:11W"", ""D88:12W"", ""D87:13W"", ""D86:14W"", ""D85:15W"", ""D84:16W"", ""D83:17W"", ""D82:18W"", ""D81:19W"", ""D80:20W"", ""D79:21W"", ""D78:22W"", ""D77:23W"", ""D76:24W"", ""D75:25W"", ""D74:26W"", ""D73:27W"", ""D72:28W"", ""D71:29W"", ""D70:30W"", ""D69:31W"", ""D68:32W"", ""D67:33W"", ""D66:34W"", ""D65:35W"", ""D64:36W"", ""D63:37W"", ""D62:38W"", ""D61:39W"", ""D60:40W"", ""D59:41W"", ""D58:42W"", ""D57:43W"", ""D56:44W"", ""D55:45W"", ""D54:46W"", ""D53:47W"", ""D52:48W"", ""D51:49W"", ""D50:50W"", ""D49:51W"", ""D48:52W"", ""D47:53W"", ""D46:54W"", ""D45:55W"", ""D44:56W"", ""D43:57W"", ""D42:58W"", ""D41:59W"", ""D40:60W"", ""D39:61W"", ""D38:62W"", ""D37:63W"", ""D36:64W"", ""D35:65W"", ""D34:66W"", ""D33:67W"", ""D32:68W"", ""D31:69W"", ""D30:70W"", ""D29:71W"", ""D28:72W"", ""D27:73W"", ""D26:74W"", ""D25:75W"", ""D24:76W"", ""D23:77W"", ""D22:78W"", ""D21:79W"", ""D20:80W"", ""D19:81W"", ""D18:82W"", ""D17:83W"", ""D16:84W"", ""D15:85W"", ""D14:86W"", ""D13:87W"", ""D12:88W"", ""D11:89W"", ""D10:90W"", ""D09:91W"", ""D08:92W"", ""D07:93W"", ""D06:94W"", ""D05:95W"", ""D04:96W"", ""D03:97W"", ""D02:98W"", ""D01:99W"", ""D0:100W""]",,,"[""enum labels ui-derived from stringTable balanceTable""]","{""file"": ""original-roland-files/Script/A8EE/Script.xml"", ""line"": 6360}"
fm.pat.mfx.3tapPanDelay-level,1F 00 02 55,int4x4,4,"[32768, 32895]",32895,PatchCommonMFX,mfx:3TAP PAN DELAY,script,-32768,,,,[],"{""file"": ""original-roland-files/Script/A8EE/Script.xml"", ""line"": 6368}"
fm.pat.mfx.4tapPanDelay-dly1Sync,1F 00 02 11,int4x4,4,"[32768, 32769]",32768,PatchCommonMFX,mfx:4TAP PAN DELAY,script,,,,,[],"{""file"": ""original-roland-files/Script/A8EE/Script.xml"", ""line"": 6376}"
fm.pat.mfx.4tapPanDelay-dly1Msec,1F 00 02 15,int4x4,4,"[32768, 35368]",33968,PatchCommonMFX,mfx:4TAP PAN DELAY,script,-32768,,,,[],"{""file"": ""original-roland-files/Script/A8EE/Script.xml"", ""line"": 6384}"
fm.pat.mfx.4tapPanDelay-dly1Note,1F 00 02 19,int4x4,4,"[32768, 32789]",32783,PatchCommonMFX,mfx:4TAP PAN DELAY,script,,,,,[],"{""file"": ""original-roland-files/Script/A8EE/Script.xml"", ""line"": 6392}"
fm.pat.mfx.4tapPanDelay-dly2Sync,1F 00 02 1D,int4x4,4,"[32768, 32769]",32768,PatchCommonMFX,mfx:4TAP PAN DELAY,script,,,,,[],"{""file"": ""original-roland-files/Script/A8EE/Script.xml"", ""line"": 6400}"
fm.pat.mfx.4tapPanDelay-dly2Msec,1F 00 02 21,int4x4,4,"[32768, 35368]",33668,PatchCommonMFX,mfx:4TAP PAN DELAY,script,-32768,,,,[],"{""file"": ""original-roland-files/Script/A8EE/Script.xml"", ""line"": 6408}"
fm.pat.mfx.4tapPanDelay-dly2Note,1F 00 02 25,int4x4,4,"[32768, 32789]",32782,PatchCommonMFX,mfx:4TAP PAN DELAY,script,,,,,[],"{""file"": ""original-roland-files/Script/A8EE/Script.xml"", ""line"": 6416}"
fm.pat.mfx.4tapPanDelay-dly3Sync,1F 00 02 29,int4x4,4,"[32768, 32769]",32768,PatchCommonMFX,mfx:4TAP PAN DELAY,script,,,,,[],"{""file"": ""original-roland-files/Script/A8EE/Script.xml"", ""line"": 6424}"
fm.pat.mfx.4tapPanDelay-dly3Msec,1F 00 02 2D,int4x4,4,"[32768, 35368]",33368,PatchCommonMFX,mfx:4TAP PAN DELAY,script,-32768,,,,[],"{""file"": ""original-roland-files/Script/A8EE/Script.xml"", ""line"": 6432}"
fm.pat.mfx.4tapPanDelay-dly3Note,1F 00 02 31,int4x4,4,"[32768, 32789]",32780,PatchCommonMFX,mfx:4TAP PAN DELAY,script,,,,,[],"{""file"": ""original-roland-files/Script/A8EE/Script.xml"", ""line"": 6440}"
fm.pat.mfx.4tapPanDelay-dly4Sync,1F 00 02 35,int4x4,4,"[32768, 32769]",32768,PatchCommonMFX,mfx:4TAP PAN DELAY,script,,,,,[],"{""file"": ""original-roland-files/Script/A8EE/Script.xml"", ""line"": 6448}"
fm.pat.mfx.4tapPanDelay-dly4Msec,1F 00 02 39,int4x4,4,"[32768, 35368]",33068,PatchCommonMFX,mfx:4TAP PAN DELAY,script,-32768,,,,[],"{""file"": ""original-roland-files/Script/A8EE/Script.xml"", ""line"": 6456}"
fm.pat.mfx.4tapPanDelay-dly4Note,1F 00 02 3D,int4x4,4,"[32768, 32789]",32777,PatchCommonMFX,mfx:4TAP PAN DELAY,script,,,,,[],"{""file"": ""original-roland-files/Script/A8EE/Script.xml"", ""line"": 6464}"
fm.pat.mfx.4tapPanDelay-fbk,1F 00 02 41,int4x4,4,"[32768, 32866]",32827,PatchCommonMFX,mfx:4TAP PAN DELAY,script,-32768,"[""-98%"", ""-96%"", ""-94%"", ""-92%"", ""-90%"", ""-88%"", ""-86%"", ""-84%"", ""-82%"", ""-80%"", ""-78%"", ""-76%"", ""-74%"", ""-72%"", ""-70%"", ""-68%"", ""-66%"", ""-64%"", ""-62%"", ""-60%"", ""-58%"", ""-56%"", ""-54%"", ""-52%"", ""-50%"", ""-48%"", ""-46%"", ""-44%"", ""-42%"", ""-40%"", ""-38%"", ""-36%"", ""-34%"", ""-32%"", ""-30%"", ""-28%"", ""-26%"", ""-24%"", ""-22%"", ""-20%"", ""-18%"", ""-16%"", ""-14%"", ""-12%"", ""-10%"", ""-8%"", ""-6%"", ""-4%"", ""-2%"", ""0%"", ""+2%"", ""+4%"", ""+6%"", ""+8%"", ""+10%"", ""+12%"", ""+14%"", ""+16%"", ""+18%"", ""+20%"", ""+22%"", ""+24%"", ""+26%"", ""+28%"", ""+30%"", ""+32%"", ""+34%"", ""+36%"", ""+38%"", ""+40%"", ""+42%"", ""+44%"", ""+46%"", ""+48%"", ""+50%"", ""+52%"", ""+54%"", ""+56%"", ""+58%"", ""+60%"", ""+62%"", ""+64%"", ""+66%"", ""+68%"", ""+70%"", ""+72%"", ""+74%"", ""+76%"", ""+78%"", ""+80%"", ""+82%"", ""+84%"", ""+86%"", ""+88%"", ""+90%"", ""+92%"", ""+94%"", ""+96%"", ""+98%""]",,,"[""enum labels ui-derived from stringTable fbkTable""]","{""file"": ""original-roland-files/Script/A8EE/Script.xml"", ""line"": 6472}"
fm.pat.mfx.4tapPanDelay-hfDamp,1F 00 02 45,int4x4,4,"[32768, 32785]",32785,PatchCommonMFX,mfx:4TAP PAN DELAY,script,-32768,"[""200 Hz"", ""250 Hz"", ""315 Hz"", ""400 Hz"", ""500 Hz"", ""630 Hz"", ""800 Hz"", ""1000 Hz"", ""1250 Hz"", ""1600 Hz"", ""2000 Hz"", ""2500 Hz"", ""3150 Hz"", ""4000 Hz"", ""5000 Hz"", ""6300 Hz"", ""8000 Hz"", ""BYPASS""]",,,"[""enum labels ui-derived from stringTable freq200-BypassTable""]","{""file"": ""original-roland-files/Script/A8EE/Script.xml"", ""line"": 6480}"
fm.pat.mfx.4tapPanDelay-level1,1F 00 02 49,int4x4,4,"[32768, 32895]",32895,PatchCommonMFX,mfx:4TAP PAN DELAY,script,-32768,,,,[],"{""file"": ""original-roland-files/Script/A8EE/Script.xml"", ""line"": 6488}"
fm.pat.mfx.4tapPanDelay-level2,1F 00 02 4D,int4x4,4,"[32768, 32895]",32895,PatchCommonMFX,mfx:4TAP PAN DELAY,script,-32768,,,,[],"{""file"": ""original-roland-files/Script/A8EE/Script.xml"", ""line"": 6496}"
fm.pat.mfx.4tapPanDelay-level3,1F 00 02 51,int4x4,4,"[32768, 32895]",32895,PatchCommonMFX,mfx:4TAP PAN DELAY,script,-32768,,,,[],"{""file"": ""original-roland-files/Script/A8EE/Script.xml"", ""line"": 6504}"
fm.pat.mfx.4tapPanDelay-level4,1F 00 02 55,int4x4,4,"[32768, 32895]",32895,PatchCommonMFX,mfx:4TAP PAN DELAY,script,-32768,,,,[],"{""file"": ""original-roland-files/Script/A8EE/Script.xml"", ""line"": 6512}"
fm.pat.mfx.4tapPanDelay-eqLo,1F 00 02 59,int4x4,4,"[32768, 32798]",32783,PatchCommonMFX,mfx:4TAP PAN DELAY,script,-32768,"[""-15 dB"", ""-14 dB"", ""-13 dB"", ""-12 dB"", ""-11 dB"", ""-10 dB"", ""-9 dB"", ""-8 dB"", ""-7 dB"", ""-6 dB"", ""-5 dB"", ""-4 dB"", ""-3 dB"", ""-2 dB"", ""-1 dB"", ""0 dB"", ""+1 dB"", ""+2 dB"", ""+3 dB"", ""+4 dB"", ""+5 dB"", ""+6 dB"", ""+7 dB"", ""+8 dB"", ""+9 dB"", ""+10 dB"", ""+11 dB"", ""+12 dB"", ""+13 dB"", ""+14 dB"", ""+15 dB""]",,,"[""enum labels ui-derived from stringTable gain-15-1Table""]","{""file"": ""original-roland-files/Script/A8EE/Script.xml"", ""line"": 6520}"
fm.pat.mfx.4tapPanDelay-eqHi,1F 00 02 5D,int4x4,4,"[32768, 32798]",32783,PatchCommonMFX,mfx:4TAP PAN DELAY,script,-32768,"[""-15 dB"", ""-14 dB"", ""-13 dB"", ""-12 dB"", ""-11 dB"", ""-10 dB"", ""-9 dB"", ""-8 dB"", ""-7 dB"", ""-6 dB"", ""-5 dB"", ""-4 dB"", ""-3 dB"", ""-2 dB"", ""-1 dB"", ""0 dB"", ""+1 dB"", ""+2 dB"", ""+3 dB"", ""+4 dB"", ""+5 dB"", ""+6 dB"", ""+7 dB"", ""+8 dB"", ""+9 dB"", ""+10 dB"", ""+11 dB"", ""+12 dB"", ""+13 dB"", ""+14 dB"", ""+15 dB""]",,,"[""enum labels ui-derived from stringTable gain-15-1Table""]","{""file"": ""original-roland-files/Script/A8EE/Script.xml"", ""line"": 6528}"
fm.pat.mfx.4tapPanDelay-bal,1F 00 02 61,int4x4,4,"[32768, 32868]",32818,PatchCommonMFX,mfx:4TAP PAN DELAY,script,,"[""D100:0W"", ""D99:01W"", ""D98:02W"", ""D97:03W"", ""D96:04W"", ""D95:05W"", ""D94:06W"", ""D93:07W"", ""D92:08W"", ""D91:09W"", ""D90:10W"", ""D89:11W"", ""D88:12W"", ""D87:13W"", ""D86:14W"", ""D85:15W"", ""D84:16W"", ""D83:17W"", ""D82:18W"", ""D81:19W"", ""D80:20W"", ""D79:21W"", ""D78:22W"", ""D77:23W"", ""D76:24W"", ""D75:25W"", ""D74:26W"", ""D73:27W"", ""D72:28W"", ""D71:29W"", ""D70:30W"", ""D69:31W"", ""D68:32W"", ""D67:33W"", ""D66:34W"", ""D65:35W"", ""D64:36W"", ""D63:37W"", ""D62:38W"", ""D61:39W"", ""D60:40W"", ""D59:41W"", ""D58:42W"", ""D57:43W"", ""D56:44W"", ""D55:45W"", ""D54:46W"", ""D53:47W"", ""D52:48W"", ""D51:49W"", ""D50:50W"", ""D49:51W"", ""D48:52W"", ""D47:53W"", ""D46:54W"", ""D45:55W"", ""D44:56W"", ""D43:57W"", ""D42:58W"", ""D41:59W"", ""D40:60W"", ""D39:61W"", ""D38:62W"", ""D37:63W"", ""D36:64W"", ""D35:65W"", ""D34:66W"", ""D33:67W"", ""D32:68W"", ""D31:69W"", ""D30:70W"", ""D29:71W"", ""D28:72W"", ""D27:73W"", ""D26:74W"", ""D25:75W"", ""D24:76W"", ""D23:77W"", ""D22:78W"", ""D21:79W"", ""D20:80W"", ""D19:81W"", ""D18:82W"", ""D17:83W"", ""D16:84W"", ""D15:85W"", ""D14:86W"", ""D13:87W"", ""D12:88W"", ""D11:89W"", ""D10:90W"", ""D09:91W"", ""D08:92W"", ""D07:93W"", ""D06:94W"", ""D05:95W"", ""D04:96W"", ""D03:97W"", ""D02:98W"", ""D01:99W"", ""D0:100W""]",,,"[""enum labels ui-derived from stringTable balanceTable""]","{""file"": ""original-roland-files/Script/A8EE/Script.xml"", ""line"": 6536}"
fm.pat.mfx.4tapPanDelay-level,1F 00 02 65,int4x4,4,"[32768, 32895]",32895,PatchCommonMFX,mfx:4TAP PAN DELAY,script,-32768,,,,[],"{""file"": ""original-roland-files/Script/A8EE/Script.xml"", ""line"": 6544}"
fm.pat.mfx.multiTapDelay-dly1Sync,1F 00 02 11,int4x4,4,"[32768, 32769]",32768,PatchCommonMFX,mfx:MULTI TAP DELAY,script,,,,,[],"{""file"": ""original-roland-files/Script/A8EE/Script.xml"", ""line"": 6552}"
fm.pat.mfx.multiTapDelay-dly1Msec,1F 00 02 15,int4x4,4,"[32768, 35368]",33968,PatchCommonMFX,mfx:MULTI TAP DELAY,script,-32768,,,,[],"{""file"": ""original-roland-files/Script/A8EE/Script.xml"", ""line"": 6560}"
fm.pat.mfx.multiTapDelay-dly1Note,1F 00 02 19,int4x4,4,"[32768, 32789]",32783,PatchCommonMFX,mfx:MULTI TAP DELAY,script,,,,,[],"{""file"": ""original-roland-files/Script/A8EE/Script.xml"", ""line"": 6568}"
fm.pat.mfx.multiTapDelay-dly2Sync,1F 00 02 1D,int4x4,4,"[32768, 32769]",32768,PatchCommonMFX,mfx:MULTI TAP DELAY,script,,,,,[],"{""file"": ""original-roland-files/Script/A8EE/Script.xml"", ""line"": 6576}"
fm.pat.mfx.multiTapDelay-dly2Msec,1F 00 02 21,int4x4,4,"[32768, 35368]",33668,PatchCommonMFX,mfx:MULTI TAP DELAY,script,-32768,,,,[],"{""file"": ""original-roland-files/Script/A8EE/Script.xml"", ""line"": 6584}"
fm.pat.mfx.multiTapDelay-dly2Note,1F 00 02 25,int4x4,4,"[32768, 32789]",32782,PatchCommonMFX,mfx:MULTI TAP DELAY,script,,,,,[],"{""file"": ""original-roland-files/Script/A8EE/Script.xml"", ""line"": 6592}"
fm.pat.mfx.multiTapDelay-dly3Sync,1F 00 02 29,int4x4,4,"[32768, 32769]",32768,PatchCommonMFX,mfx:MULTI TAP DELAY,script,,,,,[],"{""file"": ""original-roland-files/Script/A8EE/Script.xml"", ""line"": 6600}"
fm.pat.mfx.multiTapDelay-dly3Msec,1F 00 02 2D,int4x4,4,"[32768, 35368]",33368,PatchCommonMFX,mfx:MULTI TAP DELAY,script,-32768,,,,[],"{""file"": ""original-roland-files/Script/A8EE/Script.xml"", ""line"": 6608}"
fm.pat.mfx.multiTapDelay-dly3Note,1F 00 02 31,int4x4,4,"[32768, 32789]",32780,PatchCommonMFX,mfx:MULTI TAP DELAY,script,,,,,[],"{""file"": ""original-roland-files/Script/A8EE/Script.xml"", ""line"": 6616}"
fm.pat.mfx.multiTapDelay-dly4Sync,1F 00 02 35,int4x4,4,"[32768, 32769]",32768,PatchCommonMFX,mfx:MULTI TAP DELAY,script,,,,,[],"{""file"": ""original-roland-files/Script/A8EE/Script.xml"", ""line"": 6624}"
fm.pat.mfx.multiTapDelay-dly4Msec,1F 00 02 39,int4x4,4,"[32768, 35368]",33068,PatchCommonMFX,mfx:MULTI TAP DELAY,script,-32768,,,,[],"{""file"": ""original-roland-files/Script/A8EE/Script.xml"", ""line"": 6632}"
fm.pat.mfx.multiTapDelay-dly4Note,1F 00 02 3D,int4x4,4,"[32768, 32789]",32777,PatchCommonMFX,mfx:MULTI TAP DELAY,script,,,,,[],"{""file"": ""original-roland-files/Script/A8EE/Script.xml"", ""line"": 6640}"
fm.pat.mfx.multiTapDelay-fbk,1F 00 02 41,int4x4,4,"[32768, 32866]",32827,PatchCommonMFX,mfx:MULTI TAP DELAY,script,-32768,"[""-98%"", ""-96%"", ""-94%"", ""-92%"", ""-90%"", ""-88%"", ""-86%"", ""-84%"", ""-82%"", ""-80%"", ""-78%"", ""-76%"", ""-74%"", ""-72%"", ""-70%"", ""-68%"", ""-66%"", ""-64%"", ""-62%"", ""-60%"", ""-58%"", ""-56%"", ""-54%"", ""-52%"", ""-50%"", ""-48%"", ""-46%"", ""-44%"", ""-42%"", ""-40%"", ""-38%"", ""-36%"", ""-34%"", ""-32%"", ""-30%"", ""-28%"", ""-26%"", ""-24%"", ""-22%"", ""-20%"", ""-18%"", ""-16%"", ""-14%"", ""-12%"", ""-10%"", ""-8%"", ""-6%"", ""-4%"", ""-2%"", ""0%"", ""+2%"", ""+4%"", ""+6%"", ""+8%"", ""+10%"", ""+12%"", ""+14%"", ""+16%"", ""+18%"", ""+20%"", ""+22%"", ""+24%"", ""+26%"", ""+28%"", ""+30%"", ""+32%"", ""+34%"", ""+36%"", ""+38%"", ""+40%"", ""+42%"", ""+44%"", ""+46%"", ""+48%"", ""+50%"", ""+52%"", ""+54%"", ""+56%"", ""+58%"", ""+60%"", ""+62%"", ""+64%"", ""+66%"", ""+68%"", ""+70%"", ""+72%"", ""+74%"", ""+76%"", ""+78%"", ""+80%"", ""+82%"", ""+84%"", ""+86%"", ""+88%"", ""+90%"", ""+92%"", ""+94%"", ""+96%"", ""+98%""]",,,"[""enum labels ui-derived from stringTable fbkTable""]","{""file"": ""original-roland-files/Script/A8EE/Script.xml"", ""line"": 6648}"
fm.pat.mfx.multiTapDelay-hfDamp,1F 00 02 45,int4x4,4,"[32768, 32785]",32785,PatchCommonMFX,mfx:MULTI TAP DELAY,script,-32768,"[""200 Hz"", ""250 Hz"", ""315 Hz"", ""400 Hz"", ""500 Hz"", ""630 Hz"", ""800 Hz"", ""1000 Hz"", ""1250 Hz"", ""1600 Hz"", ""2000 Hz"", ""2500 Hz"", ""3150 Hz"", ""4000 Hz"", ""5000 Hz"", ""6300 Hz"", ""8000 Hz"", ""BYPASS""]",,,"[""enum labels ui-derived from stringTable freq200-BypassTable""]","{""file"": ""original-roland-files/Script/A8EE/Script.xml"", ""line"": 6656}"
fm.pat.mfx.multiTapDelay-pan1,1F 00 02 49,int4x4,4,"[32768, 32895]",32768,PatchCommonMFX,mfx:MULTI TAP DELAY,script,,,,,[],"{""file"": ""original-roland-files/Script/A8EE/Script.xml"", ""line"": 6664}"
fm.pat.mfx.multiTapDelay-pan2,1F 00 02 4D,int4x4,4,"[32768, 32895]",32895,PatchCommonMFX,mfx:MULTI TAP DELAY,script,,,,,[],"{""file"": ""original-roland-files/Script/A8EE/Script.xml"", ""line"": 6672}"
fm.pat.mfx.multiTapDelay-pan3,1F 00 02 51,int4x4,4,"[32768, 32895]",32800,PatchCommonMFX,mfx:MULTI TAP DELAY,script,,,,,[],"{""file"": ""original-roland-files/Script/A8EE/Script.xml"", ""line"": 6680}"
fm.pat.mfx.multiTapDelay-pan4,1F 00 02 55,int4x4,4,"[32768, 32895]",32864,PatchCommonMFX,mfx:MULTI TAP DELAY,script,,,,,[],"{""file"": ""original-roland-files/Script/A8EE/Script.xml"", ""line"": 6688}"
fm.pat.mfx.multiTapDelay-level1,1F 00 02 59,int4x4,4,"[32768, 32895]",32895,PatchCommonMFX,mfx:MULTI TAP DELAY,script,-32768,,,,[],"{""file"": ""original-roland-files/Script/A8EE/Script.xml"", ""line"": 6696}"
fm.pat.mfx.multiTapDelay-level2,1F 00 02 5D,int4x4,4,"[32768, 32895]",32895,PatchCommonMFX,mfx:MULTI TAP DELAY,script,-32768,,,,[],"{""file"": ""original-roland-files/Script/A8EE/Script.xml"", ""line"": 6704}"
fm.pat.mfx.multiTapDelay-level3,1F 00 02 61,int4x4,4,"[32768, 32895]",32895,PatchCommonMFX,mfx:MULTI TAP DELAY,script,-32768,,,,[],"{""file"": ""original-roland-files/Script/A8EE/Script.xml"", ""line"": 6712}"
fm.pat.mfx.multiTapDelay-level4,1F 00 02 65,int4x4,4,"[32768, 32895]",32895,PatchCommonMFX,mfx:MULTI TAP DELAY,script,-32768,,,,[],"{""file"": ""original-roland-files/Script/A8EE/Script.xml"", ""line"": 6720}"
fm.pat.mfx.multiTapDelay-eqLo,1F 00 02 69,int4x4,4,"[32768, 32798]",32783,PatchCommonMFX,mfx:MULTI TAP DELAY,script,-32768,"[""-15 dB"", ""-14 dB"", ""-13 dB"", ""-12 dB"", ""-11 dB"", ""-10 dB"", ""-9 dB"", ""-8 dB"", ""-7 dB"", ""-6 dB"", ""-5 dB"", ""-4 dB"", ""-3 dB"", ""-2 dB"", ""-1 dB"", ""0 dB"", ""+1 dB"", ""+2 dB"", ""+3 dB"", ""+4 dB"", ""+5 dB"", ""+6 dB"", ""+7 dB"", ""+8 dB"", ""+9 dB"", ""+10 dB"", ""+11 dB"", ""+12 dB"", ""+13 dB"", ""+14 dB"", ""+15 dB""]",,,"[""enum labels ui-derived from stringTable gain-15-1Table""]","{""file"": ""original-roland-files/Script/A8EE/Script.xml"", ""line"": 6728}"
fm.pat.mfx.multiTapDelay-eqHi,1F 00 02 6D,int4x4,4,"[32768, 32798]",32783,PatchCommonMFX,mfx:MULTI TAP DELAY,script,-32768,"[""-15 dB"", ""-14 dB"", ""-13 dB"", ""-12 dB"", ""-11 dB"", ""-10 dB"", ""-9 dB"", ""-8 dB"", ""-7 dB"", ""-6 dB"", ""-5 dB"", ""-4 dB"", ""-3 dB"", ""-2 dB"", ""-1 dB"", ""0 dB"", ""+1 dB"", ""+2 dB"", ""+3 dB"", ""+4 dB"", ""+5 dB"", ""+6 dB"", ""+7 dB"", ""+8 dB"", ""+9 dB"", ""+10 dB"", ""+11 dB"", ""+12 dB"", ""+13 dB"", ""+14 dB"", ""+15 dB""]",,,"[""enum labels ui-derived from stringTable gain-15-1Table""]","{""file"": ""original-roland-files/Script/A8EE/Script.xml"", ""line"": 6736}"
fm.pat.mfx.multiTapDelay-bal,1F 00 02 71,int4x4,4,"[32768, 32868]",32818,PatchCommonMFX,mfx:MULTI TAP DELAY,script,,"[""D100:0W"", ""D99:01W"", ""D98:02W"", ""D97:03W"", ""D96:04W"", ""D95:05W"", ""D94:06W"", ""D93:07W"", ""D92:08W"", ""D91:09W"", ""D90:10W"", ""D89:11W"", ""D88:12W"", ""D87:13W"", ""D86:14W"", ""D85:15W"", ""D84:16W"", ""D83:17W"", ""D82:18W"", ""D81:19W"", ""D80:20W"", ""D79:21W"", ""D78:22W"", ""D77:23W"", ""D76:24W"", ""D75:25W"", ""D74:26W"", ""D73:27W"", ""D72:28W"", ""D71:29W"", ""D70:30W"", ""D69:31W"", ""D68:32W"", ""D67:33W"", ""D66:34W"", ""D65:35W"", ""D64:36W"", ""D63:37W"", ""D62:38W"", ""D61:39W"", ""D60:40W"", ""D59:41W"", ""D58:42W"", ""D57:43W"", ""D56:44W"", ""D55:45W"", ""D54:46W"", ""D53:47W"", ""D52:48W"", ""D51:49W"", ""D50:50W"", ""D49:51W"", ""D48:52W"", ""D47:53W"", ""D46:54W"", ""D45:55W"", ""D44:56W"", ""D43:57W"", ""D42:58W"", ""D41:59W"", ""D40:60W"", ""D39:61W"", ""D38:62W"", ""D37:63W"", ""D36:64W"", ""D35:65W"", ""D34:66W"", ""D33:67W"", ""D32:68W"", ""D31:69W"", ""D30:70W"", ""D29:71W"", ""D28:72W"", ""D27:73W"", ""D26:74W"", ""D25:75W"", ""D24:76W"", ""D23:77W"", ""D22:78W"", ""D21:79W"", ""D20:80W"", ""D19:81W"", ""D18:82W"", ""D17:83W"", ""D16:84W"", ""D15:85W"", ""D14:86W"", ""D13:87W"", ""D12:88W"", ""D11:89W"", ""D10:90W"", ""D09:91W"", ""D08:92W"", ""D07:93W"", ""D06:94W"", ""D05:95W"", ""D04:96W"", ""D03:97W"", ""D02:98W"", ""D01:99W"", ""D0:100W""]",,,"[""enum labels ui-derived from stringTable balanceTable""]","{""file"": ""original-roland-files/Script/A8EE/Script.xml"", ""line"": 6744}"
fm.pat.mfx.multiTapDelay-level,1F 00 02 75,int4x4,4,"[32768, 32895]",32895,PatchCommonMFX,mfx:MULTI TAP DELAY,script,-32768,,,,[],"{""file"": ""original-roland-files/Script/A8EE/Script.xml"", ""line"": 6752}"
fm.pat.mfx.reverseDelay-threshold,1F 00 02 11,int4x4,4,"[32768, 32895]",32798,PatchCommonMFX,mfx:REVERSE DELAY,script,-32768,,,,[],"{""file"": ""original-roland-files/Script/A8EE/Script.xml"", ""line"": 6760}"
fm.pat.mfx.reverseDelay-dlyrSync,1F 00 02 15,int4x4,4,"[32768, 32769]",32768,PatchCommonMFX,mfx:REVERSE DELAY,script,,,,,[],"{""file"": ""original-roland-files/Script/A8EE/Script.xml"", ""line"": 6768}"
fm.pat.mfx.reverseDelay-dlyrMsec,1F 00 02 19,int4x4,4,"[32768, 34068]",33368,PatchCommonMFX,mfx:REVERSE DELAY,script,-32768,,,,[],"{""file"": ""original-roland-files/Script/A8EE/Script.xml"", ""line"": 6776}"
fm.pat.mfx.reverseDelay-dlyrNote,1F 00 02 1D,int4x4,4,"[32768, 32789]",32780,PatchCommonMFX,mfx:REVERSE DELAY,script,,,,,[],"{""file"": ""original-roland-files/Script/A8EE/Script.xml"", ""line"": 6784}"
fm.pat.mfx.reverseDelay-dlyrFbk,1F 00 02 21,int4x4,4,"[32768, 32866]",32817,PatchCommonMFX,mfx:REVERSE DELAY,script,-32768,"[""-98%"", ""-96%"", ""-94%"", ""-92%"", ""-90%"", ""-88%"", ""-86%"", ""-84%"", ""-82%"", ""-80%"", ""-78%"", ""-76%"", ""-74%"", ""-72%"", ""-70%"", ""-68%"", ""-66%"", ""-64%"", ""-62%"", ""-60%"", ""-58%"", ""-56%"", ""-54%"", ""-52%"", ""-50%"", ""-48%"", ""-46%"", ""-44%"", ""-42%"", ""-40%"", ""-38%"", ""-36%"", ""-34%"", ""-32%"", ""-30%"", ""-28%"", ""-26%"", ""-24%"", ""-22%"", ""-20%"", ""-18%"", ""-16%"", ""-14%"", ""-12%"", ""-10%"", ""-8%"", ""-6%"", ""-4%"", ""-2%"", ""0%"", ""+2%"", ""+4%"", ""+6%"", ""+8%"", ""+10%"", ""+12%"", ""+14%"", ""+16%"", ""+18%"", ""+20%"", ""+22%"", ""+24%"", ""+26%"", ""+28%"", ""+30%"", ""+32%"", ""+34%"", ""+36%"", ""+38%"", ""+40%"", ""+42%"", ""+44%"", ""+46%"", ""+48%"", ""+50%"", ""+52%"", ""+54%"", ""+56%"", ""+58%"", ""+60%"", ""+62%"", ""+64%"", ""+66%"", ""+68%"", ""+70%"", ""+72%"", ""+74%"", ""+76%"", ""+78%"", ""+80%"", ""+82%"", ""+84%"", ""+86%"", ""+88%"", ""+90%"", ""+92%"", ""+94%"", ""+96%"", ""+98%""]",,,"[""enum labels ui-derived from stringTable fbkTable""]","{""file"": ""original-roland-files/Script/A8EE/Script.xml"", ""line"": 6792}"
fm.pat.mfx.reverseDelay-dlyrHfDamp,1F 00 02 25,int4x4,4,"[32768, 32785]",32785,PatchCommonMFX,mfx:REVERSE DELAY,script,-32768,"[""200 Hz"", ""250 Hz"", ""315 Hz"", ""400 Hz"", ""500 Hz"", ""630 Hz"", ""800 Hz"", ""1000 Hz"", ""1250 Hz"", ""1600 Hz"", ""2000 Hz"", ""2500 Hz"", ""3150 Hz"", ""4000 Hz"", ""5000 Hz"", ""6300 Hz"", ""8000 Hz"", ""BYPASS""]",,,"[""enum labels ui-derived from stringTable freq200-BypassTable""]","{""file"": ""original-roland-files/Script/A8EE/Script.xml"", ""line"": 6800}"
fm.pat.mfx.reverseDelay-dlyrPan,1F 00 02 29,int4x4,4,"[32768, 32895]",32832,PatchCommonMFX,mfx:REVERSE DELAY,script,,,,,[],"{""file"": ""original-roland-files/Script/A8EE/Script.xml"", ""line"": 6808}"
fm.pat.mfx.reverseDelay-dlyrLvl,1F 00 02 2D,int4x4,4,"[32768, 32895]",32895,PatchCommonMFX,mfx:REVERSE DELAY,script,-32768,,,,[],"{""file"": ""original-roland-files/Script/A8EE/Script.xml"", ""line"": 6816}"
fm.pat.mfx.reverseDelay-dly1Sync,1F 00 02 31,int4x4,4,"[32768, 32769]",32768,PatchCommonMFX,mfx:REVERSE DELAY,script,,,,,[],"{""file"": ""original-roland-files/Script/A8EE/Script.xml"", ""line"": 6824}"
fm.pat.mfx.reverseDelay-dly1Msec,1F 00 02 35,int4x4,4,"[32768, 34068]",33068,PatchCommonMFX,mfx:REVERSE DELAY,script,-32768,,,,[],"{""file"": ""original-roland-files/Script/A8EE/Script.xml"", ""line"": 6832}"
fm.pat.mfx.reverseDelay-dly1Note,1F 00 02 39,int4x4,4,"[32768, 32789]",32777,PatchCommonMFX,mfx:REVERSE DELAY,script,,,,,[],"{""file"": ""original-roland-files/Script/A8EE/Script.xml"", ""line"": 6840}"
fm.pat.mfx.reverseDelay-dly2Sync,1F 00 02 3D,int4x4,4,"[32768, 32769]",32768,PatchCommonMFX,mfx:REVERSE DELAY,script,,,,,[],"{""file"": ""original-roland-files/Script/A8EE/Script.xml"", ""line"": 6848}"
fm.pat.mfx.reverseDelay-dly2Msec,1F 00 02 41,int4x4,4,"[32768, 34068]",33368,PatchCommonMFX,mfx:REVERSE DELAY,script,-32768,,,,[],"{""file"": ""original-roland-files/Script/A8EE/Script.xml"", ""line"": 6856}"
fm.pat.mfx.reverseDelay-dly2Note,1F 00 02 45,int4x4,4,"[32768, 32789]",32780,PatchCommonMFX,mfx:REVERSE DELAY,script,,,,,[],"{""file"": ""original-roland-files/Script/A8EE/Script.xml"", ""line"": 6864}"
fm.pat.mfx.reverseDelay-dly3Sync,1F 00 02 49,int4x4,4,"[32768, 32769]",32768,PatchCommonMFX,mfx:REVERSE DELAY,script,,,,,[],"{""file"": ""original-roland-files/Script/A8EE/Script.xml"", ""line"": 6872}"
fm.pat.mfx.reverseDelay-dly3Msec,1F 00 02 4D,int4x4,4,"[32768, 34068]",33368,PatchCommonMFX,mfx:REVERSE DELAY,script,-32768,,,,[],"{""file"": ""original-roland-files/Script/A8EE/Script.xml"", ""line"": 6880}"
fm.pat.mfx.reverseDelay-dly3Note,1F 00 02 51,int4x4,4,"[32768, 32789]",32780,PatchCommonMFX,mfx:REVERSE DELAY,script,,,,,[],"{""file"": ""original-roland-files/Script/A8EE/Script.xml"", ""line"": 6888}"
fm.pat.mfx.reverseDelay-dly3Fbk,1F 00 02 55,int4x4,4,"[32768, 32866]",32817,PatchCommonMFX,mfx:REVERSE DELAY,script,-32768,"[""-98%"", ""-96%"", ""-94%"", ""-92%"", ""-90%"", ""-88%"", ""-86%"", ""-84%"", ""-82%"", ""-80%"", ""-78%"", ""-76%"", ""-74%"", ""-72%"", ""-70%"", ""-68%"", ""-66%"", ""-64%"", ""-62%"", ""-60%"", ""-58%"", ""-56%"", ""-54%"", ""-52%"", ""-50%"", ""-48%"", ""-46%"", ""-44%"", ""-42%"", ""-40%"", ""-38%"", ""-36%"", ""-34%"", ""-32%"", ""-30%"", ""-28%"", ""-26%"", ""-24%"", ""-22%"", ""-20%"", ""-18%"", ""-16%"", ""-14%"", ""-12%"", ""-10%"", ""-8%"", ""-6%"", ""-4%"", ""-2%"", ""0%"", ""+2%"", ""+4%"", ""+6%"", ""+8%"", ""+10%"", ""+12%"", ""+14%"", ""+16%"", ""+18%"", ""+20%"", ""+22%"", ""+24%"", ""+26%"", ""+28%"", ""+30%"", ""+32%"", ""+34%"", ""+36%"", ""+38%"", ""+40%"", ""+42%"", ""+44%"", ""+46%"", ""+48%"", ""+50%"", ""+52%"", ""+54%"", ""+56%"", ""+58%"", ""+60%"", ""+62%"", ""+64%"", ""+66%"", ""+68%"", ""+70%"", ""+72%"", ""+74%"", ""+76%"", ""+78%"", ""+80%"", ""+82%"", ""+84%"", ""+86%"", ""+88%"", ""+90%"", ""+92%"", ""+94%"", ""+96%"", ""+98%""]",,,"[""enum labels ui-derived from stringTable fbkTable""]","{""file"": ""original-roland-files/Script/A8EE/Script.xml"", ""line"": 6896}"
fm.pat.mfx.reverseDelay-dlyHfDamp,1F 00 02 59,int4x4,4,"[32768, 32785]",32785,PatchCommonMFX,mfx:REVERSE DELAY,script,-32768,"[""200 Hz"", ""250 Hz"", ""315 Hz"", ""400 Hz"", ""500 Hz"", ""630 Hz"", ""800 Hz"", ""1000 Hz"", ""1250 Hz"", ""1600 Hz"", ""2000 Hz"", ""2500 Hz"", ""3150 Hz"", ""4000 Hz"", ""5000 Hz"", ""6300 Hz"", ""8000 Hz"", ""BYPASS""]",,,"[""enum labels ui-derived from stringTable freq200-BypassTable""]","{""file"": ""original-roland-files/Script/A8EE/Script.xml"", ""line"": 6904}"
fm.pat.mfx.reverseDelay-dly1Pan,1F 00 02 5D,int4x4,4,"[32768, 32895]",32768,PatchCommonMFX,mfx:REVERSE DELAY,script,,,,,[],"{""file"": ""original-roland-files/Script/A8EE/Script.xml"", ""line"": 6912}"
fm.pat.mfx.reverseDelay-dly2Pan,1F 00 02 61,int4x4,4,"[32768, 32895]",32895,PatchCommonMFX,mfx:REVERSE DELAY,script,,,,,[],"{""file"": ""original-roland-files/Script/A8EE/Script.xml"", ""line"": 6920}"
fm.pat.mfx.reverseDelay-dly1Lvl,1F 00 02 65,int4x4,4,"[32768, 32895]",32768,PatchCommonMFX,mfx:REVERSE DELAY,script,-32768,,,,[],"{""file"": ""original-roland-files/Script/A8EE/Script.xml"", ""line"": 6928}"
fm.pat.mfx.reverseDelay-dly2Lvl,1F 00 02 69,int4x4,4,"[32768, 32895]",32768,PatchCommonMFX,mfx:REVERSE DELAY,script,-32768,,,,[],"{""file"": ""original-roland-files/Script/A8EE/Script.xml"", ""line"": 6936}"
fm.pat.mfx.reverseDelay-eqLo,1F 00 02 6D,int4x4,4,"[32768, 32798]",32783,PatchCommonMFX,mfx:REVERSE DELAY,script,-32768,"[""-15 dB"", ""-14 dB"", ""-13 dB"", ""-12 dB"", ""-11 dB"", ""-10 dB"", ""-9 dB"", ""-8 dB"", ""-7 dB"", ""-6 dB"", ""-5 dB"", ""-4 dB"", ""-3 dB"", ""-2 dB"", ""-1 dB"", ""0 dB"", ""+1 dB"", ""+2 dB"", ""+3 dB"", ""+4 dB"", ""+5 dB"", ""+6 dB"", ""+7 dB"", ""+8 dB"", ""+9 dB"", ""+10 dB"", ""+11 dB"", ""+12 dB"", ""+13 dB"", ""+14 dB"", ""+15 dB""]",,,"[""enum labels ui-derived from stringTable gain-15-1Table""]","{""file"": ""original-roland-files/Script/A8EE/Script.xml"", ""line"": 6944}"
fm.pat.mfx.reverseDelay-eqHi,1F 00 02 71,int4x4,4,"[32768, 32798]",32783,PatchCommonMFX,mfx:REVERSE DELAY,script,-32768,"[""-15 dB"", ""-14 dB"", ""-13 dB"", ""-12 dB"", ""-11 dB"", ""-10 dB"", ""-9 dB"", ""-8 dB"", ""-7 dB"", ""-6 dB"", ""-5 dB"", ""-4 dB"", ""-3 dB"", ""-2 dB"", ""-1 dB"", ""0 dB"", ""+1 dB"", ""+2 dB"", ""+3 dB"", ""+4 dB"", ""+5 dB"", ""+6 dB"", ""+7 dB"", ""+8 dB"", ""+9 dB"", ""+10 dB"", ""+11 dB"", ""+12 dB"", ""+13 dB"", ""+14 dB"", ""+15 dB""]",,,"[""enum labels ui-derived from stringTable gain-15-1Table""]","{""file"": ""original-roland-files/Script/A8EE/Script.xml"", ""line"": 6952}"
fm.pat.mfx.reverseDelay-bal,1F 00 02 75,int4x4,4,"[32768, 32868]",32818,PatchCommonMFX,mfx:REVERSE DELAY,script,,"[""D100:0W"", ""D99:01W"", ""D98:02W"", ""D97:03W"", ""D96:04W"", ""D95:05W"", ""D94:06W"", ""D93:07W"", ""D92:08W"", ""D91:09W"", ""D90:10W"", ""D89:11W"", ""D88:12W"", ""D87:13W"", ""D86:14W"", ""D85:15W"", ""D84:16W"", ""D83:17W"", ""D82:18W"", ""D81:19W"", ""D80:20W"", ""D79:21W"", ""D78:22W"", ""D77:23W"", ""D76:24W"", ""D75:25W"", ""D74:26W"", ""D73:27W"", ""D72:28W"", ""D71:29W"", ""D70:30W"", ""D69:31W"", ""D68:32W"", ""D67:33W"", ""D66:34W"", ""D65:35W"", ""D64:36W"", ""D63:37W"", ""D62:38W"", ""D61:39W"", ""D60:40W"", ""D59:41W"", ""D58:42W"", ""D57:43W"", ""D56:44W"", ""D55:45W"", ""D54:46W"", ""D53:47W"", ""D52:48W"", ""D51:49W"", ""D50:50W"", ""D49:51W"", ""D48:52W"", ""D47:53W"", ""D46:54W"", ""D45:55W"", ""D44:56W"", ""D43:57W"", ""D42:58W"", ""D41:59W"", ""D40:60W"", ""D39:61W"", ""D38:62W"", ""D37:63W"", ""D36:64W"", ""D35:65W"", ""D34:66W"", ""D33:67W"", ""D32:68W"", ""D31:69W"", ""D30:70W"", ""D29:71W"", ""D28:72W"", ""D27:73W"", ""D26:74W"", ""D25:75W"", ""D24:76W"", ""D23:77W"", ""D22:78W"", ""D21:79W"", ""D20:80W"", ""D19:81W"", ""D18:82W"", ""D17:83W"", ""D16:84W"", ""D15:85W"", ""D14:86W"", ""D13:87W"", ""D12:88W"", ""D11:89W"", ""D10:90W"", ""D09:91W"", ""D08:92W"", ""D07:93W"", ""D06:94W"", ""D05:95W"", ""D04:96W"", ""D03:97W"", ""D02:98W"", ""D01:99W"", ""D0:100W""]",,,"[""enum labels ui-derived from stringTable balanceTable""]","{""file"": ""original-roland-files/Script/A8EE/Script.xml"", ""line"": 6960}"
fm.pat.mfx.reverseDelay-level,1F 00 02 79,int4x4,4,"[32768, 32895]",32895,PatchCommonMFX,mfx:REVERSE DELAY,script,-32768,,,,[],"{""file"": ""original-roland-files/Script/A8EE/Script.xml"", ""line"": 6968}"
fm.pat.mfx.shuffleDelay-dlySync,1F 00 02 11,int4x4,4,"[32768, 32769]",32768,PatchCommonMFX,mfx:SHUFFLE DELAY,script,,,,,[],"{""file"": ""original-roland-files/Script/A8EE/Script.xml"", ""line"": 6976}"
fm.pat.mfx.shuffleDelay-dlyMsec,1F 00 02 15,int4x4,4,"[32768, 35368]",33368,PatchCommonMFX,mfx:SHUFFLE DELAY,script,-32768,,,,[],"{""file"": ""original-roland-files/Script/A8EE/Script.xml"", ""line"": 6984}"
fm.pat.mfx.shuffleDelay-dlyNote,1F 00 02 19,int4x4,4,"[32768, 32789]",32780,PatchCommonMFX,mfx:SHUFFLE DELAY,script,,,,,[],"{""file"": ""original-roland-files/Script/A8EE/Script.xml"", ""line"": 6992}"
fm.pat.mfx.shuffleDelay-shuffle,1F 00 02 1D,int4x4,4,"[32768, 32868]",32835,PatchCommonMFX,mfx:SHUFFLE DELAY,script,-32768,,,,[],"{""file"": ""original-roland-files/Script/A8EE/Script.xml"", ""line"": 7000}"
fm.pat.mfx.shuffleDelay-accel,1F 00 02 21,int4x4,4,"[32768, 32783]",32778,PatchCommonMFX,mfx:SHUFFLE DELAY,script,-32768,,,,[],"{""file"": ""original-roland-files/Script/A8EE/Script.xml"", ""line"": 7008}"
fm.pat.mfx.shuffleDelay-fbk,1F 00 02 25,int4x4,4,"[32768, 32866]",32827,PatchCommonMFX,mfx:SHUFFLE DELAY,script,-32768,"[""-98%"", ""-96%"", ""-94%"", ""-92%"", ""-90%"", ""-88%"", ""-86%"", ""-84%"", ""-82%"", ""-80%"", ""-78%"", ""-76%"", ""-74%"", ""-72%"", ""-70%"", ""-68%"", ""-66%"", ""-64%"", ""-62%"", ""-60%"", ""-58%"", ""-56%"", ""-54%"", ""-52%"", ""-50%"", ""-48%"", ""-46%"", ""-44%"", ""-42%"", ""-40%"", ""-38%"", ""-36%"", ""-34%"", ""-32%"", ""-30%"", ""-28%"", ""-26%"", ""-24%"", ""-22%"", ""-20%"", ""-18%"", ""-16%"", ""-14%"", ""-12%"", ""-10%"", ""-8%"", ""-6%"", ""-4%"", ""-2%"", ""0%"", ""+2%"", ""+4%"", ""+6%"", ""+8%"", ""+10%"", ""+12%"", ""+14%"", ""+16%"", ""+18%"", ""+20%"", ""+22%"", ""+24%"", ""+26%"", ""+28%"", ""+30%"", ""+32%"", ""+34%"", ""+36%"", ""+38%"", ""+40%"", ""+42%"", ""+44%"", ""+46%"", ""+48%"", ""+50%"", ""+52%"", ""+54%"", ""+56%"", ""+58%"", ""+60%"", ""+62%"", ""+64%"", ""+66%"", ""+68%"", ""+70%"", ""+72%"", ""+74%"", ""+76%"", ""+78%"", ""+80%"", ""+82%"", ""+84%"", ""+86%"", ""+88%"", ""+90%"", ""+92%"", ""+94%"", ""+96%"", ""+98%""]",,,"[""enum labels ui-derived from stringTable fbkTable""]","{""file"": ""original-roland-files/Script/A8EE/Script.xml"", ""line"": 7016}"
fm.pat.mfx.shuffleDelay-hfDamp,1F 00 02 29,int4x4,4,"[32768, 32785]",32785,PatchCommonMFX,mfx:SHUFFLE DELAY,script,-32768,"[""200 Hz"", ""250 Hz"", ""315 Hz"", ""400 Hz"", ""500 Hz"", ""630 Hz"", ""800 Hz"", ""1000 Hz"", ""1250 Hz"", ""1600 Hz"", ""2000 Hz"", ""2500 Hz"", ""3150 Hz"", ""4000 Hz"", ""5000 Hz"", ""6300 Hz"", ""8000 Hz"", ""BYPASS""]",,,"[""enum labels ui-derived from stringTable freq200-BypassTable""]","{""file"": ""original-roland-files/Script/A8EE/Script.xml"", ""line"": 7024}"
fm.pat.mfx.shuffleDelay-panA,1F 00 02 2D,int4x4,4,"[32768, 32895]",32768,PatchCommonMFX,mfx:SHUFFLE DELAY,script,,,,,[],"{""file"": ""original-roland-files/Script/A8EE/Script.xml"", ""line"": 7032}"
fm.pat.mfx.shuffleDelay-panB,1F 00 02 31,int4x4,4,"[32768, 32895]",32895,PatchCommonMFX,mfx:SHUFFLE DELAY,script,,,,,[],"{""file"": ""original-roland-files/Script/A8EE/Script.xml"", ""line"": 7040}"
fm.pat.mfx.shuffleDelay-levelA,1F 00 02 35,int4x4,4,"[32768, 32895]",32895,PatchCommonMFX,mfx:SHUFFLE DELAY,script,-32768,,,,[],"{""file"": ""original-roland-files/Script/A8EE/Script.xml"", ""line"": 7048}"
fm.pat.mfx.shuffleDelay-levelB,1F 00 02 39,int4x4,4,"[32768, 32895]",32895,PatchCommonMFX,mfx:SHUFFLE DELAY,script,-32768,,,,[],"{""file"": ""original-roland-files/Script/A8EE/Script.xml"", ""line"": 7056}"
fm.pat.mfx.shuffleDelay-eqLo,1F 00 02 3D,int4x4,4,"[32768, 32798]",32783,PatchCommonMFX,mfx:SHUFFLE DELAY,script,-32768,"[""-15 dB"", ""-14 dB"", ""-13 dB"", ""-12 dB"", ""-11 dB"", ""-10 dB"", ""-9 dB"", ""-8 dB"", ""-7 dB"", ""-6 dB"", ""-5 dB"", ""-4 dB"", ""-3 dB"", ""-2 dB"", ""-1 dB"", ""0 dB"", ""+1 dB"", ""+2 dB"", ""+3 dB"", ""+4 dB"", ""+5 dB"", ""+6 dB"", ""+7 dB"", ""+8 dB"", ""+9 dB"", ""+10 dB"", ""+11 dB"", ""+12 dB"", ""+13 dB"", ""+14 dB"", ""+15 dB""]",,,"[""enum labels ui-derived from stringTable gain-15-1Table""]","{""file"": ""original-roland-files/Script/A8EE/Script.xml"", ""line"": 7064}"
fm.pat.mfx.shuffleDelay-eqHi,1F 00 02 41,int4x4,4,"[32768, 32798]",32783,PatchCommonMFX,mfx:SHUFFLE DELAY,script,-32768,"[""-15 dB"", ""-14 dB"", ""-13 dB"", ""-12 dB"", ""-11 dB"", ""-10 dB"", ""-9 dB"", ""-8 dB"", ""-7 dB"", ""-6 dB"", ""-5 dB"", ""-4 dB"", ""-3 dB"", ""-2 dB"", ""-1 dB"", ""0 dB"", ""+1 dB"", ""+2 dB"", ""+3 dB"", ""+4 dB"", ""+5 dB"", ""+6 dB"", ""+7 dB"", ""+8 dB"", ""+9 dB"", ""+10 dB"", ""+11 dB"", ""+12 dB"", ""+13 dB"", ""+14 dB"", ""+15 dB""]",,,"[""enum labels ui-derived from stringTable gain-15-1Table""]","{""file"": ""original-roland-files/Script/A8EE/Script.xml"", ""line"": 7072}"
fm.pat.mfx.shuffleDelay-bal,1F 00 02 45,int4x4,4,"[32768, 32868]",32818,PatchCommonMFX,mfx:SHUFFLE DELAY,script,,"[""D100:0W"", ""D99:01W"", ""D98:02W"", ""D97:03W"", ""D96:04W"", ""D95:05W"", ""D94:06W"", ""D93:07W"", ""D92:08W"", ""D91:09W"", ""D90:10W"", ""D89:11W"", ""D88:12W"", ""D87:13W"", ""D86:14W"", ""D85:15W"", ""D84:16W"", ""D83:17W"", ""D82:18W"", ""D81:19W"", ""D80:20W"", ""D79:21W"", ""D78:22W"", ""D77:23W"", ""D76:24W"", ""D75:25W"", ""D74:26W"", ""D73:27W"", ""D72:28W"", ""D71:29W"", ""D70:30W"", ""D69:31W"", ""D68:32W"", ""D67:33W"", ""D66:34W"", ""D65:35W"", ""D64:36W"", ""D63:37W"", ""D62:38W"", ""D61:39W"", ""D60:40W"", ""D59:41W"", ""D58:42W"", ""D57:43W"", ""D56:44W"", ""D55:45W"", ""D54:46W"", ""D53:47W"", ""D52:48W"", ""D51:49W"", ""D50:50W"", ""D49:51W"", ""D48:52W"", ""D47:53W"", ""D46:54W"", ""D45:55W"", ""D44:56W"", ""D43:57W"", ""D42:58W"", ""D41:59W"", ""D40:60W"", ""D39:61W"", ""D38:62W"", ""D37:63W"", ""D36:64W"", ""D35:65W"", ""D34:66W"", ""D33:67W"", ""D32:68W"", ""D31:69W"", ""D30:70W"", ""D29:71W"", ""D28:72W"", ""D27:73W"", ""D26:74W"", ""D25:75W"", ""D24:76W"", ""D23:77W"", ""D22:78W"", ""D21:79W"", ""D20:80W"", ""D19:81W"", ""D18:82W"", ""D17:83W"", ""D16:84W"", ""D15:85W"", ""D14:86W"", ""D13:87W"", ""D12:88W"", ""D11:89W"", ""D10:90W"", ""D09:91W"", ""D08:92W"", ""D07:93W"", ""D06:94W"", ""D05:95W"", ""D04:96W"", ""D03:97W"", ""D02:98W"", ""D01:99W"", ""D0:100W""]",,,"[""enum labels ui-derived from stringTable balanceTable""]","{""file"": ""original-roland-files/Script/A8EE/Script.xml"", ""line"": 7080}"
fm.pat.mfx.shuffleDelay-level,1F 00 02 49,int4x4,4,"[32768, 32895]",32895,PatchCommonMFX,mfx:SHUFFLE DELAY,script,-32768,,,,[],"{""file"": ""original-roland-files/Script/A8EE/Script.xml"", ""line"": 7088}"
fm.pat.mfx.3dDelay-dlyLSync,1F 00 02 11,int4x4,4,"[32768, 32769]",32768,PatchCommonMFX,mfx:3D DELAY,script,,,,,[],"{""file"": ""original-roland-files/Script/A8EE/Script.xml"", ""line"": 7096}"
fm.pat.mfx.3dDelay-dlyLMsec,1F 00 02 15,int4x4,4,"[32768, 35368]",33168,PatchCommonMFX,mfx:3D DELAY,script,-32768,,,,[],"{""file"": ""original-roland-files/Script/A8EE/Script.xml"", ""line"": 7104}"
fm.pat.mfx.3dDelay-dlyLNote,1F 00 02 19,int4x4,4,"[32768, 32789]",32778,PatchCommonMFX,mfx:3D DELAY,script,,,,,[],"{""file"": ""original-roland-files/Script/A8EE/Script.xml"", ""line"": 7112}"
fm.pat.mfx.3dDelay-dlyRSync,1F 00 02 1D,int4x4,4,"[32768, 32769]",32768,PatchCommonMFX,mfx:3D DELAY,script,,,,,[],"{""file"": ""original-roland-files/Script/A8EE/Script.xml"", ""line"": 7120}"
fm.pat.mfx.3dDelay-dlyRMsec,1F 00 02 21,int4x4,4,"[32768, 35368]",33568,PatchCommonMFX,mfx:3D DELAY,script,-32768,,,,[],"{""file"": ""original-roland-files/Script/A8EE/Script.xml"", ""line"": 7128}"
fm.pat.mfx.3dDelay-dlyRNote,1F 00 02 25,int4x4,4,"[32768, 32789]",32781,PatchCommonMFX,mfx:3D DELAY,script,,,,,[],"{""file"": ""original-roland-files/Script/A8EE/Script.xml"", ""line"": 7136}"
fm.pat.mfx.3dDelay-dlyCSync,1F 00 02 29,int4x4,4,"[32768, 32769]",32768,PatchCommonMFX,mfx:3D DELAY,script,,,,,[],"{""file"": ""original-roland-files/Script/A8EE/Script.xml"", ""line"": 7144}"
fm.pat.mfx.3dDelay-dlyCMsec,1F 00 02 2D,int4x4,4,"[32768, 35368]",33968,PatchCommonMFX,mfx:3D DELAY,script,-32768,,,,[],"{""file"": ""original-roland-files/Script/A8EE/Script.xml"", ""line"": 7152}"
fm.pat.mfx.3dDelay-dlyCNote,1F 00 02 31,int4x4,4,"[32768, 32789]",32783,PatchCommonMFX,mfx:3D DELAY,script,,,,,[],"{""file"": ""original-roland-files/Script/A8EE/Script.xml"", ""line"": 7160}"
fm.pat.mfx.3dDelay-fbk,1F 00 02 35,int4x4,4,"[32768, 32866]",32827,PatchCommonMFX,mfx:3D DELAY,script,-32768,"[""-98%"", ""-96%"", ""-94%"", ""-92%"", ""-90%"", ""-88%"", ""-86%"", ""-84%"", ""-82%"", ""-80%"", ""-78%"", ""-76%"", ""-74%"", ""-72%"", ""-70%"", ""-68%"", ""-66%"", ""-64%"", ""-62%"", ""-60%"", ""-58%"", ""-56%"", ""-54%"", ""-52%"", ""-50%"", ""-48%"", ""-46%"", ""-44%"", ""-42%"", ""-40%"", ""-38%"", ""-36%"", ""-34%"", ""-32%"", ""-30%"", ""-28%"", ""-26%"", ""-24%"", ""-22%"", ""-20%"", ""-18%"", ""-16%"", ""-14%"", ""-12%"", ""-10%"", ""-8%"", ""-6%"", ""-4%"", ""-2%"", ""0%"", ""+2%"", ""+4%"", ""+6%"", ""+8%"", ""+10%"", ""+12%"", ""+14%"", ""+16%"", ""+18%"", ""+20%"", ""+22%"", ""+24%"", ""+26%"", ""+28%"", ""+30%"", ""+32%"", ""+34%"", ""+36%"", ""+38%"", ""+40%"", ""+42%"", ""+44%"", ""+46%"", ""+48%"", ""+50%"", ""+52%"", ""+54%"", ""+56%"", ""+58%"", ""+60%"", ""+62%"", ""+64%"", ""+66%"", ""+68%"", ""+70%"", ""+72%"", ""+74%"", ""+76%"", ""+78%"", ""+80%"", ""+82%"", ""+84%"", ""+86%"", ""+88%"", ""+90%"", ""+92%"", ""+94%"", ""+96%"", ""+98%""]",,,"[""enum labels ui-derived from stringTable fbkTable""]","{""file"": ""original-roland-files/Script/A8EE/Script.xml"", ""line"": 7168}"
fm.pat.mfx.3dDelay-hfDamp,1F 00 02 39,int4x4,4,"[32768, 32785]",32785,PatchCommonMFX,mfx:3D DELAY,script,-32768,"[""200 Hz"", ""250 Hz"", ""315 Hz"", ""400 Hz"", ""500 Hz"", ""630 Hz"", ""800 Hz"", ""1000 Hz"", ""1250 Hz"", ""1600 Hz"", ""2000 Hz"", ""2500 Hz"", ""3150 Hz"", ""4000 Hz"", ""5000 Hz"", ""6300 Hz"", ""8000 Hz"", ""BYPASS""]",,,"[""enum labels ui-derived from stringTable freq200-BypassTable""]","{""file"": ""original-roland-files/Script/A8EE/Script.xml"", ""line"": 7176}"
fm.pat.mfx.3dDelay-lLevel,1F 00 02 3D,int4x4,4,"[32768, 32895]",32832,PatchCommonMFX,mfx:3D DELAY,script,-32768,,,,[],"{""file"": ""original-roland-files/Script/A8EE/Script.xml"", ""line"": 7184}"
fm.pat.mfx.3dDelay-rLevel,1F 00 02 41,int4x4,4,"[32768, 32895]",32832,PatchCommonMFX,mfx:3D DELAY,script,-32768,,,,[],"{""file"": ""original-roland-files/Script/A8EE/Script.xml"", ""line"": 7192}"
fm.pat.mfx.3dDelay-cLevel,1F 00 02 45,int4x4,4,"[32768, 32895]",32808,PatchCommonMFX,mfx:3D DELAY,script,-32768,,,,[],"{""file"": ""original-roland-files/Script/A8EE/Script.xml"", ""line"": 7200}"
fm.pat.mfx.3dDelay-out,1F 00 02 49,int4x4,4,"[32768, 32769]",32768,PatchCommonMFX,mfx:3D DELAY,script,,,,,[],"{""file"": ""original-roland-files/Script/A8EE/Script.xml"", ""line"": 7208}"
fm.pat.mfx.3dDelay-eqLo,1F 00 02 4D,int4x4,4,"[32768, 32798]",32783,PatchCommonMFX,mfx:3D DELAY,script,-32768,"[""-15 dB"", ""-14 dB"", ""-13 dB"", ""-12 dB"", ""-11 dB"", ""-10 dB"", ""-9 dB"", ""-8 dB"", ""-7 dB"", ""-6 dB"", ""-5 dB"", ""-4 dB"", ""-3 dB"", ""-2 dB"", ""-1 dB"", ""0 dB"", ""+1 dB"", ""+2 dB"", ""+3 dB"", ""+4 dB"", ""+5 dB"", ""+6 dB"", ""+7 dB"", ""+8 dB"", ""+9 dB"", ""+10 dB"", ""+11 dB"", ""+12 dB"", ""+13 dB"", ""+14 dB"", ""+15 dB""]",,,"[""enum labels ui-derived from stringTable gain-15-1Table""]","{""file"": ""original-roland-files/Script/A8EE/Script.xml"", ""line"": 7216}"
fm.pat.mfx.3dDelay-eqHi,1F 00 02 51,int4x4,4,"[32768, 32798]",32783,PatchCommonMFX,mfx:3D DELAY,script,-32768,"[""-15 dB"", ""-14 dB"", ""-13 dB"", ""-12 dB"", ""-11 dB"", ""-10 dB"", ""-9 dB"", ""-8 dB"", ""-7 dB"", ""-6 dB"", ""-5 dB"", ""-4 dB"", ""-3 dB"", ""-2 dB"", ""-1 dB"", ""0 dB"", ""+1 dB"", ""+2 dB"", ""+3 dB"", ""+4 dB"", ""+5 dB"", ""+6 dB"", ""+7 dB"", ""+8 dB"", ""+9 dB"", ""+10 dB"", ""+11 dB"", ""+12 dB"", ""+13 dB"", ""+14 dB"", ""+15 dB""]",,,"[""enum labels ui-derived from stringTable gain-15-1Table""]","{""file"": ""original-roland-files/Script/A8EE/Script.xml"", ""line"": 7224}"
fm.pat.mfx.3dDelay-bal,1F 00 02 55,int4x4,4,"[32768, 32868]",32818,PatchCommonMFX,mfx:3D DELAY,script,,"[""D100:0W"", ""D99:01W"", ""D98:02W"", ""D97:03W"", ""D96:04W"", ""D95:05W"", ""D94:06W"", ""D93:07W"", ""D92:08W"", ""D91:09W"", ""D90:10W"", ""D89:11W"", ""D88:12W"", ""D87:13W"", ""D86:14W"", ""D85:15W"", ""D84:16W"", ""D83:17W"", ""D82:18W"", ""D81:19W"", ""D80:20W"", ""D79:21W"", ""D78:22W"", ""D77:23W"", ""D76:24W"", ""D75:25W"", ""D74:26W"", ""D73:27W"", ""D72:28W"", ""D71:29W"", ""D70:30W"", ""D69:31W"", ""D68:32W"", ""D67:33W"", ""D66:34W"", ""D65:35W"", ""D64:36W"", ""D63:37W"", ""D62:38W"", ""D61:39W"", ""D60:40W"", ""D59:41W"", ""D58:42W"", ""D57:43W"", ""D56:44W"", ""D55:45W"", ""D54:46W"", ""D53:47W"", ""D52:48W"", ""D51:49W"", ""D50:50W"", ""D49:51W"", ""D48:52W"", ""D47:53W"", ""D46:54W"", ""D45:55W"", ""D44:56W"", ""D43:57W"", ""D42:58W"", ""D41:59W"", ""D40:60W"", ""D39:61W"", ""D38:62W"", ""D37:63W"", ""D36:64W"", ""D35:65W"", ""D34:66W"", ""D33:67W"", ""D32:68W"", ""D31:69W"", ""D30:70W"", ""D29:71W"", ""D28:72W"", ""D27:73W"", ""D26:74W"", ""D25:75W"", ""D24:76W"", ""D23:77W"", ""D22:78W"", ""D21:79W"", ""D20:80W"", ""D19:81W"", ""D18:82W"", ""D17:83W"", ""D16:84W"", ""D15:85W"", ""D14:86W"", ""D13:87W"", ""D12:88W"", ""D11:89W"", ""D10:90W"", ""D09:91W"", ""D08:92W"", ""D07:93W"", ""D06:94W"", ""D05:95W"", ""D04:96W"", ""D03:97W"", ""D02:98W"", ""D01:99W"", ""D0:100W""]",,,"[""enum labels ui-derived from stringTable balanceTable""]","{""file"": ""original-roland-files/Script/A8EE/Script.xml"", ""line"": 7232}"
fm.pat.mfx.3dDelay-level,1F 00 02 59,int4x4,4,"[32768, 32895]",32895,PatchCommonMFX,mfx:3D DELAY,script,-32768,,,,[],"{""file"": ""original-roland-files/Script/A8EE/Script.xml"", ""line"": 7240}"
fm.pat.mfx.timeCtrlDelay-dlySync,1F 00 02 11,int4x4,4,"[32768, 32769]",32768,PatchCommonMFX,mfx:ANALOG DELAY,script,,,,,[],"{""file"": ""original-roland-files/Script/A8EE/Script.xml"", ""line"": 7248}"
fm.pat.mfx.timeCtrlDelay-dlyMsec,1F 00 02 15,int4x4,4,"[32768, 34068]",33368,PatchCommonMFX,mfx:ANALOG DELAY,script,-32768,,,,[],"{""file"": ""original-roland-files/Script/A8EE/Script.xml"", ""line"": 7256}"
fm.pat.mfx.timeCtrlDelay-dlyNote,1F 00 02 19,int4x4,4,"[32768, 32789]",32780,PatchCommonMFX,mfx:ANALOG DELAY,script,,,,,[],"{""file"": ""original-roland-files/Script/A8EE/Script.xml"", ""line"": 7264}"
fm.pat.mfx.timeCtrlDelay-accel,1F 00 02 1D,int4x4,4,"[32768, 32783]",32778,PatchCommonMFX,mfx:ANALOG DELAY,script,-32768,,,,[],"{""file"": ""original-roland-files/Script/A8EE/Script.xml"", ""line"": 7272}"
fm.pat.mfx.timeCtrlDelay-fbk,1F 00 02 21,int4x4,4,"[32768, 32866]",32827,PatchCommonMFX,mfx:ANALOG DELAY,script,-32768,"[""-98%"", ""-96%"", ""-94%"", ""-92%"", ""-90%"", ""-88%"", ""-86%"", ""-84%"", ""-82%"", ""-80%"", ""-78%"", ""-76%"", ""-74%"", ""-72%"", ""-70%"", ""-68%"", ""-66%"", ""-64%"", ""-62%"", ""-60%"", ""-58%"", ""-56%"", ""-54%"", ""-52%"", ""-50%"", ""-48%"", ""-46%"", ""-44%"", ""-42%"", ""-40%"", ""-38%"", ""-36%"", ""-34%"", ""-32%"", ""-30%"", ""-28%"", ""-26%"", ""-24%"", ""-22%"", ""-20%"", ""-18%"", ""-16%"", ""-14%"", ""-12%"", ""-10%"", ""-8%"", ""-6%"", ""-4%"", ""-2%"", ""0%"", ""+2%"", ""+4%"", ""+6%"", ""+8%"", ""+10%"", ""+12%"", ""+14%"", ""+16%"", ""+18%"", ""+20%"", ""+22%"", ""+24%"", ""+26%"", ""+28%"", ""+30%"", ""+32%"", ""+34%"", ""+36%"", ""+38%"", ""+40%"", ""+42%"", ""+44%"", ""+46%"", ""+48%"", ""+50%"", ""+52%"", ""+54%"", ""+56%"", ""+58%"", ""+60%"", ""+62%"", ""+64%"", ""+66%"", ""+68%"", ""+70%"", ""+72%"", ""+74%"", ""+76%"", ""+78%"", ""+80%"", ""+82%"", ""+84%"", ""+86%"", ""+88%"", ""+90%"", ""+92%"", ""+94%"", ""+96%"", ""+98%""]",,,"[""enum labels ui-derived from stringTable fbkTable""]","{""file"": ""original-roland-files/Script/A8EE/Script.xml"", ""line"": 7280}"
fm.pat.mfx.timeCtrlDelay-hfDamp,1F 00 02 25,int4x4,4,"[32768, 32785]",32785,PatchCommonMFX,mfx:ANALOG DELAY,script,-32768,"[""200 Hz"", ""250 Hz"", ""315 Hz"", ""400 Hz"", ""500 Hz"", ""630 Hz"", ""800 Hz"", ""1000 Hz"", ""1250 Hz"", ""1600 Hz"", ""2000 Hz"", ""2500 Hz"", ""3150 Hz"", ""4000 Hz"", ""5000 Hz"", ""6300 Hz"", ""8000 Hz"", ""BYPASS""]",,,"[""enum labels ui-derived from stringTable freq200-BypassTable""]","{""file"": ""original-roland-files/Script/A8EE/Script.xml"", ""line"": 7288}"
fm.pat.mfx.timeCtrlDelay-eqLo,1F 00 02 29,int4x4,4,"[32768, 32798]",32783,PatchCommonMFX,mfx:ANALOG DELAY,script,-32768,"[""-15 dB"", ""-14 dB"", ""-13 dB"", ""-12 dB"", ""-11 dB"", ""-10 dB"", ""-9 dB"", ""-8 dB"", ""-7 dB"", ""-6 dB"", ""-5 dB"", ""-4 dB"", ""-3 dB"", ""-2 dB"", ""-1 dB"", ""0 dB"", ""+1 dB"", ""+2 dB"", ""+3 dB"", ""+4 dB"", ""+5 dB"", ""+6 dB"", ""+7 dB"", ""+8 dB"", ""+9 dB"", ""+10 dB"", ""+11 dB"", ""+12 dB"", ""+13 dB"", ""+14 dB"", ""+15 dB""]",,,"[""enum labels ui-derived from stringTable gain-15-1Table""]","{""file"": ""original-roland-files/Script/A8EE/Script.xml"", ""line"": 7296}"
fm.pat.mfx.timeCtrlDelay-eqHi,1F 00 02 2D,int4x4,4,"[32768, 32798]",32783,PatchCommonMFX,mfx:ANALOG DELAY,script,-32768,"[""-15 dB"", ""-14 dB"", ""-13 dB"", ""-12 dB"", ""-11 dB"", ""-10 dB"", ""-9 dB"", ""-8 dB"", ""-7 dB"", ""-6 dB"", ""-5 dB"", ""-4 dB"", ""-3 dB"", ""-2 dB"", ""-1 dB"", ""0 dB"", ""+1 dB"", ""+2 dB"", ""+3 dB"", ""+4 dB"", ""+5 dB"", ""+6 dB"", ""+7 dB"", ""+8 dB"", ""+9 dB"", ""+10 dB"", ""+11 dB"", ""+12 dB"", ""+13 dB"", ""+14 dB"", ""+15 dB""]",,,"[""enum labels ui-derived from stringTable gain-15-1Table""]","{""file"": ""original-roland-files/Script/A8EE/Script.xml"", ""line"": 7304}"
fm.pat.mfx.timeCtrlDelay-bal,1F 00 02 31,int4x4,4,"[32768, 32868]",32818,PatchCommonMFX,mfx:ANALOG DELAY,script,,"[""D100:0W"", ""D99:01W"", ""D98:02W"", ""D97:03W"", ""D96:04W"", ""D95:05W"", ""D94:06W"", ""D93:07W"", ""D92:08W"", ""D91:09W"", ""D90:10W"", ""D89:11W"", ""D88:12W"", ""D87:13W"", ""D86:14W"", ""D85:15W"", ""D84:16W"", ""D83:17W"", ""D82:18W"", ""D81:19W"", ""D80:20W"", ""D79:21W"", ""D78:22W"", ""D77:23W"", ""D76:24W"", ""D75:25W"", ""D74:26W"", ""D73:27W"", ""D72:28W"", ""D71:29W"", ""D70:30W"", ""D69:31W"", ""D68:32W"", ""D67:33W"", ""D66:34W"", ""D65:35W"", ""D64:36W"", ""D63:37W"", ""D62:38W"", ""D61:39W"", ""D60:40W"", ""D59:41W"", ""D58:42W"", ""D57:43W"", ""D56:44W"", ""D55:45W"", ""D54:46W"", ""D53:47W"", ""D52:48W"", ""D51:49W"", ""D50:50W"", ""D49:51W"", ""D48:52W"", ""D47:53W"", ""D46:54W"", ""D45:55W"", ""D44:56W"", ""D43:57W"", ""D42:58W"", ""D41:59W"", ""D40:60W"", ""D39:61W"", ""D38:62W"", ""D37:63W"", ""D36:64W"", ""D35:65W"", ""D34:66W"", ""D33:67W"", ""D32:68W"", ""D31:69W"", ""D30:70W"", ""D29:71W"", ""D28:72W"", ""D27:73W"", ""D26:74W"", ""D25:75W"", ""D24:76W"", ""D23:77W"", ""D22:78W"", ""D21:79W"", ""D20:80W"", ""D19:81W"", ""D18:82W"", ""D17:83W"", ""D16:84W"", ""D15:85W"", ""D14:86W"", ""D13:87W"", ""D12:88W"", ""D11:89W"", ""D10:90W"", ""D09:91W"", ""D08:92W"", ""D07:93W"", ""D06:94W"", ""D05:95W"", ""D04:96W"", ""D03:97W"", ""D02:98W"", ""D01:99W"", ""D0:100W""]",,,"[""enum labels ui-derived from stringTable balanceTable""]","{""file"": ""original-roland-files/Script/A8EE/Script.xml"", ""line"": 7312}"
fm.pat.mfx.timeCtrlDelay-level,1F 00 02 35,int4x4,4,"[32768, 32895]",32895,PatchCommonMFX,mfx:ANALOG DELAY,script,-32768,,,,[],"{""file"": ""original-roland-files/Script/A8EE/Script.xml"", ""line"": 7320}"
fm.pat.mfx.longTimeCtrlDelay-dlySync,1F 00 02 11,int4x4,4,"[32768, 32769]",32768,PatchCommonMFX,mfx:ANALOG LONG DELAY,script,,,,,[],"{""file"": ""original-roland-files/Script/A8EE/Script.xml"", ""line"": 7328}"
fm.pat.mfx.longTimeCtrlDelay-dlyMsec,1F 00 02 15,int4x4,4,"[32768, 35368]",33968,PatchCommonMFX,mfx:ANALOG LONG DELAY,script,-32768,,,,[],"{""file"": ""original-roland-files/Script/A8EE/Script.xml"", ""line"": 7336}"
fm.pat.mfx.longTimeCtrlDelay-dlyNote,1F 00 02 19,int4x4,4,"[32768, 32789]",32783,PatchCommonMFX,mfx:ANALOG LONG DELAY,script,,,,,[],"{""file"": ""original-roland-files/Script/A8EE/Script.xml"", ""line"": 7344}"
fm.pat.mfx.longTimeCtrlDelay-accel,1F 00 02 1D,int4x4,4,"[32768, 32783]",32778,PatchCommonMFX,mfx:ANALOG LONG DELAY,script,-32768,,,,[],"{""file"": ""original-roland-files/Script/A8EE/Script.xml"", ""line"": 7352}"
fm.pat.mfx.longTimeCtrlDelay-fbk,1F 00 02 21,int4x4,4,"[32768, 32866]",32827,PatchCommonMFX,mfx:ANALOG LONG DELAY,script,-32768,"[""-98%"", ""-96%"", ""-94%"", ""-92%"", ""-90%"", ""-88%"", ""-86%"", ""-84%"", ""-82%"", ""-80%"", ""-78%"", ""-76%"", ""-74%"", ""-72%"", ""-70%"", ""-68%"", ""-66%"", ""-64%"", ""-62%"", ""-60%"", ""-58%"", ""-56%"", ""-54%"", ""-52%"", ""-50%"", ""-48%"", ""-46%"", ""-44%"", ""-42%"", ""-40%"", ""-38%"", ""-36%"", ""-34%"", ""-32%"", ""-30%"", ""-28%"", ""-26%"", ""-24%"", ""-22%"", ""-20%"", ""-18%"", ""-16%"", ""-14%"", ""-12%"", ""-10%"", ""-8%"", ""-6%"", ""-4%"", ""-2%"", ""0%"", ""+2%"", ""+4%"", ""+6%"", ""+8%"", ""+10%"", ""+12%"", ""+14%"", ""+16%"", ""+18%"", ""+20%"", ""+22%"", ""+24%"", ""+26%"", ""+28%"", ""+30%"", ""+32%"", ""+34%"", ""+36%"", ""+38%"", ""+40%"", ""+42%"", ""+44%"", ""+46%"", ""+48%"", ""+50%"", ""+52%"", ""+54%"", ""+56%"", ""+58%"", ""+60%"", ""+62%"", ""+64%"", ""+66%"", ""+68%"", ""+70%"", ""+72%"", ""+74%"", ""+76%"", ""+78%"", ""+80%"", ""+82%"", ""+84%"", ""+86%"", ""+88%"", ""+90%"", ""+92%"", ""+94%"", ""+96%"", ""+98%""]",,,"[""enum labels ui-derived from stringTable fbkTable""]","{""file"": ""original-roland-files/Script/A8EE/Script.xml"", ""line"": 7360}"
fm.pat.mfx.longTimeCtrlDelay-hfDamp,1F 00 02 25,int4x4,4,"[32768, 32785]",32785,PatchCommonMFX,mfx:ANALOG LONG DELAY,script,-32768,"[""200 Hz"", ""250 Hz"", ""315 Hz"", ""400 Hz"", ""500 Hz"", ""630 Hz"", ""800 Hz"", ""1000 Hz"", ""1250 Hz"", ""1600 Hz"", ""2000 Hz"", ""2500 Hz"", ""3150 Hz"", ""4000 Hz"", ""5000 Hz"", ""6300 Hz"", ""8000 Hz"", ""BYPASS""]",,,"[""enum labels ui-derived from stringTable freq200-BypassTable""]","{""file"": ""original-roland-files/Script/A8EE/Script.xml"", ""line"": 7368}"
fm.pat.mfx.longTimeCtrlDelay-pan,1F 00 02 29,int4x4,4,"[32768, 32895]",32832,PatchCommonMFX,mfx:ANALOG LONG DELAY,script,,,,,[],"{""file"": ""original-roland-files/Script/A8EE/Script.xml"", ""line"": 7376}"
fm.pat.mfx.longTimeCtrlDelay-eqLo,1F 00 02 2D,int4x4,4,"[32768, 32798]",32783,PatchCommonMFX,mfx:ANALOG LONG DELAY,script,-32768,"[""-15 dB"", ""-14 dB"", ""-13 dB"", ""-12 dB"", ""-11 dB"", ""-10 dB"", ""-9 dB"", ""-8 dB"", ""-7 dB"", ""-6 dB"", ""-5 dB"", ""-4 dB"", ""-3 dB"", ""-2 dB"", ""-1 dB"", ""0 dB"", ""+1 dB"", ""+2 dB"", ""+3 dB"", ""+4 dB"", ""+5 dB"", ""+6 dB"", ""+7 dB"", ""+8 dB"", ""+9 dB"", ""+10 dB"", ""+11 dB"", ""+12 dB"", ""+13 dB"", ""+14 dB"", ""+15 dB""]",,,"[""enum labels ui-derived from stringTable gain-15-1Table""]","{""file"": ""original-roland-files/Script/A8EE/Script.xml"", ""line"": 7384}"
fm.pat.mfx.longTimeCtrlDelay-eqHi,1F 00 02 31,int4x4,4,"[32768, 32798]",32783,PatchCommonMFX,mfx:ANALOG LONG DELAY,script,-32768,"[""-15 dB"", ""-14 dB"", ""-13 dB"", ""-12 dB"", ""-11 dB"", ""-10 dB"", ""-9 dB"", ""-8 dB"", ""-7 dB"", ""-6 dB"", ""-5 dB"", ""-4 dB"", ""-3 dB"", ""-2 dB"", ""-1 dB"", ""0 dB"", ""+1 dB"", ""+2 dB"", ""+3 dB"", ""+4 dB"", ""+5 dB"", ""+6 dB"", ""+7 dB"", ""+8 dB"", ""+9 dB"", ""+10 dB"", ""+11 dB"", ""+12 dB"", ""+13 dB"", ""+14 dB"", ""+15 dB""]",,,"[""enum labels ui-derived from stringTable gain-15-1Table""]","{""file"": ""original-roland-files/Script/A8EE/Script.xml"", ""line"": 7392}"
fm.pat.mfx.longTimeCtrlDelay-bal,1F 00 02 35,int4x4,4,"[32768, 32868]",32818,PatchCommonMFX,mfx:ANALOG LONG DELAY,script,,"[""D100:0W"", ""D99:01W"", ""D98:02W"", ""D97:03W"", ""D96:04W"", ""D95:05W"", ""D94:06W"", ""D93:07W"", ""D92:08W"", ""D91:09W"", ""D90:10W"", ""D89:11W"", ""D88:12W"", ""D87:13W"", ""D86:14W"", ""D85:15W"", ""D84:16W"", ""D83:17W"", ""D82:18W"", ""D81:19W"", ""D80:20W"", ""D79:21W"", ""D78:22W"", ""D77:23W"", ""D76:24W"", ""D75:25W"", ""D74:26W"", ""D73:27W"", ""D72:28W"", ""D71:29W"", ""D70:30W"", ""D69:31W"", ""D68:32W"", ""D67:33W"", ""D66:34W"", ""D65:35W"", ""D64:36W"", ""D63:37W"", ""D62:38W"", ""D61:39W"", ""D60:40W"", ""D59:41W"", ""D58:42W"", ""D57:43W"", ""D56:44W"", ""D55:45W"", ""D54:46W"", ""D53:47W"", ""D52:48W"", ""D51:49W"", ""D50:50W"", ""D49:51W"", ""D48:52W"", ""D47:53W"", ""D46:54W"", ""D45:55W"", ""D44:56W"", ""D43:57W"", ""D42:58W"", ""D41:59W"", ""D40:60W"", ""D39:61W"", ""D38:62W"", ""D37:63W"", ""D36:64W"", ""D35:65W"", ""D34:66W"", ""D33:67W"", ""D32:68W"", ""D31:69W"", ""D30:70W"", ""D29:71W"", ""D28:72W"", ""D27:73W"", ""D26:74W"", ""D25:75W"", ""D24:76W"", ""D23:77W"", ""D22:78W"", ""D21:79W"", ""D20:80W"", ""D19:81W"", ""D18:82W"", ""D17:83W"", ""D16:84W"", ""D15:85W"", ""D14:86W"", ""D13:87W"", ""D12:88W"", ""D11:89W"", ""D10:90W"", ""D09:91W"", ""D08:92W"", ""D07:93W"", ""D06:94W"", ""D05:95W"", ""D04:96W"", ""D03:97W"", ""D02:98W"", ""D01:99W"", ""D0:100W""]",,,"[""enum labels ui-derived from stringTable balanceTable""]","{""file"": ""original-roland-files/Script/A8EE/Script.xml"", ""line"": 7400}"
fm.pat.mfx.longTimeCtrlDelay-level,1F 00 02 39,int4x4,4,"[32768, 32895]",32895,PatchCommonMFX,mfx:ANALOG LONG DELAY,script,-32768,,,,[],"{""file"": ""original-roland-files/Script/A8EE/Script.xml"", ""line"": 7408}"
fm.pat.mfx.tapeEcho-mode,1F 00 02 11,int4x4,4,"[32768, 32774]",32770,PatchCommonMFX,mfx:TAPE ECHO,script,,"[""S"", ""M"", ""L"", ""S+M"", ""S+L"", ""M+L"", ""S+M+L""]",,,"[""enum labels ui-derived from stringTable tapeEchoModeTable""]","{""file"": ""original-roland-files/Script/A8EE/Script.xml"", ""line"": 7416}"
fm.pat.mfx.tapeEcho-rpRate,1F 00 02 15,int4x4,4,"[32768, 32895]",32832,PatchCommonMFX,mfx:TAPE ECHO,script,-32768,,,,[],"{""file"": ""original-roland-files/Script/A8EE/Script.xml"", ""line"": 7424}"
fm.pat.mfx.tapeEcho-intens,1F 00 02 19,int4x4,4,"[32768, 32895]",32832,PatchCommonMFX,mfx:TAPE ECHO,script,-32768,,,,[],"{""file"": ""original-roland-files/Script/A8EE/Script.xml"", ""line"": 7432}"
fm.pat.mfx.tapeEcho-bass,1F 00 02 1D,int4x4,4,"[32768, 32798]",32783,PatchCommonMFX,mfx:TAPE ECHO,script,-32768,"[""-15 dB"", ""-14 dB"", ""-13 dB"", ""-12 dB"", ""-11 dB"", ""-10 dB"", ""-9 dB"", ""-8 dB"", ""-7 dB"", ""-6 dB"", ""-5 dB"", ""-4 dB"", ""-3 dB"", ""-2 dB"", ""-1 dB"", ""0 dB"", ""+1 dB"", ""+2 dB"", ""+3 dB"", ""+4 dB"", ""+5 dB"", ""+6 dB"", ""+7 dB"", ""+8 dB"", ""+9 dB"", ""+10 dB"", ""+11 dB"", ""+12 dB"", ""+13 dB"", ""+14 dB"", ""+15 dB""]",,,"[""enum labels ui-derived from stringTable gain-15-1Table""]","{""file"": ""original-roland-files/Script/A8EE/Script.xml"", ""line"": 7440}"
fm.pat.mfx.tapeEcho-treble,1F 00 02 21,int4x4,4,"[32768, 32798]",32783,PatchCommonMFX,mfx:TAPE ECHO,script,-32768,"[""-15 dB"", ""-14 dB"", ""-13 dB"", ""-12 dB"", ""-11 dB"", ""-10 dB"", ""-9 dB"", ""-8 dB"", ""-7 dB"", ""-6 dB"", ""-5 dB"", ""-4 dB"", ""-3 dB"", ""-2 dB"", ""-1 dB"", ""0 dB"", ""+1 dB"", ""+2 dB"", ""+3 dB"", ""+4 dB"", ""+5 dB"", ""+6 dB"", ""+7 dB"", ""+8 dB"", ""+9 dB"", ""+10 dB"", ""+11 dB"", ""+12 dB"", ""+13 dB"", ""+14 dB"", ""+15 dB""]",,,"[""enum labels ui-derived from stringTable gain-15-1Table""]","{""file"": ""original-roland-files/Script/A8EE/Script.xml"", ""line"": 7448}"
fm.pat.mfx.tapeEcho-panS,1F 00 02 25,int4x4,4,"[32768, 32895]",32832,PatchCommonMFX,mfx:TAPE ECHO,script,,,,,[],"{""file"": ""original-roland-files/Script/A8EE/Script.xml"", ""line"": 7456}"
fm.pat.mfx.tapeEcho-panM,1F 00 02 29,int4x4,4,"[32768, 32895]",32832,PatchCommonMFX,mfx:TAPE ECHO,script,,,,,[],"{""file"": ""original-roland-files/Script/A8EE/Script.xml"", ""line"": 7464}"
fm.pat.mfx.tapeEcho-panL,1F 00 02 2D,int4x4,4,"[32768, 32895]",32832,PatchCommonMFX,mfx:TAPE ECHO,script,,,,,[],"{""file"": ""original-roland-files/Script/A8EE/Script.xml"", ""line"": 7472}"
fm.pat.mfx.tapeEcho-dist,1F 00 02 31,int4x4,4,"[32768, 32773]",32768,PatchCommonMFX,mfx:TAPE ECHO,script,-32768,"[""0"", ""1"", ""2"", ""3"", ""4"", ""5""]",,,"[""enum labels ui-derived from stringTable tapeEchoDistortionTable""]","{""file"": ""original-roland-files/Script/A8EE/Script.xml"", ""line"": 7480}"
fm.pat.mfx.tapeEcho-wfRate,1F 00 02 35,int4x4,4,"[32768, 32895]",32788,PatchCommonMFX,mfx:TAPE ECHO,script,-32768,,,,[],"{""file"": ""original-roland-files/Script/A8EE/Script.xml"", ""line"": 7488}"
fm.pat.mfx.tapeEcho-wfDepth,1F 00 02 39,int4x4,4,"[32768, 32895]",32788,PatchCommonMFX,mfx:TAPE ECHO,script,-32768,,,,[],"{""file"": ""original-roland-files/Script/A8EE/Script.xml"", ""line"": 7496}"
fm.pat.mfx.tapeEcho-echoLev,1F 00 02 3D,int4x4,4,"[32768, 32895]",32832,PatchCommonMFX,mfx:TAPE ECHO,script,-32768,,,,[],"{""file"": ""original-roland-files/Script/A8EE/Script.xml"", ""line"": 7504}"
fm.pat.mfx.tapeEcho-directLev,1F 00 02 41,int4x4,4,"[32768, 32895]",32895,PatchCommonMFX,mfx:TAPE ECHO,script,-32768,,,,[],"{""file"": ""original-roland-files/Script/A8EE/Script.xml"", ""line"": 7512}"
fm.pat.mfx.tapeEcho-level,1F 00 02 45,int4x4,4,"[32768, 32895]",32895,PatchCommonMFX,mfx:TAPE ECHO,script,-32768,,,,[],"{""file"": ""original-roland-files/Script/A8EE/Script.xml"", ""line"": 7520}"
fm.pat.mfx.lofiNoise-lofiType,1F 00 02 11,int4x4,4,"[32768, 32776]",32772,PatchCommonMFX,mfx:LOFI NOISE,script,-32768,"[""1"", ""2"", ""3"", ""4"", ""5"", ""6"", ""7"", ""8"", ""9""]",,,"[""enum labels ui-derived from stringTable integerTable""]","{""file"": ""original-roland-files/Script/A8EE/Script.xml"", ""line"": 7528}"
fm.pat.mfx.lofiNoise-filType,1F 00 02 15,int4x4,4,"[32768, 32770]",32769,PatchCommonMFX,mfx:LOFI NOISE,script,,,,,[],"{""file"": ""original-roland-files/Script/A8EE/Script.xml"", ""line"": 7536}"
fm.pat.mfx.lofiNoise-cutoff,1F 00 02 19,int4x4,4,"[32768, 32784]",32781,PatchCommonMFX,mfx:LOFI NOISE,script,-32768,,,,[],"{""file"": ""original-roland-files/Script/A8EE/Script.xml"", ""line"": 7544}"
fm.pat.mfx.lofiNoise-wPType,1F 00 02 1D,int4x4,4,"[32768, 32769]",32768,PatchCommonMFX,mfx:LOFI NOISE,script,,,,,[],"{""file"": ""original-roland-files/Script/A8EE/Script.xml"", ""line"": 7552}"
fm.pat.mfx.lofiNoise-wPLpf,1F 00 02 21,int4x4,4,"[32768, 32785]",32778,PatchCommonMFX,mfx:LOFI NOISE,script,-32768,"[""200 Hz"", ""250 Hz"", ""315 Hz"", ""400 Hz"", ""500 Hz"", ""630 Hz"", ""800 Hz"", ""1000 Hz"", ""1250 Hz"", ""1600 Hz"", ""2000 Hz"", ""2500 Hz"", ""3150 Hz"", ""4000 Hz"", ""5000 Hz"", ""6300 Hz"", ""8000 Hz"", ""BYPASS""]",,,"[""enum labels ui-derived from stringTable freq200-BypassTable""]","{""file"": ""original-roland-files/Script/A8EE/Script.xml"", ""line"": 7560}"
fm.pat.mfx.lofiNoise-wPLevel,1F 00 02 25,int4x4,4,"[32768, 32895]",32768,PatchCommonMFX,mfx:LOFI NOISE,script,-32768,,,,[],"{""file"": ""original-roland-files/Script/A8EE/Script.xml"", ""line"": 7568}"
fm.pat.mfx.lofiNoise-discType,1F 00 02 29,int4x4,4,"[32768, 32771]",32771,PatchCommonMFX,mfx:LOFI NOISE,script,,"[""LP"", ""EP"", ""SP"", ""RND""]",,,"[""enum labels ui-derived from stringTable discNoiseTypeTable""]","{""file"": ""original-roland-files/Script/A8EE/Script.xml"", ""line"": 7576}"
fm.pat.mfx.lofiNoise-discLpf,1F 00 02 2D,int4x4,4,"[32768, 32785]",32778,PatchCommonMFX,mfx:LOFI NOISE,script,-32768,"[""200 Hz"", ""250 Hz"", ""315 Hz"", ""400 Hz"", ""500 Hz"", ""630 Hz"", ""800 Hz"", ""1000 Hz"", ""1250 Hz"", ""1600 Hz"", ""2000 Hz"", ""2500 Hz"", ""3150 Hz"", ""4000 Hz"", ""5000 Hz"", ""6300 Hz"", ""8000 Hz"", ""BYPASS""]",,,"[""enum labels ui-derived from stringTable freq200-BypassTable""]","{""file"": ""original-roland-files/Script/A8EE/Script.xml"", ""line"": 7584}"
fm.pat.mfx.lofiNoise-discLevel,1F 00 02 31,int4x4,4,"[32768, 32895]",32768,PatchCommonMFX,mfx:LOFI NOISE,script,-32768,,,,[],"{""file"": ""original-roland-files/Script/A8EE/Script.xml"", ""line"": 7592}"
fm.pat.mfx.lofiNoise-humType,1F 00 02 35,int4x4,4,"[32768, 32769]",32768,PatchCommonMFX,mfx:LOFI NOISE,script,,,,,[],"{""file"": ""original-roland-files/Script/A8EE/Script.xml"", ""line"": 7600}"
fm.pat.mfx.lofiNoise-humLpf,1F 00 02 39,int4x4,4,"[32768, 32785]",32778,PatchCommonMFX,mfx:LOFI NOISE,script,-32768,"[""200 Hz"", ""250 Hz"", ""315 Hz"", ""400 Hz"", ""500 Hz"", ""630 Hz"", ""800 Hz"", ""1000 Hz"", ""1250 Hz"", ""1600 Hz"", ""2000 Hz"", ""2500 Hz"", ""3150 Hz"", ""4000 Hz"", ""5000 Hz"", ""6300 Hz"", ""8000 Hz"", ""BYPASS""]",,,"[""enum labels ui-derived from stringTable freq200-BypassTable""]","{""file"": ""original-roland-files/Script/A8EE/Script.xml"", ""line"": 7608}"
fm.pat.mfx.lofiNoise-humLevel,1F 00 02 3D,int4x4,4,"[32768, 32895]",32768,PatchCommonMFX,mfx:LOFI NOISE,script,-32768,,,,[],"{""file"": ""original-roland-files/Script/A8EE/Script.xml"", ""line"": 7616}"
fm.pat.mfx.lofiNoise-eqLo,1F 00 02 41,int4x4,4,"[32768, 32798]",32783,PatchCommonMFX,mfx:LOFI NOISE,script,-32768,"[""-15 dB"", ""-14 dB"", ""-13 dB"", ""-12 dB"", ""-11 dB"", ""-10 dB"", ""-9 dB"", ""-8 dB"", ""-7 dB"", ""-6 dB"", ""-5 dB"", ""-4 dB"", ""-3 dB"", ""-2 dB"", ""-1 dB"", ""0 dB"", ""+1 dB"", ""+2 dB"", ""+3 dB"", ""+4 dB"", ""+5 dB"", ""+6 dB"", ""+7 dB"", ""+8 dB"", ""+9 dB"", ""+10 dB"", ""+11 dB"", ""+12 dB"", ""+13 dB"", ""+14 dB"", ""+15 dB""]",,,"[""enum labels ui-derived from stringTable gain-15-1Table""]","{""file"": ""original-roland-files/Script/A8EE/Script.xml"", ""line"": 7624}"
fm.pat.mfx.lofiNoise-eqHi,1F 00 02 45,int4x4,4,"[32768, 32798]",32783,PatchCommonMFX,mfx:LOFI NOISE,script,-32768,"[""-15 dB"", ""-14 dB"", ""-13 dB"", ""-12 dB"", ""-11 dB"", ""-10 dB"", ""-9 dB"", ""-8 dB"", ""-7 dB"", ""-6 dB"", ""-5 dB"", ""-4 dB"", ""-3 dB"", ""-2 dB"", ""-1 dB"", ""0 dB"", ""+1 dB"", ""+2 dB"", ""+3 dB"", ""+4 dB"", ""+5 dB"", ""+6 dB"", ""+7 dB"", ""+8 dB"", ""+9 dB"", ""+10 dB"", ""+11 dB"", ""+12 dB"", ""+13 dB"", ""+14 dB"", ""+15 dB""]",,,"[""enum labels ui-derived from stringTable gain-15-1Table""]","{""file"": ""original-roland-files/Script/A8EE/Script.xml"", ""line"": 7632}"
fm.pat.mfx.lofiNoise-bal,1F 00 02 49,int4x4,4,"[32768, 32868]",32868,PatchCommonMFX,mfx:LOFI NOISE,script,,"[""D100:0W"", ""D99:01W"", ""D98:02W"", ""D97:03W"", ""D96:04W"", ""D95:05W"", ""D94:06W"", ""D93:07W"", ""D92:08W"", ""D91:09W"", ""D90:10W"", ""D89:11W"", ""D88:12W"", ""D87:13W"", ""D86:14W"", ""D85:15W"", ""D84:16W"", ""D83:17W"", ""D82:18W"", ""D81:19W"", ""D80:20W"", ""D79:21W"", ""D78:22W"", ""D77:23W"", ""D76:24W"", ""D75:25W"", ""D74:26W"", ""D73:27W"", ""D72:28W"", ""D71:29W"", ""D70:30W"", ""D69:31W"", ""D68:32W"", ""D67:33W"", ""D66:34W"", ""D65:35W"", ""D64:36W"", ""D63:37W"", ""D62:38W"", ""D61:39W"", ""D60:40W"", ""D59:41W"", ""D58:42W"", ""D57:43W"", ""D56:44W"", ""D55:45W"", ""D54:46W"", ""D53:47W"", ""D52:48W"", ""D51:49W"", ""D50:50W"", ""D49:51W"", ""D48:52W"", ""D47:53W"", ""D46:54W"", ""D45:55W"", ""D44:56W"", ""D43:57W"", ""D42:58W"", ""D41:59W"", ""D40:60W"", ""D39:61W"", ""D38:62W"", ""D37:63W"", ""D36:64W"", ""D35:65W"", ""D34:66W"", ""D33:67W"", ""D32:68W"", ""D31:69W"", ""D30:70W"", ""D29:71W"", ""D28:72W"", ""D27:73W"", ""D26:74W"", ""D25:75W"", ""D24:76W"", ""D23:77W"", ""D22:78W"", ""D21:79W"", ""D20:80W"", ""D19:81W"", ""D18:82W"", ""D17:83W"", ""D16:84W"", ""D15:85W"", ""D14:86W"", ""D13:87W"", ""D12:88W"", ""D11:89W"", ""D10:90W"", ""D09:91W"", ""D08:92W"", ""D07:93W"", ""D06:94W"", ""D05:95W"", ""D04:96W"", ""D03:97W"", ""D02:98W"", ""D01:99W"", ""D0:100W""]",,,"[""enum labels ui-derived from stringTable balanceTable""]","{""file"": ""original-roland-files/Script/A8EE/Script.xml"", ""line"": 7640}"
fm.pat.mfx.lofiNoise-level,1F 00 02 4D,int4x4,4,"[32768, 32895]",32895,PatchCommonMFX,mfx:LOFI NOISE,script,-32768,,,,[],"{""file"": ""original-roland-files/Script/A8EE/Script.xml"", ""line"": 7648}"
fm.pat.mfx.lofiCompress-preFilt,1F 00 02 11,int4x4,4,"[32768, 32773]",32769,PatchCommonMFX,mfx:LOFI COMPRESS,script,-32768,,,,[],"{""file"": ""original-roland-files/Script/A8EE/Script.xml"", ""line"": 7656}"
fm.pat.mfx.lofiCompress-lofiType,1F 00 02 15,int4x4,4,"[32768, 32776]",32772,PatchCommonMFX,mfx:LOFI COMPRESS,script,-32768,"[""1"", ""2"", ""3"", ""4"", ""5"", ""6"", ""7"", ""8"", ""9""]",,,"[""enum labels ui-derived from stringTable integerTable""]","{""file"": ""original-roland-files/Script/A8EE/Script.xml"", ""line"": 7664}"
fm.pat.mfx.lofiCompress-postFilt,1F 00 02 19,int4x4,4,"[32768, 32770]",32769,PatchCommonMFX,mfx:LOFI COMPRESS,script,,,,,[],"{""file"": ""original-roland-files/Script/A8EE/Script.xml"", ""line"": 7672}"
fm.pat.mfx.lofiCompress-cutoff,1F 00 02 1D,int4x4,4,"[32768, 32784]",32781,PatchCommonMFX,mfx:LOFI COMPRESS,script,-32768,,,,[],"{""file"": ""original-roland-files/Script/A8EE/Script.xml"", ""line"": 7680}"
fm.pat.mfx.lofiCompress-eqLo,1F 00 02 21,int4x4,4,"[32768, 32798]",32783,PatchCommonMFX,mfx:LOFI COMPRESS,script,-32768,"[""-15 dB"", ""-14 dB"", ""-13 dB"", ""-12 dB"", ""-11 dB"", ""-10 dB"", ""-9 dB"", ""-8 dB"", ""-7 dB"", ""-6 dB"", ""-5 dB"", ""-4 dB"", ""-3 dB"", ""-2 dB"", ""-1 dB"", ""0 dB"", ""+1 dB"", ""+2 dB"", ""+3 dB"", ""+4 dB"", ""+5 dB"", ""+6 dB"", ""+7 dB"", ""+8 dB"", ""+9 dB"", ""+10 dB"", ""+11 dB"", ""+12 dB"", ""+13 dB"", ""+14 dB"", ""+15 dB""]",,,"[""enum labels ui-derived from stringTable gain-15-1Table""]","{""file"": ""original-roland-files/Script/A8EE/Script.xml"", ""line"": 7688}"
fm.pat.mfx.lofiCompress-eqHi,1F 00 02 25,int4x4,4,"[32768, 32798]",32783,PatchCommonMFX,mfx:LOFI COMPRESS,script,-32768,"[""-15 dB"", ""-14 dB"", ""-13 dB"", ""-12 dB"", ""-11 dB"", ""-10 dB"", ""-9 dB"", ""-8 dB"", ""-7 dB"", ""-6 dB"", ""-5 dB"", ""-4 dB"", ""-3 dB"", ""-2 dB"", ""-1 dB"", ""0 dB"", ""+1 dB"", ""+2 dB"", ""+3 dB"", ""+4 dB"", ""+5 dB"", ""+6 dB"", ""+7 dB"", ""+8 dB"", ""+9 dB"", ""+10 dB"", ""+11 dB"", ""+12 dB"", ""+13 dB"", ""+14 dB"", ""+15 dB""]",,,"[""enum labels ui-derived from stringTable gain-15-1Table""]","{""file"": ""original-roland-files/Script/A8EE/Script.xml"", ""line"": 7696}"
fm.pat.mfx.lofiCompress-bal,1F 00 02 29,int4x4,4,"[32768, 32868]",32868,PatchCommonMFX,mfx:LOFI COMPRESS,script,,"[""D100:0W"", ""D99:01W"", ""D98:02W"", ""D97:03W"", ""D96:04W"", ""D95:05W"", ""D94:06W"", ""D93:07W"", ""D92:08W"", ""D91:09W"", ""D90:10W"", ""D89:11W"", ""D88:12W"", ""D87:13W"", ""D86:14W"", ""D85:15W"", ""D84:16W"", ""D83:17W"", ""D82:18W"", ""D81:19W"", ""D80:20W"", ""D79:21W"", ""D78:22W"", ""D77:23W"", ""D76:24W"", ""D75:25W"", ""D74:26W"", ""D73:27W"", ""D72:28W"", ""D71:29W"", ""D70:30W"", ""D69:31W"", ""D68:32W"", ""D67:33W"", ""D66:34W"", ""D65:35W"", ""D64:36W"", ""D63:37W"", ""D62:38W"", ""D61:39W"", ""D60:40W"", ""D59:41W"", ""D58:42W"", ""D57:43W"", ""D56:44W"", ""D55:45W"", ""D54:46W"", ""D53:47W"", ""D52:48W"", ""D51:49W"", ""D50:50W"", ""D49:51W"", ""D48:52W"", ""D47:53W"", ""D46:54W"", ""D45:55W"", ""D44:56W"", ""D43:57W"", ""D42:58W"", ""D41:59W"", ""D40:60W"", ""D39:61W"", ""D38:62W"", ""D37:63W"", ""D36:64W"", ""D35:65W"", ""D34:66W"", ""D33:67W"", ""D32:68W"", ""D31:69W"", ""D30:70W"", ""D29:71W"", ""D28:72W"", ""D27:73W"", ""D26:74W"", ""D25:75W"", ""D24:76W"", ""D23:77W"", ""D22:78W"", ""D21:79W"", ""D20:80W"", ""D19:81W"", ""D18:82W"", ""D17:83W"", ""D16:84W"", ""D15:85W"", ""D14:86W"", ""D13:87W"", ""D12:88W"", ""D11:89W"", ""D10:90W"", ""D09:91W"", ""D08:92W"", ""D07:93W"", ""D06:94W"", ""D05:95W"", ""D04:96W"", ""D03:97W"", ""D02:98W"", ""D01:99W"", ""D0:100W""]",,,"[""enum labels ui-derived from stringTable balanceTable""]","{""file"": ""original-roland-files/Script/A8EE/Script.xml"", ""line"": 7704}"
fm.pat.mfx.lofiCompress-level,1F 00 02 2D,int4x4,4,"[32768, 32895]",32895,PatchCommonMFX,mfx:LOFI COMPRESS,script,-32768,,,,[],"{""file"": ""original-roland-files/Script/A8EE/Script.xml"", ""line"": 7712}"
fm.pat.mfx.lofiRadio-lofiType,1F 00 02 11,int4x4,4,"[32768, 32776]",32772,PatchCommonMFX,mfx:LOFI RADIO,script,-32768,"[""1"", ""2"", ""3"", ""4"", ""5"", ""6"", ""7"", ""8"", ""9""]",,,"[""enum labels ui-derived from stringTable integerTable""]","{""file"": ""original-roland-files/Script/A8EE/Script.xml"", ""line"": 7720}"
fm.pat.mfx.lofiRadio-filType,1F 00 02 15,int4x4,4,"[32768, 32770]",32769,PatchCommonMFX,mfx:LOFI RADIO,script,,,,,[],"{""file"": ""original-roland-files/Script/A8EE/Script.xml"", ""line"": 7728}"
fm.pat.mfx.lofiRadio-cutoff,1F 00 02 19,int4x4,4,"[32768, 32784]",32781,PatchCommonMFX,mfx:LOFI RADIO,script,-32768,,,,[],"{""file"": ""original-roland-files/Script/A8EE/Script.xml"", ""line"": 7736}"
fm.pat.mfx.lofiRadio-rDetune,1F 00 02 1D,int4x4,4,"[32768, 32895]",32768,PatchCommonMFX,mfx:LOFI RADIO,script,-32768,,,,[],"{""file"": ""original-roland-files/Script/A8EE/Script.xml"", ""line"": 7744}"
fm.pat.mfx.lofiRadio-rNzLev,1F 00 02 21,int4x4,4,"[32768, 32895]",32832,PatchCommonMFX,mfx:LOFI RADIO,script,-32768,,,,[],"{""file"": ""original-roland-files/Script/A8EE/Script.xml"", ""line"": 7752}"
fm.pat.mfx.lofiRadio-eqLo,1F 00 02 25,int4x4,4,"[32768, 32798]",32783,PatchCommonMFX,mfx:LOFI RADIO,script,-32768,"[""-15 dB"", ""-14 dB"", ""-13 dB"", ""-12 dB"", ""-11 dB"", ""-10 dB"", ""-9 dB"", ""-8 dB"", ""-7 dB"", ""-6 dB"", ""-5 dB"", ""-4 dB"", ""-3 dB"", ""-2 dB"", ""-1 dB"", ""0 dB"", ""+1 dB"", ""+2 dB"", ""+3 dB"", ""+4 dB"", ""+5 dB"", ""+6 dB"", ""+7 dB"", ""+8 dB"", ""+9 dB"", ""+10 dB"", ""+11 dB"", ""+12 dB"", ""+13 dB"", ""+14 dB"", ""+15 dB""]",,,"[""enum labels ui-derived from stringTable gain-15-1Table""]","{""file"": ""original-roland-files/Script/A8EE/Script.xml"", ""line"": 7760}"
fm.pat.mfx.lofiRadio-eqHi,1F 00 02 29,int4x4,4,"[32768, 32798]",32783,PatchCommonMFX,mfx:LOFI RADIO,script,-32768,"[""-15 dB"", ""-14 dB"", ""-13 dB"", ""-12 dB"", ""-11 dB"", ""-10 dB"", ""-9 dB"", ""-8 dB"", ""-7 dB"", ""-6 dB"", ""-5 dB"", ""-4 dB"", ""-3 dB"", ""-2 dB"", ""-1 dB"", ""0 dB"", ""+1 dB"", ""+2 dB"", ""+3 dB"", ""+4 dB"", ""+5 dB"", ""+6 dB"", ""+7 dB"", ""+8 dB"", ""+9 dB"", ""+10 dB"", ""+11 dB"", ""+12 dB"", ""+13 dB"", ""+14 dB"", ""+15 dB""]",,,"[""enum labels ui-derived from stringTable gain-15-1Table""]","{""file"": ""original-roland-files/Script/A8EE/Script.xml"", ""line"": 7768}"
fm.pat.mfx.lofiRadio-bal,1F 00 02 2D,int4x4,4,"[32768, 32868]",32868,PatchCommonMFX,mfx:LOFI RADIO,script,,"[""D100:0W"", ""D99:01W"", ""D98:02W"", ""D97:03W"", ""D96:04W"", ""D95:05W"", ""D94:06W"", ""D93:07W"", ""D92:08W"", ""D91:09W"", ""D90:10W"", ""D89:11W"", ""D88:12W"", ""D87:13W"", ""D86:14W"", ""D85:15W"", ""D84:16W"", ""D83:17W"", ""D82:18W"", ""D81:19W"", ""D80:20W"", ""D79:21W"", ""D78:22W"", ""D77:23W"", ""D76:24W"", ""D75:25W"", ""D74:26W"", ""D73:27W"", ""D72:28W"", ""D71:29W"", ""D70:30W"", ""D69:31W"", ""D68:32W"", ""D67:33W"", ""D66:34W"", ""D65:35W"", ""D64:36W"", ""D63:37W"", ""D62:38W"", ""D61:39W"", ""D60:40W"", ""D59:41W"", ""D58:42W"", ""D57:43W"", ""D56:44W"", ""D55:45W"", ""D54:46W"", ""D53:47W"", ""D52:48W"", ""D51:49W"", ""D50:50W"", ""D49:51W"", ""D48:52W"", ""D47:53W"", ""D46:54W"", ""D45:55W"", ""D44:56W"", ""D43:57W"", ""D42:58W"", ""D41:59W"", ""D40:60W"", ""D39:61W"", ""D38:62W"", ""D37:63W"", ""D36:64W"", ""D35:65W"", ""D34:66W"", ""D33:67W"", ""D32:68W"", ""D31:69W"", ""D30:70W"", ""D29:71W"", ""D28:72W"", ""D27:73W"", ""D26:74W"", ""D25:75W"", ""D24:76W"", ""D23:77W"", ""D22:78W"", ""D21:79W"", ""D20:80W"", ""D19:81W"", ""D18:82W"", ""D17:83W"", ""D16:84W"", ""D15:85W"", ""D14:86W"", ""D13:87W"", ""D12:88W"", ""D11:89W"", ""D10:90W"", ""D09:91W"", ""D08:92W"", ""D07:93W"", ""D06:94W"", ""D05:95W"", ""D04:96W"", ""D03:97W"", ""D02:98W"", ""D01:99W"", ""D0:100W""]",,,"[""enum labels ui-derived from stringTable balanceTable""]","{""file"": ""original-roland-files/Script/A8EE/Script.xml"", ""line"": 7776}"
fm.pat.mfx.lofiRadio-level,1F 00 02 31,int4x4,4,"[32768, 32895]",32895,PatchCommonMFX,mfx:LOFI RADIO,script,-32768,,,,[],"{""file"": ""original-roland-files/Script/A8EE/Script.xml"", ""line"": 7784}"
fm.pat.mfx.telephone-quality,1F 00 02 11,int4x4,4,"[32768, 32783]",32771,PatchCommonMFX,mfx:TELEPHONE,script,-32768,,,,[],"{""file"": ""original-roland-files/Script/A8EE/Script.xml"", ""line"": 7792}"
fm.pat.mfx.telephone-treble,1F 00 02 15,int4x4,4,"[32768, 32798]",32783,PatchCommonMFX,mfx:TELEPHONE,script,-32768,"[""-15 dB"", ""-14 dB"", ""-13 dB"", ""-12 dB"", ""-11 dB"", ""-10 dB"", ""-9 dB"", ""-8 dB"", ""-7 dB"", ""-6 dB"", ""-5 dB"", ""-4 dB"", ""-3 dB"", ""-2 dB"", ""-1 dB"", ""0 dB"", ""+1 dB"", ""+2 dB"", ""+3 dB"", ""+4 dB"", ""+5 dB"", ""+6 dB"", ""+7 dB"", ""+8 dB"", ""+9 dB"", ""+10 dB"", ""+11 dB"", ""+12 dB"", ""+13 dB"", ""+14 dB"", ""+15 dB""]",,,"[""enum labels ui-derived from stringTable gain-15-1Table""]","{""file"": ""original-roland-files/Script/A8EE/Script.xml"", ""line"": 7800}"
fm.pat.mfx.telephone-bal,1F 00 02 19,int4x4,4,"[32768, 32868]",32868,PatchCommonMFX,mfx:TELEPHONE,script,,"[""D100:0W"", ""D99:01W"", ""D98:02W"", ""D97:03W"", ""D96:04W"", ""D95:05W"", ""D94:06W"", ""D93:07W"", ""D92:08W"", ""D91:09W"", ""D90:10W"", ""D89:11W"", ""D88:12W"", ""D87:13W"", ""D86:14W"", ""D85:15W"", ""D84:16W"", ""D83:17W"", ""D82:18W"", ""D81:19W"", ""D80:20W"", ""D79:21W"", ""D78:22W"", ""D77:23W"", ""D76:24W"", ""D75:25W"", ""D74:26W"", ""D73:27W"", ""D72:28W"", ""D71:29W"", ""D70:30W"", ""D69:31W"", ""D68:32W"", ""D67:33W"", ""D66:34W"", ""D65:35W"", ""D64:36W"", ""D63:37W"", ""D62:38W"", ""D61:39W"", ""D60:40W"", ""D59:41W"", ""D58:42W"", ""D57:43W"", ""D56:44W"", ""D55:45W"", ""D54:46W"", ""D53:47W"", ""D52:48W"", ""D51:49W"", ""D50:50W"", ""D49:51W"", ""D48:52W"", ""D47:53W"", ""D46:54W"", ""D45:55W"", ""D44:56W"", ""D43:57W"", ""D42:58W"", ""D41:59W"", ""D40:60W"", ""D39:61W"", ""D38:62W"", ""D37:63W"", ""D36:64W"", ""D35:65W"", ""D34:66W"", ""D33:67W"", ""D32:68W"", ""D31:69W"", ""D30:70W"", ""D29:71W"", ""D28:72W"", ""D27:73W"", ""D26:74W"", ""D25:75W"", ""D24:76W"", ""D23:77W"", ""D22:78W"", ""D21:79W"", ""D20:80W"", ""D19:81W"", ""D18:82W"", ""D17:83W"", ""D16:84W"", ""D15:85W"", ""D14:86W"", ""D13:87W"", ""D12:88W"", ""D11:89W"", ""D10:90W"", ""D09:91W"", ""D08:92W"", ""D07:93W"", ""D06:94W"", ""D05:95W"", ""D04:96W"", ""D03:97W"", ""D02:98W"", ""D01:99W"", ""D0:100W""]",,,"[""enum labels ui-derived from stringTable balanceTable""]","{""file"": ""original-roland-files/Script/A8EE/Script.xml"", ""line"": 7808}"
fm.pat.mfx.telephone-level,1F 00 02 1D,int4x4,4,"[32768, 32895]",32895,PatchCommonMFX,mfx:TELEPHONE,script,-32768,,,,[],"{""file"": ""original-roland-files/Script/A8EE/Script.xml"", ""line"": 7816}"
fm.pat.mfx.phonograph-dist,1F 00 02 11,int4x4,4,"[32768, 32895]",32778,PatchCommonMFX,mfx:PHONOGRAPH,script,-32768,,,,[],"{""file"": ""original-roland-files/Script/A8EE/Script.xml"", ""line"": 7824}"
fm.pat.mfx.phonograph-range,1F 00 02 15,int4x4,4,"[32768, 32895]",32858,PatchCommonMFX,mfx:PHONOGRAPH,script,-32768,,,,[],"{""file"": ""original-roland-files/Script/A8EE/Script.xml"", ""line"": 7832}"
fm.pat.mfx.phonograph-disc,1F 00 02 19,int4x4,4,"[32768, 32770]",32768,PatchCommonMFX,mfx:PHONOGRAPH,script,,,,,[],"{""file"": ""original-roland-files/Script/A8EE/Script.xml"", ""line"": 7840}"
fm.pat.mfx.phonograph-scratch,1F 00 02 1D,int4x4,4,"[32768, 32895]",32832,PatchCommonMFX,mfx:PHONOGRAPH,script,-32768,,,,[],"{""file"": ""original-roland-files/Script/A8EE/Script.xml"", ""line"": 7848}"
fm.pat.mfx.phonograph-dust,1F 00 02 21,int4x4,4,"[32768, 32895]",32832,PatchCommonMFX,mfx:PHONOGRAPH,script,-32768,,,,[],"{""file"": ""original-roland-files/Script/A8EE/Script.xml"", ""line"": 7856}"
fm.pat.mfx.phonograph-hiss,1F 00 02 25,int4x4,4,"[32768, 32895]",32832,PatchCommonMFX,mfx:PHONOGRAPH,script,-32768,,,,[],"{""file"": ""original-roland-files/Script/A8EE/Script.xml"", ""line"": 7864}"
fm.pat.mfx.phonograph-totalNs,1F 00 02 29,int4x4,4,"[32768, 32895]",32768,PatchCommonMFX,mfx:PHONOGRAPH,script,-32768,,,,[],"{""file"": ""original-roland-files/Script/A8EE/Script.xml"", ""line"": 7872}"
fm.pat.mfx.phonograph-wow,1F 00 02 2D,int4x4,4,"[32768, 32895]",32848,PatchCommonMFX,mfx:PHONOGRAPH,script,-32768,,,,[],"{""file"": ""original-roland-files/Script/A8EE/Script.xml"", ""line"": 7880}"
fm.pat.mfx.phonograph-flt,1F 00 02 31,int4x4,4,"[32768, 32895]",32848,PatchCommonMFX,mfx:PHONOGRAPH,script,-32768,,,,[],"{""file"": ""original-roland-files/Script/A8EE/Script.xml"", ""line"": 7888}"
fm.pat.mfx.phonograph-random,1F 00 02 35,int4x4,4,"[32768, 32895]",32848,PatchCommonMFX,mfx:PHONOGRAPH,script,-32768,,,,[],"{""file"": ""original-roland-files/Script/A8EE/Script.xml"", ""line"": 7896}"
fm.pat.mfx.phonograph-totalWf,1F 00 02 39,int4x4,4,"[32768, 32895]",32832,PatchCommonMFX,mfx:PHONOGRAPH,script,-32768,,,,[],"{""file"": ""original-roland-files/Script/A8EE/Script.xml"", ""line"": 7904}"
fm.pat.mfx.phonograph-bal,1F 00 02 3D,int4x4,4,"[32768, 32868]",32868,PatchCommonMFX,mfx:PHONOGRAPH,script,,"[""D100:0W"", ""D99:01W"", ""D98:02W"", ""D97:03W"", ""D96:04W"", ""D95:05W"", ""D94:06W"", ""D93:07W"", ""D92:08W"", ""D91:09W"", ""D90:10W"", ""D89:11W"", ""D88:12W"", ""D87:13W"", ""D86:14W"", ""D85:15W"", ""D84:16W"", ""D83:17W"", ""D82:18W"", ""D81:19W"", ""D80:20W"", ""D79:21W"", ""D78:22W"", ""D77:23W"", ""D76:24W"", ""D75:25W"", ""D74:26W"", ""D73:27W"", ""D72:28W"", ""D71:29W"", ""D70:30W"", ""D69:31W"", ""D68:32W"", ""D67:33W"", ""D66:34W"", ""D65:35W"", ""D64:36W"", ""D63:37W"", ""D62:38W"", ""D61:39W"", ""D60:40W"", ""D59:41W"", ""D58:42W"", ""D57:43W"", ""D56:44W"", ""D55:45W"", ""D54:46W"", ""D53:47W"", ""D52:48W"", ""D51:49W"", ""D50:50W"", ""D49:51W"", ""D48:52W"", ""D47:53W"", ""D46:54W"", ""D45:55W"", ""D44:56W"", ""D43:57W"", ""D42:58W"", ""D41:59W"", ""D40:60W"", ""D39:61W"", ""D38:62W"", ""D37:63W"", ""D36:64W"", ""D35:65W"", ""D34:66W"", ""D33:67W"", ""D32:68W"", ""D31:69W"", ""D30:70W"", ""D29:71W"", ""D28:72W"", ""D27:73W"", ""D26:74W"", ""D25:75W"", ""D24:76W"", ""D23:77W"", ""D22:78W"", ""D21:79W"", ""D20:80W"", ""D19:81W"", ""D18:82W"", ""D17:83W"", ""D16:84W"", ""D15:85W"", ""D14:86W"", ""D13:87W"", ""D12:88W"", ""D11:89W"", ""D10:90W"", ""D09:91W"", ""D08:92W"", ""D07:93W"", ""D06:94W"", ""D05:95W"", ""D04:96W"", ""D03:97W"", ""D02:98W"", ""D01:99W"", ""D0:100W""]",,,"[""enum labels ui-derived from stringTable balanceTable""]","{""file"": ""original-roland-files/Script/A8EE/Script.xml"", ""line"": 7912}"
fm.pat.mfx.phonograph-level,1F 00 02 41,int4x4,4,"[32768, 32895]",32895,PatchCommonMFX,mfx:PHONOGRAPH,script,-32768,,,,[],"{""file"": ""original-roland-files/Script/A8EE/Script.xml"", ""line"": 7920}"
fm.pat.mfx.pitchShifter-crs,1F 00 02 11,int4x4,4,"[32768, 32804]",32792,PatchCommonMFX,mfx:PITCH SHIFTER,script,-32768,"[""-24 semi"", ""-23 semi"", ""-22 semi"", ""-21 semi"", ""-20 semi"", ""-19 semi"", ""-18 semi"", ""-17 semi"", ""-16 semi"", ""-15 semi"", ""-14 semi"", ""-13 semi"", ""-12 semi"", ""-11 semi"", ""-10 semi"", ""-9 semi"", ""-8 semi"", ""-7 semi"", ""-6 semi"", ""-5 semi"", ""-4 semi"", ""-3 semi"", ""-2 semi"", ""-1 semi"", ""+0 semi"", ""+1 semi"", ""+2 semi"", ""+3 semi"", ""+4 semi"", ""+5 semi"", ""+6 semi"", ""+7 semi"", ""+8 semi"", ""+9 semi"", ""+10 semi"", ""+11 semi"", ""+12 semi""]",,,"[""enum labels ui-derived from stringTable coarseTuneTable""]","{""file"": ""original-roland-files/Script/A8EE/Script.xml"", ""line"": 7928}"
fm.pat.mfx.pitchShifter-fine,1F 00 02 15,int4x4,4,"[32768, 32868]",32818,PatchCommonMFX,mfx:PITCH SHIFTER,script,-32768,"[""-100 cent"", ""-98 cent"", ""-96 cent"", ""-94 cent"", ""-92 cent"", ""-90 cent"", ""-88 cent"", ""-86 cent"", ""-84 cent"", ""-82 cent"", ""-80 cent"", ""-78 cent"", ""-76 cent"", ""-74 cent"", ""-72 cent"", ""-70 cent"", ""-68 cent"", ""-66 cent"", ""-64 cent"", ""-62 cent"", ""-60 cent"", ""-58 cent"", ""-56 cent"", ""-54 cent"", ""-52 cent"", ""-50 cent"", ""-48 cent"", ""-46 cent"", ""-44 cent"", ""-42 cent"", ""-40 cent"", ""-38 cent"", ""-36 cent"", ""-34 cent"", ""-32 cent"", ""-30 cent"", ""-28 cent"", ""-26 cent"", ""-24 cent"", ""-22 cent"", ""-20 cent"", ""-18 cent"", ""-16 cent"", ""-14 cent"", ""-12 cent"", ""-10 cent"", ""-8 cent"", ""-6 cent"", ""-4 cent"", ""-2 cent"", ""+0 cent"", ""+2 cent"", ""+4 cent"", ""+6 cent"", ""+8 cent"", ""+10 cent"", ""+12 cent"", ""+14 cent"", ""+16 cent"", ""+18 cent"", ""+20 cent"", ""+22 cent"", ""+24 cent"", ""+26 cent"", ""+28 cent"", ""+30 cent"", ""+32 cent"", ""+34 cent"", ""+36 cent"", ""+38 cent"", ""+40 cent"", ""+42 cent"", ""+44 cent"", ""+46 cent"", ""+48 cent"", ""+50 cent"", ""+52 cent"", ""+54 cent"", ""+56 cent"", ""+58 cent"", ""+60 cent"", ""+62 cent"", ""+64 cent"", ""+66 cent"", ""+68 cent"", ""+70 cent"", ""+72 cent"", ""+74 cent"", ""+76 cent"", ""+78 cent"", ""+80 cent"", ""+82 cent"", ""+84 cent"", ""+86 cent"", ""+88 cent"", ""+90 cent"", ""+92 cent"", ""+94 cent"", ""+96 cent"", ""+98 cent"", ""+100 cent""]",,,"[""enum labels ui-derived from stringTable fineTuneTable""]","{""file"": ""original-roland-files/Script/A8EE/Script.xml"", ""line"": 7936}"
fm.pat.mfx.pitchShifter-dlySync,1F 00 02 19,int4x4,4,"[32768, 32769]",32768,PatchCommonMFX,mfx:PITCH SHIFTER,script,,,,,[],"{""file"": ""original-roland-files/Script/A8EE/Script.xml"", ""line"": 7944}"
fm.pat.mfx.pitchShifter-dlyMsec,1F 00 02 1D,int4x4,4,"[32768, 34068]",32768,PatchCommonMFX,mfx:PITCH SHIFTER,script,-32768,,,,[],"{""file"": ""original-roland-files/Script/A8EE/Script.xml"", ""line"": 7952}"
fm.pat.mfx.pitchShifter-dlyNote,1F 00 02 21,int4x4,4,"[32768, 32789]",32780,PatchCommonMFX,mfx:PITCH SHIFTER,script,,,,,[],"{""file"": ""original-roland-files/Script/A8EE/Script.xml"", ""line"": 7960}"
fm.pat.mfx.pitchShifter-fbk,1F 00 02 25,int4x4,4,"[32768, 32866]",32817,PatchCommonMFX,mfx:PITCH SHIFTER,script,-32768,"[""-98%"", ""-96%"", ""-94%"", ""-92%"", ""-90%"", ""-88%"", ""-86%"", ""-84%"", ""-82%"", ""-80%"", ""-78%"", ""-76%"", ""-74%"", ""-72%"", ""-70%"", ""-68%"", ""-66%"", ""-64%"", ""-62%"", ""-60%"", ""-58%"", ""-56%"", ""-54%"", ""-52%"", ""-50%"", ""-48%"", ""-46%"", ""-44%"", ""-42%"", ""-40%"", ""-38%"", ""-36%"", ""-34%"", ""-32%"", ""-30%"", ""-28%"", ""-26%"", ""-24%"", ""-22%"", ""-20%"", ""-18%"", ""-16%"", ""-14%"", ""-12%"", ""-10%"", ""-8%"", ""-6%"", ""-4%"", ""-2%"", ""0%"", ""+2%"", ""+4%"", ""+6%"", ""+8%"", ""+10%"", ""+12%"", ""+14%"", ""+16%"", ""+18%"", ""+20%"", ""+22%"", ""+24%"", ""+26%"", ""+28%"", ""+30%"", ""+32%"", ""+34%"", ""+36%"", ""+38%"", ""+40%"", ""+42%"", ""+44%"", ""+46%"", ""+48%"", ""+50%"", ""+52%"", ""+54%"", ""+56%"", ""+58%"", ""+60%"", ""+62%"", ""+64%"", ""+66%"", ""+68%"", ""+70%"", ""+72%"", ""+74%"", ""+76%"", ""+78%"", ""+80%"", ""+82%"", ""+84%"", ""+86%"", ""+88%"", ""+90%"", ""+92%"", ""+94%"", ""+96%"", ""+98%""]",,,"[""enum labels ui-derived from stringTable fbkTable""]","{""file"": ""original-roland-files/Script/A8EE/Script.xml"", ""line"": 7968}"
fm.pat.mfx.pitchShifter-eqLo,1F 00 02 29,int4x4,4,"[32768, 32798]",32783,PatchCommonMFX,mfx:PITCH SHIFTER,script,-32768,"[""-15 dB"", ""-14 dB"", ""-13 dB"", ""-12 dB"", ""-11 dB"", ""-10 dB"", ""-9 dB"", ""-8 dB"", ""-7 dB"", ""-6 dB"", ""-5 dB"", ""-4 dB"", ""-3 dB"", ""-2 dB"", ""-1 dB"", ""0 dB"", ""+1 dB"", ""+2 dB"", ""+3 dB"", ""+4 dB"", ""+5 dB"", ""+6 dB"", ""+7 dB"", ""+8 dB"", ""+9 dB"", ""+10 dB"", ""+11 dB"", ""+12 dB"", ""+13 dB"", ""+14 dB"", ""+15 dB""]",,,"[""enum labels ui-derived from stringTable gain-15-1Table""]","{""file"": ""original-roland-files/Script/A8EE/Script.xml"", ""line"": 7976}"
fm.pat.mfx.pitchShifter-eqHi,1F 00 02 2D,int4x4,4,"[32768, 32798]",32783,PatchCommonMFX,mfx:PITCH SHIFTER,script,-32768,"[""-15 dB"", ""-14 dB"", ""-13 dB"", ""-12 dB"", ""-11 dB"", ""-10 dB"", ""-9 dB"", ""-8 dB"", ""-7 dB"", ""-6 dB"", ""-5 dB"", ""-4 dB"", ""-3 dB"", ""-2 dB"", ""-1 dB"", ""0 dB"", ""+1 dB"", ""+2 dB"", ""+3 dB"", ""+4 dB"", ""+5 dB"", ""+6 dB"", ""+7 dB"", ""+8 dB"", ""+9 dB"", ""+10 dB"", ""+11 dB"", ""+12 dB"", ""+13 dB"", ""+14 dB"", ""+15 dB""]",,,"[""enum labels ui-derived from stringTable gain-15-1Table""]","{""file"": ""original-roland-files/Script/A8EE/Script.xml"", ""line"": 7984}"
fm.pat.mfx.pitchShifter-bal,1F 00 02 31,int4x4,4,"[32768, 32868]",32868,PatchCommonMFX,mfx:PITCH SHIFTER,script,,"[""D100:0W"", ""D99:01W"", ""D98:02W"", ""D97:03W"", ""D96:04W"", ""D95:05W"", ""D94:06W"", ""D93:07W"", ""D92:08W"", ""D91:09W"", ""D90:10W"", ""D89:11W"", ""D88:12W"", ""D87:13W"", ""D86:14W"", ""D85:15W"", ""D84:16W"", ""D83:17W"", ""D82:18W"", ""D81:19W"", ""D80:20W"", ""D79:21W"", ""D78:22W"", ""D77:23W"", ""D76:24W"", ""D75:25W"", ""D74:26W"", ""D73:27W"", ""D72:28W"", ""D71:29W"", ""D70:30W"", ""D69:31W"", ""D68:32W"", ""D67:33W"", ""D66:34W"", ""D65:35W"", ""D64:36W"", ""D63:37W"", ""D62:38W"", ""D61:39W"", ""D60:40W"", ""D59:41W"", ""D58:42W"", ""D57:43W"", ""D56:44W"", ""D55:45W"", ""D54:46W"", ""D53:47W"", ""D52:48W"", ""D51:49W"", ""D50:50W"", ""D49:51W"", ""D48:52W"", ""D47:53W"", ""D46:54W"", ""D45:55W"", ""D44:56W"", ""D43:57W"", ""D42:58W"", ""D41:59W"", ""D40:60W"", ""D39:61W"", ""D38:62W"", ""D37:63W"", ""D36:64W"", ""D35:65W"", ""D34:66W"", ""D33:67W"", ""D32:68W"", ""D31:69W"", ""D30:70W"", ""D29:71W"", ""D28:72W"", ""D27:73W"", ""D26:74W"", ""D25:75W"", ""D24:76W"", ""D23:77W"", ""D22:78W"", ""D21:79W"", ""D20:80W"", ""D19:81W"", ""D18:82W"", ""D17:83W"", ""D16:84W"", ""D15:85W"", ""D14:86W"", ""D13:87W"", ""D12:88W"", ""D11:89W"", ""D10:90W"", ""D09:91W"", ""D08:92W"", ""D07:93W"", ""D06:94W"", ""D05:95W"", ""D04:96W"", ""D03:97W"", ""D02:98W"", ""D01:99W"", ""D0:100W""]",,,"[""enum labels ui-derived from stringTable balanceTable""]","{""file"": ""original-roland-files/Script/A8EE/Script.xml"", ""line"": 7992}"
fm.pat.mfx.pitchShifter-level,1F 00 02 35,int4x4,4,"[32768, 32895]",32895,PatchCommonMFX,mfx:PITCH SHIFTER,script,-32768,,,,[],"{""file"": ""original-roland-files/Script/A8EE/Script.xml"", ""line"": 8000}"
fm.pat.mfx.2voicePitchShifter-crs1,1F 00 02 11,int4x4,4,"[32768, 32804]",32796,PatchCommonMFX,mfx:2VOICE PITCH SHIFTER,script,-32768,"[""-24 semi"", ""-23 semi"", ""-22 semi"", ""-21 semi"", ""-20 semi"", ""-19 semi"", ""-18 semi"", ""-17 semi"", ""-16 semi"", ""-15 semi"", ""-14 semi"", ""-13 semi"", ""-12 semi"", ""-11 semi"", ""-10 semi"", ""-9 semi"", ""-8 semi"", ""-7 semi"", ""-6 semi"", ""-5 semi"", ""-4 semi"", ""-3 semi"", ""-2 semi"", ""-1 semi"", ""+0 semi"", ""+1 semi"", ""+2 semi"", ""+3 semi"", ""+4 semi"", ""+5 semi"", ""+6 semi"", ""+7 semi"", ""+8 semi"", ""+9 semi"", ""+10 semi"", ""+11 semi"", ""+12 semi""]",,,"[""enum labels ui-derived from stringTable coarseTuneTable""]","{""file"": ""original-roland-files/Script/A8EE/Script.xml"", ""line"": 8008}"
fm.pat.mfx.2voicePitchShifter-fine1,1F 00 02 15,int4x4,4,"[32768, 32868]",32818,PatchCommonMFX,mfx:2VOICE PITCH SHIFTER,script,-32768,"[""-100 cent"", ""-98 cent"", ""-96 cent"", ""-94 cent"", ""-92 cent"", ""-90 cent"", ""-88 cent"", ""-86 cent"", ""-84 cent"", ""-82 cent"", ""-80 cent"", ""-78 cent"", ""-76 cent"", ""-74 cent"", ""-72 cent"", ""-70 cent"", ""-68 cent"", ""-66 cent"", ""-64 cent"", ""-62 cent"", ""-60 cent"", ""-58 cent"", ""-56 cent"", ""-54 cent"", ""-52 cent"", ""-50 cent"", ""-48 cent"", ""-46 cent"", ""-44 cent"", ""-42 cent"", ""-40 cent"", ""-38 cent"", ""-36 cent"", ""-34 cent"", ""-32 cent"", ""-30 cent"", ""-28 cent"", ""-26 cent"", ""-24 cent"", ""-22 cent"", ""-20 cent"", ""-18 cent"", ""-16 cent"", ""-14 cent"", ""-12 cent"", ""-10 cent"", ""-8 cent"", ""-6 cent"", ""-4 cent"", ""-2 cent"", ""+0 cent"", ""+2 cent"", ""+4 cent"", ""+6 cent"", ""+8 cent"", ""+10 cent"", ""+12 cent"", ""+14 cent"", ""+16 cent"", ""+18 cent"", ""+20 cent"", ""+22 cent"", ""+24 cent"", ""+26 cent"", ""+28 cent"", ""+30 cent"", ""+32 cent"", ""+34 cent"", ""+36 cent"", ""+38 cent"", ""+40 cent"", ""+42 cent"", ""+44 cent"", ""+46 cent"", ""+48 cent"", ""+50 cent"", ""+52 cent"", ""+54 cent"", ""+56 cent"", ""+58 cent"", ""+60 cent"", ""+62 cent"", ""+64 cent"", ""+66 cent"", ""+68 cent"", ""+70 cent"", ""+72 cent"", ""+74 cent"", ""+76 cent"", ""+78 cent"", ""+80 cent"", ""+82 cent"", ""+84 cent"", ""+86 cent"", ""+88 cent"", ""+90 cent"", ""+92 cent"", ""+94 cent"", ""+96 cent"", ""+98 cent"", ""+100 cent""]",,,"[""enum labels ui-derived from stringTable fineTuneTable""]","{""file"": ""original-roland-files/Script/A8EE/Script.xml"", ""line"": 8016}"
fm.pat.mfx.2voicePitchShifter-dly1Sync,1F 00 02 19,int4x4,4,"[32768, 32769]",32768,PatchCommonMFX,mfx:2VOICE PITCH SHIFTER,script,,,,,[],"{""file"": ""original-roland-files/Script/A8EE/Script.xml"", ""line"": 8024}"
fm.pat.mfx.2voicePitchShifter-dly1Msec,1F 00 02 1D,int4x4,4,"[32768, 34068]",33068,PatchCommonMFX,mfx:2VOICE PITCH SHIFTER,script,-32768,,,,[],"{""file"": ""original-roland-files/Script/A8EE/Script.xml"", ""line"": 8032}"
fm.pat.mfx.2voicePitchShifter-dly1Note,1F 00 02 21,int4x4,4,"[32768, 32789]",32777,PatchCommonMFX,mfx:2VOICE PITCH SHIFTER,script,,,,,[],"{""file"": ""original-roland-files/Script/A8EE/Script.xml"", ""line"": 8040}"
fm.pat.mfx.2voicePitchShifter-fbk1,1F 00 02 25,int4x4,4,"[32768, 32866]",32817,PatchCommonMFX,mfx:2VOICE PITCH SHIFTER,script,-32768,"[""-98%"", ""-96%"", ""-94%"", ""-92%"", ""-90%"", ""-88%"", ""-86%"", ""-84%"", ""-82%"", ""-80%"", ""-78%"", ""-76%"", ""-74%"", ""-72%"", ""-70%"", ""-68%"", ""-66%"", ""-64%"", ""-62%"", ""-60%"", ""-58%"", ""-56%"", ""-54%"", ""-52%"", ""-50%"", ""-48%"", ""-46%"", ""-44%"", ""-42%"", ""-40%"", ""-38%"", ""-36%"", ""-34%"", ""-32%"", ""-30%"", ""-28%"", ""-26%"", ""-24%"", ""-22%"", ""-20%"", ""-18%"", ""-16%"", ""-14%"", ""-12%"", ""-10%"", ""-8%"", ""-6%"", ""-4%"", ""-2%"", ""0%"", ""+2%"", ""+4%"", ""+6%"", ""+8%"", ""+10%"", ""+12%"", ""+14%"", ""+16%"", ""+18%"", ""+20%"", ""+22%"", ""+24%"", ""+26%"", ""+28%"", ""+30%"", ""+32%"", ""+34%"", ""+36%"", ""+38%"", ""+40%"", ""+42%"", ""+44%"", ""+46%"", ""+48%"", ""+50%"", ""+52%"", ""+54%"", ""+56%"", ""+58%"", ""+60%"", ""+62%"", ""+64%"", ""+66%"", ""+68%"", ""+70%"", ""+72%"", ""+74%"", ""+76%"", ""+78%"", ""+80%"", ""+82%"", ""+84%"", ""+86%"", ""+88%"", ""+90%"", ""+92%"", ""+94%"", ""+96%"", ""+98%""]",,,"[""enum labels ui-derived from stringTable fbkTable""]","{""file"": ""original-roland-files/Script/A8EE/Script.xml"", ""line"": 8048}"
fm.pat.mfx.2voicePitchShifter-pan1,1F 00 02 29,int4x4,4,"[32768, 32895]",32832,PatchCommonMFX,mfx:2VOICE PITCH SHIFTER,script,,,,,[],"{""file"": ""original-roland-files/Script/A8EE/Script.xml"", ""line"": 8056}"
fm.pat.mfx.2voicePitchShifter-level1,1F 00 02 2D,int4x4,4,"[32768, 32895]",32895,PatchCommonMFX,mfx:2VOICE PITCH SHIFTER,script,-32768,,,,[],"{""file"": ""original-roland-files/Script/A8EE/Script.xml"", ""line"": 8064}"
fm.pat.mfx.2voicePitchShifter-crs2,1F 00 02 31,int4x4,4,"[32768, 32804]",32799,PatchCommonMFX,mfx:2VOICE PITCH SHIFTER,script,-32768,"[""-24 semi"", ""-23 semi"", ""-22 semi"", ""-21 semi"", ""-20 semi"", ""-19 semi"", ""-18 semi"", ""-17 semi"", ""-16 semi"", ""-15 semi"", ""-14 semi"", ""-13 semi"", ""-12 semi"", ""-11 semi"", ""-10 semi"", ""-9 semi"", ""-8 semi"", ""-7 semi"", ""-6 semi"", ""-5 semi"", ""-4 semi"", ""-3 semi"", ""-2 semi"", ""-1 semi"", ""+0 semi"", ""+1 semi"", ""+2 semi"", ""+3 semi"", ""+4 semi"", ""+5 semi"", ""+6 semi"", ""+7 semi"", ""+8 semi"", ""+9 semi"", ""+10 semi"", ""+11 semi"", ""+12 semi""]",,,"[""enum labels ui-derived from stringTable coarseTuneTable""]","{""file"": ""original-roland-files/Script/A8EE/Script.xml"", ""line"": 8072}"
fm.pat.mfx.2voicePitchShifter-fine2,1F 00 02 35,int4x4,4,"[32768, 32868]",32818,PatchCommonMFX,mfx:2VOICE PITCH SHIFTER,script,-32768,"[""-100 cent"", ""-98 cent"", ""-96 cent"", ""-94 cent"", ""-92 cent"", ""-90 cent"", ""-88 cent"", ""-86 cent"", ""-84 cent"", ""-82 cent"", ""-80 cent"", ""-78 cent"", ""-76 cent"", ""-74 cent"", ""-72 cent"", ""-70 cent"", ""-68 cent"", ""-66 cent"", ""-64 cent"", ""-62 cent"", ""-60 cent"", ""-58 cent"", ""-56 cent"", ""-54 cent"", ""-52 cent"", ""-50 cent"", ""-48 cent"", ""-46 cent"", ""-44 cent"", ""-42 cent"", ""-40 cent"", ""-38 cent"", ""-36 cent"", ""-34 cent"", ""-32 cent"", ""-30 cent"", ""-28 cent"", ""-26 cent"", ""-24 cent"", ""-22 cent"", ""-20 cent"", ""-18 cent"", ""-16 cent"", ""-14 cent"", ""-12 cent"", ""-10 cent"", ""-8 cent"", ""-6 cent"", ""-4 cent"", ""-2 cent"", ""+0 cent"", ""+2 cent"", ""+4 cent"", ""+6 cent"", ""+8 cent"", ""+10 cent"", ""+12 cent"", ""+14 cent"", ""+16 cent"", ""+18 cent"", ""+20 cent"", ""+22 cent"", ""+24 cent"", ""+26 cent"", ""+28 cent"", ""+30 cent"", ""+32 cent"", ""+34 cent"", ""+36 cent"", ""+38 cent"", ""+40 cent"", ""+42 cent"", ""+44 cent"", ""+46 cent"", ""+48 cent"", ""+50 cent"", ""+52 cent"", ""+54 cent"", ""+56 cent"", ""+58 cent"", ""+60 cent"", ""+62 cent"", ""+64 cent"", ""+66 cent"", ""+68 cent"", ""+70 cent"", ""+72 cent"", ""+74 cent"", ""+76 cent"", ""+78 cent"", ""+80 cent"", ""+82 cent"", ""+84 cent"", ""+86 cent"", ""+88 cent"", ""+90 cent"", ""+92 cent"", ""+94 cent"", ""+96 cent"", ""+98 cent"", ""+100 cent""]",,,"[""enum labels ui-derived from stringTable fineTuneTable""]","{""file"": ""original-roland-files/Script/A8EE/Script.xml"", ""line"": 8080}"
fm.pat.mfx.2voicePitchShifter-dly2Sync,1F 00 02 39,int4x4,4,"[32768, 32769]",32768,PatchCommonMFX,mfx:2VOICE PITCH SHIFTER,script,,,,,[],"{""file"": ""original-roland-files/Script/A8EE/Script.xml"", ""line"": 8088}"
fm.pat.mfx.2voicePitchShifter-dly2Msec,1F 00 02 3D,int4x4,4,"[32768, 34068]",33368,PatchCommonMFX,mfx:2VOICE PITCH SHIFTER,script,-32768,,,,[],"{""file"": ""original-roland-files/Script/A8EE/Script.xml"", ""line"": 8096}"
fm.pat.mfx.2voicePitchShifter-dly2Note,1F 00 02 41,int4x4,4,"[32768, 32789]",32780,PatchCommonMFX,mfx:2VOICE PITCH SHIFTER,script,,,,,[],"{""file"": ""original-roland-files/Script/A8EE/Script.xml"", ""line"": 8104}"
fm.pat.mfx.2voicePitchShifter-fbk2,1F 00 02 45,int4x4,4,"[32768, 32866]",32817,PatchCommonMFX,mfx:2VOICE PITCH SHIFTER,script,-32768,"[""-98%"", ""-96%"", ""-94%"", ""-92%"", ""-90%"", ""-88%"", ""-86%"", ""-84%"", ""-82%"", ""-80%"", ""-78%"", ""-76%"", ""-74%"", ""-72%"", ""-70%"", ""-68%"", ""-66%"", ""-64%"", ""-62%"", ""-60%"", ""-58%"", ""-56%"", ""-54%"", ""-52%"", ""-50%"", ""-48%"", ""-46%"", ""-44%"", ""-42%"", ""-40%"", ""-38%"", ""-36%"", ""-34%"", ""-32%"", ""-30%"", ""-28%"", ""-26%"", ""-24%"", ""-22%"", ""-20%"", ""-18%"", ""-16%"", ""-14%"", ""-12%"", ""-10%"", ""-8%"", ""-6%"", ""-4%"", ""-2%"", ""0%"", ""+2%"", ""+4%"", ""+6%"", ""+8%"", ""+10%"", ""+12%"", ""+14%"", ""+16%"", ""+18%"", ""+20%"", ""+22%"", ""+24%"", ""+26%"", ""+28%"", ""+30%"", ""+32%"", ""+34%"", ""+36%"", ""+38%"", ""+40%"", ""+42%"", ""+44%"", ""+46%"", ""+48%"", ""+50%"", ""+52%"", ""+54%"", ""+56%"", ""+58%"", ""+60%"", ""+62%"", ""+64%"", ""+66%"", ""+68%"", ""+70%"", ""+72%"", ""+74%"", ""+76%"", ""+78%"", ""+80%"", ""+82%"", ""+84%"", ""+86%"", ""+88%"", ""+90%"", ""+92%"", ""+94%"", ""+96%"", ""+98%""]",,,"[""enum labels ui-derived from stringTable fbkTable""]","{""file"": ""original-roland-files/Script/A8EE/Script.xml"", ""line"": 8112}"
fm.pat.mfx.2voicePitchShifter-pan2,1F 00 02 49,int4x4,4,"[32768, 32895]",32832,PatchCommonMFX,mfx:2VOICE PITCH SHIFTER,script,,,,,[],"{""file"": ""original-roland-files/Script/A8EE/Script.xml"", ""line"": 8120}"
fm.pat.mfx.2voicePitchShifter-level2,1F 00 02 4D,int4x4,4,"[32768, 32895]",32895,PatchCommonMFX,mfx:2VOICE PITCH SHIFTER,script,-32768,,,,[],"{""file"": ""original-roland-files/Script/A8EE/Script.xml"", ""line"": 8128}"
fm.pat.mfx.2voicePitchShifter-eqLo,1F 00 02 51,int4x4,4,"[32768, 32798]",32783,PatchCommonMFX,mfx:2VOICE PITCH SHIFTER,script,-32768,"[""-15 dB"", ""-14 dB"", ""-13 dB"", ""-12 dB"", ""-11 dB"", ""-10 dB"", ""-9 dB"", ""-8 dB"", ""-7 dB"", ""-6 dB"", ""-5 dB"", ""-4 dB"", ""-3 dB"", ""-2 dB"", ""-1 dB"", ""0 dB"", ""+1 dB"", ""+2 dB"", ""+3 dB"", ""+4 dB"", ""+5 dB"", ""+6 dB"", ""+7 dB"", ""+8 dB"", ""+9 dB"", ""+10 dB"", ""+11 dB"", ""+12 dB"", ""+13 dB"", ""+14 dB"", ""+15 dB""]",,,"[""enum labels ui-derived from stringTable gain-15-1Table""]","{""file"": ""original-roland-files/Script/A8EE/Script.xml"", ""line"": 8136}"
fm.pat.mfx.2voicePitchShifter-eqHi,1F 00 02 55,int4x4,4,"[32768, 32798]",32783,PatchCommonMFX,mfx:2VOICE PITCH SHIFTER,script,-32768,"[""-15 dB"", ""-14 dB"", ""-13 dB"", ""-12 dB"", ""-11 dB"", ""-10 dB"", ""-9 dB"", ""-8 dB"", ""-7 dB"", ""-6 dB"", ""-5 dB"", ""-4 dB"", ""-3 dB"", ""-2 dB"", ""-1 dB"", ""0 dB"", ""+1 dB"", ""+2 dB"", ""+3 dB"", ""+4 dB"", ""+5 dB"", ""+6 dB"", ""+7 dB"", ""+8 dB"", ""+9 dB"", ""+10 dB"", ""+11 dB"", ""+12 dB"", ""+13 dB"", ""+14 dB"", ""+15 dB""]",,,"[""enum labels ui-derived from stringTable gain-15-1Table""]","{""file"": ""original-roland-files/Script/A8EE/Script.xml"", ""line"": 8144}"
fm.pat.mfx.2voicePitchShifter-bal,1F 00 02 59,int4x4,4,"[32768, 32868]",32818,PatchCommonMFX,mfx:2VOICE PITCH SHIFTER,script,,"[""D100:0W"", ""D99:01W"", ""D98:02W"", ""D97:03W"", ""D96:04W"", ""D95:05W"", ""D94:06W"", ""D93:07W"", ""D92:08W"", ""D91:09W"", ""D90:10W"", ""D89:11W"", ""D88:12W"", ""D87:13W"", ""D86:14W"", ""D85:15W"", ""D84:16W"", ""D83:17W"", ""D82:18W"", ""D81:19W"", ""D80:20W"", ""D79:21W"", ""D78:22W"", ""D77:23W"", ""D76:24W"", ""D75:25W"", ""D74:26W"", ""D73:27W"", ""D72:28W"", ""D71:29W"", ""D70:30W"", ""D69:31W"", ""D68:32W"", ""D67:33W"", ""D66:34W"", ""D65:35W"", ""D64:36W"", ""D63:37W"", ""D62:38W"", ""D61:39W"", ""D60:40W"", ""D59:41W"", ""D58:42W"", ""D57:43W"", ""D56:44W"", ""D55:45W"", ""D54:46W"", ""D53:47W"", ""D52:48W"", ""D51:49W"", ""D50:50W"", ""D49:51W"", ""D48:52W"", ""D47:53W"", ""D46:54W"", ""D45:55W"", ""D44:56W"", ""D43:57W"", ""D42:58W"", ""D41:59W"", ""D40:60W"", ""D39:61W"", ""D38:62W"", ""D37:63W"", ""D36:64W"", ""D35:65W"", ""D34:66W"", ""D33:67W"", ""D32:68W"", ""D31:69W"", ""D30:70W"", ""D29:71W"", ""D28:72W"", ""D27:73W"", ""D26:74W"", ""D25:75W"", ""D24:76W"", ""D23:77W"", ""D22:78W"", ""D21:79W"", ""D20:80W"", ""D19:81W"", ""D18:82W"", ""D17:83W"", ""D16:84W"", ""D15:85W"", ""D14:86W"", ""D13:87W"", ""D12:88W"", ""D11:89W"", ""D10:90W"", ""D09:91W"", ""D08:92W"", ""D07:93W"", ""D06:94W"", ""D05:95W"", ""D04:96W"", ""D03:97W"", ""D02:98W"", ""D01:99W"", ""D0:100W""]",,,"[""enum labels ui-derived from stringTable balanceTable""]","{""file"": ""original-roland-files/Script/A8EE/Script.xml"", ""line"": 8152}"
fm.pat.mfx.2voicePitchShifter-level,1F 00 02 5D,int4x4,4,"[32768, 32895]",32895,PatchCommonMFX,mfx:2VOICE PITCH SHIFTER,script,-32768,,,,[],"{""file"": ""original-roland-files/Script/A8EE/Script.xml"", ""line"": 8160}"
fm.pat.mfx.stepPitchShifter-step01,1F 00 02 11,int4x4,4,"[32768, 32804]",32794,PatchCommonMFX,mfx:STEP PITCH SHIFTER,script,-32768,"[""-24 semi"", ""-23 semi"", ""-22 semi"", ""-21 semi"", ""-20 semi"", ""-19 semi"", ""-18 semi"", ""-17 semi"", ""-16 semi"", ""-15 semi"", ""-14 semi"", ""-13 semi"", ""-12 semi"", ""-11 semi"", ""-10 semi"", ""-9 semi"", ""-8 semi"", ""-7 semi"", ""-6 semi"", ""-5 semi"", ""-4 semi"", ""-3 semi"", ""-2 semi"", ""-1 semi"", ""+0 semi"", ""+1 semi"", ""+2 semi"", ""+3 semi"", ""+4 semi"", ""+5 semi"", ""+6 semi"", ""+7 semi"", ""+8 semi"", ""+9 semi"", ""+10 semi"", ""+11 semi"", ""+12 semi""]",,,"[""enum labels ui-derived from stringTable coarseTuneTable""]","{""file"": ""original-roland-files/Script/A8EE/Script.xml"", ""line"": 8168}"
fm.pat.mfx.stepPitchShifter-step02,1F 00 02 15,int4x4,4,"[32768, 32804]",32792,PatchCommonMFX,mfx:STEP PITCH SHIFTER,script,-32768,"[""-24 semi"", ""-23 semi"", ""-22 semi"", ""-21 semi"", ""-20 semi"", ""-19 semi"", ""-18 semi"", ""-17 semi"", ""-16 semi"", ""-15 semi"", ""-14 semi"", ""-13 semi"", ""-12 semi"", ""-11 semi"", ""-10 semi"", ""-9 semi"", ""-8 semi"", ""-7 semi"", ""-6 semi"", ""-5 semi"", ""-4 semi"", ""-3 semi"", ""-2 semi"", ""-1 semi"", ""+0 semi"", ""+1 semi"", ""+2 semi"", ""+3 semi"", ""+4 semi"", ""+5 semi"", ""+6 semi"", ""+7 semi"", ""+8 semi"", ""+9 semi"", ""+10 semi"", ""+11 semi"", ""+12 semi""]",,,"[""enum labels ui-derived from stringTable coarseTuneTable""]","{""file"": ""original-roland-files/Script/A8EE/Script.xml"", ""line"": 8176}"
fm.pat.mfx.stepPitchShifter-step03,1F 00 02 19,int4x4,4,"[32768, 32804]",32792,PatchCommonMFX,mfx:STEP PITCH SHIFTER,script,-32768,"[""-24 semi"", ""-23 semi"", ""-22 semi"", ""-21 semi"", ""-20 semi"", ""-19 semi"", ""-18 semi"", ""-17 semi"", ""-16 semi"", ""-15 semi"", ""-14 semi"", ""-13 semi"", ""-12 semi"", ""-11 semi"", ""-10 semi"", ""-9 semi"", ""-8 semi"", ""-7 semi"", ""-6 semi"", ""-5 semi"", ""-4 semi"", ""-3 semi"", ""-2 semi"", ""-1 semi"", ""+0 semi"", ""+1 semi"", ""+2 semi"", ""+3 semi"", ""+4 semi"", ""+5 semi"", ""+6 semi"", ""+7 semi"", ""+8 semi"", ""+9 semi"", ""+10 semi"", ""+11 semi"", ""+12 semi""]",,,"[""enum labels ui-derived from stringTable coarseTuneTable""]","{""file"": ""original-roland-files/Script/A8EE/Script.xml"", ""line"": 8184}"
fm.pat.mfx.stepPitchShifter-step04,1F 00 02 1D,int4x4,4,"[32768, 32804]",32792,PatchCommonMFX,mfx:STEP PITCH SHIFTER,script,-32768,"[""-24 semi"", ""-23 semi"", ""-22 semi"", ""-21 semi"", ""-20 semi"", ""-19 semi"", ""-18 semi"", ""-17 semi"", ""-16 semi"", ""-15 semi"", ""-14 semi"", ""-13 semi"", ""-12 semi"", ""-11 semi"", ""-10 semi"", ""-9 semi"", ""-8 semi"", ""-7 semi"", ""-6 semi"", ""-5 semi"", ""-4 semi"", ""-3 semi"", ""-2 semi"", ""-1 semi"", ""+0 semi"", ""+1 semi"", ""+2 semi"", ""+3 semi"", ""+4 semi"", ""+5 semi"", ""+6 semi"", ""+7 semi"", ""+8 semi"", ""+9 semi"", ""+10 semi"", ""+11 semi"", ""+12 semi""]",,,"[""enum labels ui-derived from stringTable coarseTuneTable""]","{""file"": ""original-roland-files/Script/A8EE/Script.xml"", ""line"": 8192}"
fm.pat.mfx.stepPitchShifter-step05,1F 00 02 21,int4x4,4,"[32768, 32804]",32795,PatchCommonMFX,mfx:STEP PITCH SHIFTER,script,-32768,"[""-24 semi"", ""-23 semi"", ""-22 semi"", ""-21 semi"", ""-20 semi"", ""-19 semi"", ""-18 semi"", ""-17 semi"", ""-16 semi"", ""-15 semi"", ""-14 semi"", ""-13 semi"", ""-12 semi"", ""-11 semi"", ""-10 semi"", ""-9 semi"", ""-8 semi"", ""-7 semi"", ""-6 semi"", ""-5 semi"", ""-4 semi"", ""-3 semi"", ""-2 semi"", ""-1 semi"", ""+0 semi"", ""+1 semi"", ""+2 semi"", ""+3 semi"", ""+4 semi"", ""+5 semi"", ""+6 semi"", ""+7 semi"", ""+8 semi"", ""+9 semi"", ""+10 semi"", ""+11 semi"", ""+12 semi""]",,,"[""enum labels ui-derived from stringTable coarseTuneTable""]","{""file"": ""original-roland-files/Script/A8EE/Script.xml"", ""line"": 8200}"
fm.pat.mfx.stepPitchShifter-step06,1F 00 02 25,int4x4,4,"[32768, 32804]",32792,PatchCommonMFX,mfx:STEP PITCH SHIFTER,script,-32768,"[""-24 semi"", ""-23 semi"", ""-22 semi"", ""-21 semi"", ""-20 semi"", ""-19 semi"", ""-18 semi"", ""-17 semi"", ""-16 semi"", ""-15 semi"", ""-14 semi"", ""-13 semi"", ""-12 semi"", ""-11 semi"", ""-10 semi"", ""-9 semi"", ""-8 semi"", ""-7 semi"", ""-6 semi"", ""-5 semi"", ""-4 semi"", ""-3 semi"", ""-2 semi"", ""-1 semi"", ""+0 semi"", ""+1 semi"", ""+2 semi"", ""+3 semi"", ""+4 semi"", ""+5 semi"", ""+6 semi"", ""+7 semi"", ""+8 semi"", ""+9 semi"", ""+10 semi"", ""+11 semi"", ""+12 semi""]",,,"[""enum labels ui-derived from stringTable coarseTuneTable""]","{""file"": ""original-roland-files/Script/A8EE/Script.xml"", ""line"": 8208}"
fm.pat.mfx.stepPitchShifter-step07,1F 00 02 29,int4x4,4,"[32768, 32804]",32792,PatchCommonMFX,mfx:STEP PITCH SHIFTER,script,-32768,"[""-24 semi"", ""-23 semi"", ""-22 semi"", ""-21 semi"", ""-20 semi"", ""-19 semi"", ""-18 semi"", ""-17 semi"", ""-16 semi"", ""-15 semi"", ""-14 semi"", ""-13 semi"", ""-12 semi"", ""-11 semi"", ""-10 semi"", ""-9 semi"", ""-8 semi"", ""-7 semi"", ""-6 semi"", ""-5 semi"", ""-4 semi"", ""-3 semi"", ""-2 semi"", ""-1 semi"", ""+0 semi"", ""+1 semi"", ""+2 semi"", ""+3 semi"", ""+4 semi"", ""+5 semi"", ""+6 semi"", ""+7 semi"", ""+8 semi"", ""+9 semi"", ""+10 semi"", ""+11 semi"", ""+12 semi""]",,,"[""enum labels ui-derived from stringTable coarseTuneTable""]","{""file"": ""original-roland-files/Script/A8EE/Script.xml"", ""line"": 8216}"
fm.pat.mfx.stepPitchShifter-step08,1F 00 02 2D,int4x4,4,"[32768, 32804]",32795,PatchCommonMFX,mfx:STEP PITCH SHIFTER,script,-32768,"[""-24 semi"", ""-23 semi"", ""-22 semi"", ""-21 semi"", ""-20 semi"", ""-19 semi"", ""-18 semi"", ""-17 semi"", ""-16 semi"", ""-15 semi"", ""-14 semi"", ""-13 semi"", ""-12 semi"", ""-11 semi"", ""-10 semi"", ""-9 semi"", ""-8 semi"", ""-7 semi"", ""-6 semi"", ""-5 semi"", ""-4 semi"", ""-3 semi"", ""-2 semi"", ""-1 semi"", ""+0 semi"", ""+1 semi"", ""+2 semi"", ""+3 semi"", ""+4 semi"", ""+5 semi"", ""+6 semi"", ""+7 semi"", ""+8 semi"", ""+9 semi"", ""+10 semi"", ""+11 semi"", ""+12 semi""]",,,"[""enum labels ui-derived from stringTable coarseTuneTable""]","{""file"": ""original-roland-files/Script/A8EE/Script.xml"", ""line"": 8224}"
fm.pat.mfx.stepPitchShifter-step09,1F 00 02 31,int4x4,4,"[32768, 32804]",32792,PatchCommonMFX,mfx:STEP PITCH SHIFTER,script,-32768,"[""-24 semi"", ""-23 semi"", ""-22 semi"", ""-21 semi"", ""-20 semi"", ""-19 semi"", ""-18 semi"", ""-17 semi"", ""-16 semi"", ""-15 semi"", ""-14 semi"", ""-13 semi"", ""-12 semi"", ""-11 semi"", ""-10 semi"", ""-9 semi"", ""-8 semi"", ""-7 semi"", ""-6 semi"", ""-5 semi"", ""-4 semi"", ""-3 semi"", ""-2 semi"", ""-1 semi"", ""+0 semi"", ""+1 semi"", ""+2 semi"", ""+3 semi"", ""+4 semi"", ""+5 semi"", ""+6 semi"", ""+7 semi"", ""+8 semi"", ""+9 semi"", ""+10 semi"", ""+11 semi"", ""+12 semi""]",,,"[""enum labels ui-derived from stringTable coarseTuneTable""]","{""file"": ""original-roland-files/Script/A8EE/Script.xml"", ""line"": 8232}"
fm.pat.mfx.stepPitchShifter-step10,1F 00 02 35,int4x4,4,"[32768, 32804]",32795,PatchCommonMFX,mfx:STEP PITCH SHIFTER,script,-32768,"[""-24 semi"", ""-23 semi"", ""-22 semi"", ""-21 semi"", ""-20 semi"", ""-19 semi"", ""-18 semi"", ""-17 semi"", ""-16 semi"", ""-15 semi"", ""-14 semi"", ""-13 semi"", ""-12 semi"", ""-11 semi"", ""-10 semi"", ""-9 semi"", ""-8 semi"", ""-7 semi"", ""-6 semi"", ""-5 semi"", ""-4 semi"", ""-3 semi"", ""-2 semi"", ""-1 semi"", ""+0 semi"", ""+1 semi"", ""+2 semi"", ""+3 semi"", ""+4 semi"", ""+5 semi"", ""+6 semi"", ""+7 semi"", ""+8 semi"", ""+9 semi"", ""+10 semi"", ""+11 semi"", ""+12 semi""]",,,"[""enum labels ui-derived from stringTable coarseTuneTable""]","{""file"": ""original-roland-files/Script/A8EE/Script.xml"", ""line"": 8240}"
fm.pat.mfx.stepPitchShifter-step11,1F 00 02 39,int4x4,4,"[32768, 32804]",32792,PatchCommonMFX,mfx:STEP PITCH SHIFTER,script,-32768,"[""-24 semi"", ""-23 semi"", ""-22 semi"", ""-21 semi"", ""-20 semi"", ""-19 semi"", ""-18 semi"", ""-17 semi"", ""-16 semi"", ""-15 semi"", ""-14 semi"", ""-13 semi"", ""-12 semi"", ""-11 semi"", ""-10 semi"", ""-9 semi"", ""-8 semi"", ""-7 semi"", ""-6 semi"", ""-5 semi"", ""-4 semi"", ""-3 semi"", ""-2 semi"", ""-1 semi"", ""+0 semi"", ""+1 semi"", ""+2 semi"", ""+3 semi"", ""+4 semi"", ""+5 semi"", ""+6 semi"", ""+7 semi"", ""+8 semi"", ""+9 semi"", ""+10 semi"", ""+11 semi"", ""+12 semi""]",,,"[""enum labels ui-derived from stringTable coarseTuneTable""]","{""file"": ""original-roland-files/Script/A8EE/Script.xml"", ""line"": 8248}"
fm.pat.mfx.stepPitchShifter-step12,1F 00 02 3D,int4x4,4,"[32768, 32804]",32795,PatchCommonMFX,mfx:STEP PITCH SHIFTER,script,-32768,"[""-24 semi"", ""-23 semi"", ""-22 semi"", ""-21 semi"", ""-20 semi"", ""-19 semi"", ""-18 semi"", ""-17 semi"", ""-16 semi"", ""-15 semi"", ""-14 semi"", ""-13 semi"", ""-12 semi"", ""-11 semi"", ""-10 semi"", ""-9 semi"", ""-8 semi"", ""-7 semi"", ""-6 semi"", ""-5 semi"", ""-4 semi"", ""-3 semi"", ""-2 semi"", ""-1 semi"", ""+0 semi"", ""+1 semi"", ""+2 semi"", ""+3 semi"", ""+4 semi"", ""+5 semi"", ""+6 semi"", ""+7 semi"", ""+8 semi"", ""+9 semi"", ""+10 semi"", ""+11 semi"", ""+12 semi""]",,,"[""enum labels ui-derived from stringTable coarseTuneTable""]","{""file"": ""original-roland-files/Script/A8EE/Script.xml"", ""line"": 8256}"
fm.pat.mfx.stepPitchShifter-step13,1F 00 02 41,int4x4,4,"[32768, 32804]",32792,PatchCommonMFX,mfx:STEP PITCH SHIFTER,script,-32768,"[""-24 semi"", ""-23 semi"", ""-22 semi"", ""-21 semi"", ""-20 semi"", ""-19 semi"", ""-18 semi"", ""-17 semi"", ""-16 semi"", ""-15 semi"", ""-14 semi"", ""-13 semi"", ""-12 semi"", ""-11 semi"", ""-10 semi"", ""-9 semi"", ""-8 semi"", ""-7 semi"", ""-6 semi"", ""-5 semi"", ""-4 semi"", ""-3 semi"", ""-2 semi"", ""-1 semi"", ""+0 semi"", ""+1 semi"", ""+2 semi"", ""+3 semi"", ""+4 semi"", ""+5 semi"", ""+6 semi"", ""+7 semi"", ""+8 semi"", ""+9 semi"", ""+10 semi"", ""+11 semi"", ""+12 semi""]",,,"[""enum labels ui-derived from stringTable coarseTuneTable""]","{""file"": ""original-roland-files/Script/A8EE/Script.xml"", ""line"": 8264}"
fm.pat.mfx.stepPitchShifter-step14,1F 00 02 45,int4x4,4,"[32768, 32804]",32792,PatchCommonMFX,mfx:STEP PITCH SHIFTER,script,-32768,"[""-24 semi"", ""-23 semi"", ""-22 semi"", ""-21 semi"", ""-20 semi"", ""-19 semi"", ""-18 semi"", ""-17 semi"", ""-16 semi"", ""-15 semi"", ""-14 semi"", ""-13 semi"", ""-12 semi"", ""-11 semi"", ""-10 semi"", ""-9 semi"", ""-8 semi"", ""-7 semi"", ""-6 semi"", ""-5 semi"", ""-4 semi"", ""-3 semi"", ""-2 semi"", ""-1 semi"", ""+0 semi"", ""+1 semi"", ""+2 semi"", ""+3 semi"", ""+4 semi"", ""+5 semi"", ""+6 semi"", ""+7 semi"", ""+8 semi"", ""+9 semi"", ""+10 semi"", ""+11 semi"", ""+12 semi""]",,,"[""enum labels ui-derived from stringTable coarseTuneTable""]","{""file"": ""original-roland-files/Script/A8EE/Script.xml"", ""line"": 8272}"
fm.pat.mfx.stepPitchShifter-step15,1F 00 02 49,int4x4,4,"[32768, 32804]",32794,PatchCommonMFX,mfx:STEP PITCH SHIFTER,script,-32768,"[""-24 semi"", ""-23 semi"", ""-22 semi"", ""-21 semi"", ""-20 semi"", ""-19 semi"", ""-18 semi"", ""-17 semi"", ""-16 semi"", ""-15 semi"", ""-14 semi"", ""-13 semi"", ""-12 semi"", ""-11 semi"", ""-10 semi"", ""-9 semi"", ""-8 semi"", ""-7 semi"", ""-6 semi"", ""-5 semi"", ""-4 semi"", ""-3 semi"", ""-2 semi"", ""-1 semi"", ""+0 semi"", ""+1 semi"", ""+2 semi"", ""+3 semi"", ""+4 semi"", ""+5 semi"", ""+6 semi"", ""+7 semi"", ""+8 semi"", ""+9 semi"", ""+10 semi"", ""+11 semi"", ""+12 semi""]",,,"[""enum labels ui-derived from stringTable coarseTuneTable""]","{""file"": ""original-roland-files/Script/A8EE/Script.xml"", ""line"": 8280}"
fm.pat.mfx.stepPitchShifter-step16,1F 00 02 4D,int4x4,4,"[32768, 32804]",32792,PatchCommonMFX,mfx:STEP PITCH SHIFTER,script,-32768,"[""-24 semi"", ""-23 semi"", ""-22 semi"", ""-21 semi"", ""-20 semi"", ""-19 semi"", ""-18 semi"", ""-17 semi"", ""-16 semi"", ""-15 semi"", ""-14 semi"", ""-13 semi"", ""-12 semi"", ""-11 semi"", ""-10 semi"", ""-9 semi"", ""-8 semi"", ""-7 semi"", ""-6 semi"", ""-5 semi"", ""-4 semi"", ""-3 semi"", ""-2 semi"", ""-1 semi"", ""+0 semi"", ""+1 semi"", ""+2 semi"", ""+3 semi"", ""+4 semi"", ""+5 semi"", ""+6 semi"", ""+7 semi"", ""+8 semi"", ""+9 semi"", ""+10 semi"", ""+11 semi"", ""+12 semi""]",,,"[""enum labels ui-derived from stringTable coarseTuneTable""]","{""file"": ""original-roland-files/Script/A8EE/Script.xml"", ""line"": 8288}"
fm.pat.mfx.stepPitchShifter-rateSync,1F 00 02 51,int4x4,4,"[32768, 32769]",32768,PatchCommonMFX,mfx:STEP PITCH SHIFTER,script,,,,,[],"{""file"": ""original-roland-files/Script/A8EE/Script.xml"", ""line"": 8296}"
fm.pat.mfx.stepPitchShifter-rateHz,1F 00 02 55,int4x4,4,"[32769, 32968]",32778,PatchCommonMFX,mfx:STEP PITCH SHIFTER,script,-32768,"[""0.05"", ""0.10"", ""0.15"", ""0.20"", ""0.25"", ""0.30"", ""0.35"", ""0.40"", ""0.45"", ""0.50"", ""0.55"", ""0.60"", ""0.65"", ""0.70"", ""0.75"", ""0.80"", ""0.85"", ""0.90"", ""0.95"", ""1.00"", ""1.05"", ""1.10"", ""1.15"", ""1.20"", ""1.25"", ""1.30"", ""1.35"", ""1.40"", ""1.45"", ""1.50"", ""1.55"", ""1.60"", ""1.65"", ""1.70"", ""1.75"", ""1.80"", ""1.85"", ""1.90"", ""1.95"", ""2.00"", ""2.05"", ""2.10"", ""2.15"", ""2.20"", ""2.25"", ""2.30"", ""2.35"", ""2.40"", ""2.45"", ""2.50"", ""2.55"", ""2.60"", ""2.65"", ""2.70"", ""2.75"", ""2.80"", ""2.85"", ""2.90"", ""2.95"", ""3.00"", ""3.05"", ""3.10"", ""3.15"", ""3.20"", ""3.25"", ""3.30"", ""3.35"", ""3.40"", ""3.45"", ""3.50"", ""3.55"", ""3.60"", ""3.65"", ""3.70"", ""3.75"", ""3.80"", ""3.85"", ""3.90"", ""3.95"", ""4.00"", ""4.05"", ""4.10"", ""4.15"", ""4.20"", ""4.25"", ""4.30"", ""4.35"", ""4.40"", ""4.45"", ""4.50"", ""4.55"", ""4.60"", ""4.65"", ""4.70"", ""4.75"", ""4.80"", ""4.85"", ""4.90"", ""4.95"", ""5.00"", ""5.05"", ""5.10"", ""5.15"", ""5.20"", ""5.25"", ""5.30"", ""5.35"", ""5.40"", ""5.45"", ""5.50"", ""5.55"", ""5.60"", ""5.65"", ""5.70"", ""5.75"", ""5.80"", ""5.85"", ""5.90"", ""5.95"", ""6.00"", ""6.05"", ""6.10"", ""6.15"", ""6.20"", ""6.25"", ""6.30"", ""6.35"", ""6.40"", ""6.45"", ""6.50"", ""6.55"", ""6.60"", ""6.65"", ""6.70"", ""6.75"", ""6.80"", ""6.85"", ""6.90"", ""6.95"", ""7.00"", ""7.05"", ""7.10"", ""7.15"", ""7.20"", ""7.25"", ""7.30"", ""7.35"", ""7.40"", ""7.45"", ""7.50"", ""7.55"", ""7.60"", ""7.65"", ""7.70"", ""7.75"", ""7.80"", ""7.85"", ""7.90"", ""7.95"", ""8.00"", ""8.05"", ""8.10"", ""8.15"", ""8.20"", ""8.25"", ""8.30"", ""8.35"", ""8.40"", ""8.45"", ""8.50"", ""8.55"", ""8.60"", ""8.65"", ""8.70"", ""8.75"", ""8.80"", ""8.85"", ""8.90"", ""8.95"", ""9.00"", ""9.05"", ""9.10"", ""9.15"", ""9.20"", ""9.25"", ""9.30"", ""9.35"", ""9.40"", ""9.45"", ""9.50"", ""9.55"", ""9.60"", ""9.65"", ""9.70"", ""9.75"", ""9.80"", ""9.85"", ""9.90"", ""9.95"", ""10.00""]",,,"[""enum labels ui-derived from stringTable rateHz-10.00Table""]","{""file"": ""original-roland-files/Script/A8EE/Script.xml"", ""line"": 8304}"
fm.pat.mfx.stepPitchShifter-rateNote,1F 00 02 59,int4x4,4,"[32768, 32789]",32786,PatchCommonMFX,mfx:STEP PITCH SHIFTER,script,,,,,[],"{""file"": ""original-roland-files/Script/A8EE/Script.xml"", ""line"": 8312}"
fm.pat.mfx.stepPitchShifter-attack,1F 00 02 5D,int4x4,4,"[32768, 32895]",32868,PatchCommonMFX,mfx:STEP PITCH SHIFTER,script,-32768,,,,[],"{""file"": ""original-roland-files/Script/A8EE/Script.xml"", ""line"": 8320}"
fm.pat.mfx.stepPitchShifter-gate,1F 00 02 61,int4x4,4,"[32768, 32895]",32868,PatchCommonMFX,mfx:STEP PITCH SHIFTER,script,-32768,,,,[],"{""file"": ""original-roland-files/Script/A8EE/Script.xml"", ""line"": 8328}"
fm.pat.mfx.stepPitchShifter-fine,1F 00 02 65,int4x4,4,"[32768, 32868]",32818,PatchCommonMFX,mfx:STEP PITCH SHIFTER,script,-32768,"[""-100 cent"", ""-98 cent"", ""-96 cent"", ""-94 cent"", ""-92 cent"", ""-90 cent"", ""-88 cent"", ""-86 cent"", ""-84 cent"", ""-82 cent"", ""-80 cent"", ""-78 cent"", ""-76 cent"", ""-74 cent"", ""-72 cent"", ""-70 cent"", ""-68 cent"", ""-66 cent"", ""-64 cent"", ""-62 cent"", ""-60 cent"", ""-58 cent"", ""-56 cent"", ""-54 cent"", ""-52 cent"", ""-50 cent"", ""-48 cent"", ""-46 cent"", ""-44 cent"", ""-42 cent"", ""-40 cent"", ""-38 cent"", ""-36 cent"", ""-34 cent"", ""-32 cent"", ""-30 cent"", ""-28 cent"", ""-26 cent"", ""-24 cent"", ""-22 cent"", ""-20 cent"", ""-18 cent"", ""-16 cent"", ""-14 cent"", ""-12 cent"", ""-10 cent"", ""-8 cent"", ""-6 cent"", ""-4 cent"", ""-2 cent"", ""+0 cent"", ""+2 cent"", ""+4 cent"", ""+6 cent"", ""+8 cent"", ""+10 cent"", ""+12 cent"", ""+14 cent"", ""+16 cent"", ""+18 cent"", ""+20 cent"", ""+22 cent"", ""+24 cent"", ""+26 cent"", ""+28 cent"", ""+30 cent"", ""+32 cent"", ""+34 cent"", ""+36 cent"", ""+38 cent"", ""+40 cent"", ""+42 cent"", ""+44 cent"", ""+46 cent"", ""+48 cent"", ""+50 cent"", ""+52 cent"", ""+54 cent"", ""+56 cent"", ""+58 cent"", ""+60 cent"", ""+62 cent"", ""+64 cent"", ""+66 cent"", ""+68 cent"", ""+70 cent"", ""+72 cent"", ""+74 cent"", ""+76 cent"", ""+78 cent"", ""+80 cent"", ""+82 cent"", ""+84 cent"", ""+86 cent"", ""+88 cent"", ""+90 cent"", ""+92 cent"", ""+94 cent"", ""+96 cent"", ""+98 cent"", ""+100 cent""]",,,"[""enum labels ui-derived from stringTable fineTuneTable""]","{""file"": ""original-roland-files/Script/A8EE/Script.xml"", ""line"": 8336}"
fm.pat.mfx.stepPitchShifter-dlySync,1F 00 02 69,int4x4,4,"[32768, 32769]",32768,PatchCommonMFX,mfx:STEP PITCH SHIFTER,script,,,,,[],"{""file"": ""original-roland-files/Script/A8EE/Script.xml"", ""line"": 8344}"
fm.pat.mfx.stepPitchShifter-dlyMsec,1F 00 02 6D,int4x4,4,"[32768, 34068]",32768,PatchCommonMFX,mfx:STEP PITCH SHIFTER,script,-32768,,,,[],"{""file"": ""original-roland-files/Script/A8EE/Script.xml"", ""line"": 8352}"
fm.pat.mfx.stepPitchShifter-dlyNote,1F 00 02 71,int4x4,4,"[32768, 32789]",32786,PatchCommonMFX,mfx:STEP PITCH SHIFTER,script,,,,,[],"{""file"": ""original-roland-files/Script/A8EE/Script.xml"", ""line"": 8360}"
fm.pat.mfx.stepPitchShifter-fbk,1F 00 02 75,int4x4,4,"[32768, 32866]",32817,PatchCommonMFX,mfx:STEP PITCH SHIFTER,script,-32768,"[""-98%"", ""-96%"", ""-94%"", ""-92%"", ""-90%"", ""-88%"", ""-86%"", ""-84%"", ""-82%"", ""-80%"", ""-78%"", ""-76%"", ""-74%"", ""-72%"", ""-70%"", ""-68%"", ""-66%"", ""-64%"", ""-62%"", ""-60%"", ""-58%"", ""-56%"", ""-54%"", ""-52%"", ""-50%"", ""-48%"", ""-46%"", ""-44%"", ""-42%"", ""-40%"", ""-38%"", ""-36%"", ""-34%"", ""-32%"", ""-30%"", ""-28%"", ""-26%"", ""-24%"", ""-22%"", ""-20%"", ""-18%"", ""-16%"", ""-14%"", ""-12%"", ""-10%"", ""-8%"", ""-6%"", ""-4%"", ""-2%"", ""0%"", ""+2%"", ""+4%"", ""+6%"", ""+8%"", ""+10%"", ""+12%"", ""+14%"", ""+16%"", ""+18%"", ""+20%"", ""+22%"", ""+24%"", ""+26%"", ""+28%"", ""+30%"", ""+32%"", ""+34%"", ""+36%"", ""+38%"", ""+40%"", ""+42%"", ""+44%"", ""+46%"", ""+48%"", ""+50%"", ""+52%"", ""+54%"", ""+56%"", ""+58%"", ""+60%"", ""+62%"", ""+64%"", ""+66%"", ""+68%"", ""+70%"", ""+72%"", ""+74%"", ""+76%"", ""+78%"", ""+80%"", ""+82%"", ""+84%"", ""+86%"", ""+88%"", ""+90%"", ""+92%"", ""+94%"", ""+96%"", ""+98%""]",,,"[""enum labels ui-derived from stringTable fbkTable""]","{""file"": ""original-roland-files/Script/A8EE/Script.xml"", ""line"": 8368}"
fm.pat.mfx.stepPitchShifter-eqLo,1F 00 02 79,int4x4,4,"[32768, 32798]",32783,PatchCommonMFX,mfx:STEP PITCH SHIFTER,script,-32768,"[""-15 dB"", ""-14 dB"", ""-13 dB"", ""-12 dB"", ""-11 dB"", ""-10 dB"", ""-9 dB"", ""-8 dB"", ""-7 dB"", ""-6 dB"", ""-5 dB"", ""-4 dB"", ""-3 dB"", ""-2 dB"", ""-1 dB"", ""0 dB"", ""+1 dB"", ""+2 dB"", ""+3 dB"", ""+4 dB"", ""+5 dB"", ""+6 dB"", ""+7 dB"", ""+8 dB"", ""+9 dB"", ""+10 dB"", ""+11 dB"", ""+12 dB"", ""+13 dB"", ""+14 dB"", ""+15 dB""]",,,"[""enum labels ui-derived from stringTable gain-15-1Table""]","{""file"": ""original-roland-files/Script/A8EE/Script.xml"", ""line"": 8376}"
fm.pat.mfx.stepPitchShifter-eqHi,1F 00 02 7D,int4x4,4,"[32768, 32798]",32783,PatchCommonMFX,mfx:STEP PITCH SHIFTER,script,-32768,"[""-15 dB"", ""-14 dB"", ""-13 dB"", ""-12 dB"", ""-11 dB"", ""-10 dB"", ""-9 dB"", ""-8 dB"", ""-7 dB"", ""-6 dB"", ""-5 dB"", ""-4 dB"", ""-3 dB"", ""-2 dB"", ""-1 dB"", ""0 dB"", ""+1 dB"", ""+2 dB"", ""+3 dB"", ""+4 dB"", ""+5 dB"", ""+6 dB"", ""+7 dB"", ""+8 dB"", ""+9 dB"", ""+10 dB"", ""+11 dB"", ""+12 dB"", ""+13 dB"", ""+14 dB"", ""+15 dB""]",,,"[""enum labels ui-derived from stringTable gain-15-1Table""]","{""file"": ""original-roland-files/Script/A8EE/Script.xml"", ""line"": 8384}"
fm.pat.mfx.stepPitchShifter-bal,1F 00 03 01,int4x4,4,"[32768, 32868]",32868,PatchCommonMFX,mfx:STEP PITCH SHIFTER,script,,"[""D100:0W"", ""D99:01W"", ""D98:02W"", ""D97:03W"", ""D96:04W"", ""D95:05W"", ""D94:06W"", ""D93:07W"", ""D92:08W"", ""D91:09W"", ""D90:10W"", ""D89:11W"", ""D88:12W"", ""D87:13W"", ""D86:14W"", ""D85:15W"", ""D84:16W"", ""D83:17W"", ""D82:18W"", ""D81:19W"", ""D80:20W"", ""D79:21W"", ""D78:22W"", ""D77:23W"", ""D76:24W"", ""D75:25W"", ""D74:26W"", ""D73:27W"", ""D72:28W"", ""D71:29W"", ""D70:30W"", ""D69:31W"", ""D68:32W"", ""D67:33W"", ""D66:34W"", ""D65:35W"", ""D64:36W"", ""D63:37W"", ""D62:38W"", ""D61:39W"", ""D60:40W"", ""D59:41W"", ""D58:42W"", ""D57:43W"", ""D56:44W"", ""D55:45W"", ""D54:46W"", ""D53:47W"", ""D52:48W"", ""D51:49W"", ""D50:50W"", ""D49:51W"", ""D48:52W"", ""D47:53W"", ""D46:54W"", ""D45:55W"", ""D44:56W"", ""D43:57W"", ""D42:58W"", ""D41:59W"", ""D40:60W"", ""D39:61W"", ""D38:62W"", ""D37:63W"", ""D36:64W"", ""D35:65W"", ""D34:66W"", ""D33:67W"", ""D32:68W"", ""D31:69W"", ""D30:70W"", ""D29:71W"", ""D28:72W"", ""D27:73W"", ""D26:74W"", ""D25:75W"", ""D24:76W"", ""D23:77W"", ""D22:78W"", ""D21:79W"", ""D20:80W"", ""D19:81W"", ""D18:82W"", ""D17:83W"", ""D16:84W"", ""D15:85W"", ""D14:86W"", ""D13:87W"", ""D12:88W"", ""D11:89W"", ""D10:90W"", ""D09:91W"", ""D08:92W"", ""D07:93W"", ""D06:94W"", ""D05:95W"", ""D04:96W"", ""D03:97W"", ""D02:98W"", ""D01:99W"", ""D0:100W""]",,,"[""address byte > 0x7F in '00 81'; base-128 decode gives offset 01 01"", ""enum labels ui-derived from stringTable balanceTable""]","{""file"": ""original-roland-files/Script/A8EE/Script.xml"", ""line"": 8392}"
fm.pat.mfx.stepPitchShifter-level,1F 00 03 05,int4x4,4,"[32768, 32895]",32895,PatchCommonMFX,mfx:STEP PITCH SHIFTER,script,-32768,,,,"[""address byte > 0x7F in '00 85'; base-128 decode gives offset 01 05""]","{""file"": ""original-roland-files/Script/A8EE/Script.xml"", ""line"": 8400}"
fm.pat.mfx.reverb-type,1F 00 02 11,int4x4,4,"[32768, 32773]",32770,PatchCommonMFX,mfx:REVERB,script,,,,,[],"{""file"": ""original-roland-files/Script/A8EE/Script.xml"", ""line"": 8408}"
fm.pat.mfx.reverb-dly,1F 00 02 15,int4x4,4,"[32768, 32893]",32778,PatchCommonMFX,mfx:REVERB,script,-32768,"[""0.0 ms"", ""0.1 ms"", ""0.2 ms"", ""0.3 ms"", ""0.4 ms"", ""0.5 ms"", ""0.6 ms"", ""0.7 ms"", ""0.8 ms"", ""0.9 ms"", ""1.0 ms"", ""1.1 ms"", ""1.2 ms"", ""1.3 ms"", ""1.4 ms"", ""1.5 ms"", ""1.6 ms"", ""1.7 ms"", ""1.8 ms"", ""1.9 ms"", ""2.0 ms"", ""2.1 ms"", ""2.2 ms"", ""2.3 ms"", ""2.4 ms"", ""2.5 ms"", ""2.6 ms"", ""2.7 ms"", ""2.8 ms"", ""2.9 ms"", ""3.0 ms"", ""3.1 ms"", ""3.2 ms"", ""3.3 ms"", ""3.4 ms"", ""3.5 ms"", ""3.6 ms"", ""3.7 ms"", ""3.8 ms"", ""3.9 ms"", ""4.0 ms"", ""4.1 ms"", ""4.2 ms"", ""4.3 ms"", ""4.4 ms"", ""4.5 ms"", ""4.6 ms"", ""4.7 ms"", ""4.8 ms"", ""4.9 ms"", ""5.0 ms"", ""5.5 ms"", ""6.0 ms"", ""6.5 ms"", ""7.0 ms"", ""7.5 ms"", ""8.0 ms"", ""8.5 ms"", ""9.0 ms"", ""9.5 ms"", ""10.0 ms"", ""11.0 ms"", ""12.0 ms"", ""13.0 ms"", ""14.0 ms"", ""15.0 ms"", ""16.0 ms"", ""17.0 ms"", ""18.0 ms"", ""19.0 ms"", ""20.0 ms"", ""21.0 ms"", ""22.0 ms"", ""23.0 ms"", ""24.0 ms"", ""25.0 ms"", ""26.0 ms"", ""27.0 ms"", ""28.0 ms"", ""29.0 ms"", ""30.0 ms"", ""31.0 ms"", ""32.0 ms"", ""33.0 ms"", ""34.0 ms"", ""35.0 ms"", ""36.0 ms"", ""37.0 ms"", ""38.0 ms"", ""39.0 ms"", ""40.0 ms"", ""41.0 ms"", ""42.0 ms"", ""43.0 ms"", ""44.0 ms"", ""45.0 ms"", ""46.0 ms"", ""47.0 ms"", ""48.0 ms"", ""49.0 ms"", ""50.0 ms"", ""52.0 ms"", ""54.0 ms"", ""56.0 ms"", ""58.0 ms"", ""60.0 ms"", ""62.0 ms"", ""64.0 ms"", ""66.0 ms"", ""68.0 ms"", ""70.0 ms"", ""72.0 ms"", ""74.0 ms"", ""76.0 ms"", ""78.0 ms"", ""80.0 ms"", ""82.0 ms"", ""84.0 ms"", ""86.0 ms"", ""88.0 ms"", ""90.0 ms"", ""92.0 ms"", ""94.0 ms"", ""96.0 ms"", ""98.0 ms"", ""100.0 ms""]",,,"[""enum labels ui-derived from stringTable delayTime0-100Table""]","{""file"": ""original-roland-files/Script/A8EE/Script.xml"", ""line"": 8416}"
fm.pat.mfx.reverb-tm,1F 00 02 19,int4x4,4,"[32768, 32895]",32832,PatchCommonMFX,mfx:REVERB,script,-32768,,,,[],"{""file"": ""original-roland-files/Script/A8EE/Script.xml"", ""line"": 8424}"
fm.pat.mfx.reverb-hfDamp,1F 00 02 1D,int4x4,4,"[32768, 32785]",32785,PatchCommonMFX,mfx:REVERB,script,-32768,"[""200 Hz"", ""250 Hz"", ""315 Hz"", ""400 Hz"", ""500 Hz"", ""630 Hz"", ""800 Hz"", ""1000 Hz"", ""1250 Hz"", ""1600 Hz"", ""2000 Hz"", ""2500 Hz"", ""3150 Hz"", ""4000 Hz"", ""5000 Hz"", ""6300 Hz"", ""8000 Hz"", ""BYPASS""]",,,"[""enum labels ui-derived from stringTable freq200-BypassTable""]","{""file"": ""original-roland-files/Script/A8EE/Script.xml"", ""line"": 8432}"
fm.pat.mfx.reverb-eqLo,1F 00 02 21,int4x4,4,"[32768, 32798]",32783,PatchCommonMFX,mfx:REVERB,script,-32768,"[""-15 dB"", ""-14 dB"", ""-13 dB"", ""-12 dB"", ""-11 dB"", ""-10 dB"", ""-9 dB"", ""-8 dB"", ""-7 dB"", ""-6 dB"", ""-5 dB"", ""-4 dB"", ""-3 dB"", ""-2 dB"", ""-1 dB"", ""0 dB"", ""+1 dB"", ""+2 dB"", ""+3 dB"", ""+4 dB"", ""+5 dB"", ""+6 dB"", ""+7 dB"", ""+8 dB"", ""+9 dB"", ""+10 dB"", ""+11 dB"", ""+12 dB"", ""+13 dB"", ""+14 dB"", ""+15 dB""]",,,"[""enum labels ui-derived from stringTable gain-15-1Table""]","{""file"": ""original-roland-files/Script/A8EE/Script.xml"", ""line"": 8440}"
fm.pat.mfx.reverb-eqHi,1F 00 02 25,int4x4,4,"[32768, 32798]",32783,PatchCommonMFX,mfx:REVERB,script,-32768,"[""-15 dB"", ""-14 dB"", ""-13 dB"", ""-12 dB"", ""-11 dB"", ""-10 dB"", ""-9 dB"", ""-8 dB"", ""-7 dB"", ""-6 dB"", ""-5 dB"", ""-4 dB"", ""-3 dB"", ""-2 dB"", ""-1 dB"", ""0 dB"", ""+1 dB"", ""+2 dB"", ""+3 dB"", ""+4 dB"", ""+5 dB"", ""+6 dB"", ""+7 dB"", ""+8 dB"", ""+9 dB"", ""+10 dB"", ""+11 dB"", ""+12 dB"", ""+13 dB"", ""+14 dB"", ""+15 dB""]",,,"[""enum labels ui-derived from stringTable gain-15-1Table""]","{""file"": ""original-roland-files/Script/A8EE/Script.xml"", ""line"": 8448}"
fm.pat.mfx.reverb-bal,1F 00 02 29,int4x4,4,"[32768, 32868]",32818,PatchCommonMFX,mfx:REVERB,script,,"[""D100:0W"", ""D99:01W"", ""D98:02W"", ""D97:03W"", ""D96:04W"", ""D95:05W"", ""D94:06W"", ""D93:07W"", ""D92:08W"", ""D91:09W"", ""D90:10W"", ""D89:11W"", ""D88:12W"", ""D87:13W"", ""D86:14W"", ""D85:15W"", ""D84:16W"", ""D83:17W"", ""D82:18W"", ""D81:19W"", ""D80:20W"", ""D79:21W"", ""D78:22W"", ""D77:23W"", ""D76:24W"", ""D75:25W"", ""D74:26W"", ""D73:27W"", ""D72:28W"", ""D71:29W"", ""D70:30W"", ""D69:31W"", ""D68:32W"", ""D67:33W"", ""D66:34W"", ""D65:35W"", ""D64:36W"", ""D63:37W"", ""D62:38W"", ""D61:39W"", ""D60:40W"", ""D59:41W"", ""D58:42W"", ""D57:43W"", ""D56:44W"", ""D55:45W"", ""D54:46W"", ""D53:47W"", ""D52:48W"", ""D51:49W"", ""D50:50W"", ""D49:51W"", ""D48:52W"", ""D47:53W"", ""D46:54W"", ""D45:55W"", ""D44:56W"", ""D43:57W"", ""D42:58W"", ""D41:59W"", ""D40:60W"", ""D39:61W"", ""D38:62W"", ""D37:63W"", ""D36:64W"", ""D35:65W"", ""D34:66W"", ""D33:67W"", ""D32:68W"", ""D31:69W"", ""D30:70W"", ""D29:71W"", ""D28:72W"", ""D27:73W"", ""D26:74W"", ""D25:75W"", ""D24:76W"", ""D23:77W"", ""D22:78W"", ""D21:79W"", ""D20:80W"", ""D19:81W"", ""D18:82W"", ""D17:83W"", ""D16:84W"", ""D15:85W"", ""D14:86W"", ""D13:87W"", ""D12:88W"", ""D11:89W"", ""D10:90W"", ""D09:91W"", ""D08:92W"", ""D07:93W"", ""D06:94W"", ""D05:95W"", ""D04:96W"", ""D03:97W"", ""D02:98W"", ""D01:99W"", ""D0:100W""]",,,"[""enum labels ui-derived from stringTable balanceTable""]","{""file"": ""original-roland-files/Script/A8EE/Script.xml"", ""line"": 8456}"
fm.pat.mfx.reverb-level,1F 00 02 2D,int4x4,4,"[32768, 32895]",32895,PatchCommonMFX,mfx:REVERB,script,-32768,,,,[],"{""file"": ""original-roland-files/Script/A8EE/Script.xml"", ""line"": 8464}"
fm.pat.mfx.gatedReverb-type,1F 00 02 11,int4x4,4,"[32768, 32771]",32768,PatchCommonMFX,mfx:GATED REVERB,script,,"[""NORMAL"", ""REVERSE"", ""SWEEP1"", ""SWEEP2""]",,,"[""enum labels ui-derived from stringTable mfxGatedReverbTypeTable""]","{""file"": ""original-roland-files/Script/A8EE/Script.xml"", ""line"": 8472}"
fm.pat.mfx.gatedReverb-dly,1F 00 02 15,int4x4,4,"[32768, 32893]",32778,PatchCommonMFX,mfx:GATED REVERB,script,-32768,"[""0.0 ms"", ""0.1 ms"", ""0.2 ms"", ""0.3 ms"", ""0.4 ms"", ""0.5 ms"", ""0.6 ms"", ""0.7 ms"", ""0.8 ms"", ""0.9 ms"", ""1.0 ms"", ""1.1 ms"", ""1.2 ms"", ""1.3 ms"", ""1.4 ms"", ""1.5 ms"", ""1.6 ms"", ""1.7 ms"", ""1.8 ms"", ""1.9 ms"", ""2.0 ms"", ""2.1 ms"", ""2.2 ms"", ""2.3 ms"", ""2.4 ms"", ""2.5 ms"", ""2.6 ms"", ""2.7 ms"", ""2.8 ms"", ""2.9 ms"", ""3.0 ms"", ""3.1 ms"", ""3.2 ms"", ""3.3 ms"", ""3.4 ms"", ""3.5 ms"", ""3.6 ms"", ""3.7 ms"", ""3.8 ms"", ""3.9 ms"", ""4.0 ms"", ""4.1 ms"", ""4.2 ms"", ""4.3 ms"", ""4.4 ms"", ""4.5 ms"", ""4.6 ms"", ""4.7 ms"", ""4.8 ms"", ""4.9 ms"", ""5.0 ms"", ""5.5 ms"", ""6.0 ms"", ""6.5 ms"", ""7.0 ms"", ""7.5 ms"", ""8.0 ms"", ""8.5 ms"", ""9.0 ms"", ""9.5 ms"", ""10.0 ms"", ""11.0 ms"", ""12.0 ms"", ""13.0 ms"", ""14.0 ms"", ""15.0 ms"", ""16.0 ms"", ""17.0 ms"", ""18.0 ms"", ""19.0 ms"", ""20.0 ms"", ""21.0 ms"", ""22.0 ms"", ""23.0 ms"", ""24.0 ms"", ""25.0 ms"", ""26.0 ms"", ""27.0 ms"", ""28.0 ms"", ""29.0 ms"", ""30.0 ms"", ""31.0 ms"", ""32.0 ms"", ""33.0 ms"", ""34.0 ms"", ""35.0 ms"", ""36.0 ms"", ""37.0 ms"", ""38.0 ms"", ""39.0 ms"", ""40.0 ms"", ""41.0 ms"", ""42.0 ms"", ""43.0 ms"", ""44.0 ms"", ""45.0 ms"", ""46.0 ms"", ""47.0 ms"", ""48.0 ms"", ""49.0 ms"", ""50.0 ms"", ""52.0 ms"", ""54.0 ms"", ""56.0 ms"", ""58.0 ms"", ""60.0 ms"", ""62.0 ms"", ""64.0 ms"", ""66.0 ms"", ""68.0 ms"", ""70.0 ms"", ""72.0 ms"", ""74.0 ms"", ""76.0 ms"", ""78.0 ms"", ""80.0 ms"", ""82.0 ms"", ""84.0 ms"", ""86.0 ms"", ""88.0 ms"", ""90.0 ms"", ""92.0 ms"", ""94.0 ms"", ""96.0 ms"", ""98.0 ms"", ""100.0 ms""]",,,"[""enum labels ui-derived from stringTable delayTime0-100Table""]","{""file"": ""original-roland-files/Script/A8EE/Script.xml"", ""line"": 8480}"
fm.pat.mfx.gatedReverb-tm,1F 00 02 19,int4x4,4,"[32768, 32867]",32847,PatchCommonMFX,mfx:GATED REVERB,script,-32768,"[""5 ms"", ""10 ms"", ""15 ms"", ""20 ms"", ""25 ms"", ""30 ms"", ""35 ms"", ""40 ms"", ""45 ms"", ""50 ms"", ""55 ms"", ""60 ms"", ""65 ms"", ""70 ms"", ""75 ms"", ""80 ms"", ""85 ms"", ""90 ms"", ""95 ms"", ""100 ms"", ""105 ms"", ""110 ms"", ""115 ms"", ""120 ms"", ""125 ms"", ""130 ms"", ""135 ms"", ""140 ms"", ""145 ms"", ""150 ms"", ""155 ms"", ""160 ms"", ""165 ms"", ""170 ms"", ""175 ms"", ""180 ms"", ""185 ms"", ""190 ms"", ""195 ms"", ""200 ms"", ""205 ms"", ""210 ms"", ""215 ms"", ""220 ms"", ""225 ms"", ""230 ms"", ""235 ms"", ""240 ms"", ""245 ms"", ""250 ms"", ""255 ms"", ""260 ms"", ""265 ms"", ""270 ms"", ""275 ms"", ""280 ms"", ""285 ms"", ""290 ms"", ""295 ms"", ""300 ms"", ""305 ms"", ""310 ms"", ""315 ms"", ""320 ms"", ""325 ms"", ""330 ms"", ""335 ms"", ""340 ms"", ""345 ms"", ""350 ms"", ""355 ms"", ""360 ms"", ""365 ms"", ""370 ms"", ""375 ms"", ""380 ms"", ""385 ms"", ""390 ms"", ""395 ms"", ""400 ms"", ""405 ms"", ""410 ms"", ""415 ms"", ""420 ms"", ""425 ms"", ""430 ms"", ""435 ms"", ""440 ms"", ""445 ms"", ""450 ms"", ""455 ms"", ""460 ms"", ""465 ms"", ""470 ms"", ""475 ms"", ""480 ms"", ""485 ms"", ""490 ms"", ""495 ms"", ""500 ms""]",,,"[""enum labels ui-derived from stringTable gateTimeTable""]","{""file"": ""original-roland-files/Script/A8EE/Script.xml"", ""line"": 8488}"
fm.pat.mfx.gatedReverb-eqLo,1F 00 02 1D,int4x4,4,"[32768, 32798]",32783,PatchCommonMFX,mfx:GATED REVERB,script,-32768,"[""-15 dB"", ""-14 dB"", ""-13 dB"", ""-12 dB"", ""-11 dB"", ""-10 dB"", ""-9 dB"", ""-8 dB"", ""-7 dB"", ""-6 dB"", ""-5 dB"", ""-4 dB"", ""-3 dB"", ""-2 dB"", ""-1 dB"", ""0 dB"", ""+1 dB"", ""+2 dB"", ""+3 dB"", ""+4 dB"", ""+5 dB"", ""+6 dB"", ""+7 dB"", ""+8 dB"", ""+9 dB"", ""+10 dB"", ""+11 dB"", ""+12 dB"", ""+13 dB"", ""+14 dB"", ""+15 dB""]",,,"[""enum labels ui-derived from stringTable gain-15-1Table""]","{""file"": ""original-roland-files/Script/A8EE/Script.xml"", ""line"": 8496}"
fm.pat.mfx.gatedReverb-eqHi,1F 00 02 21,int4x4,4,"[32768, 32798]",32783,PatchCommonMFX,mfx:GATED REVERB,script,-32768,"[""-15 dB"", ""-14 dB"", ""-13 dB"", ""-12 dB"", ""-11 dB"", ""-10 dB"", ""-9 dB"", ""-8 dB"", ""-7 dB"", ""-6 dB"", ""-5 dB"", ""-4 dB"", ""-3 dB"", ""-2 dB"", ""-1 dB"", ""0 dB"", ""+1 dB"", ""+2 dB"", ""+3 dB"", ""+4 dB"", ""+5 dB"", ""+6 dB"", ""+7 dB"", ""+8 dB"", ""+9 dB"", ""+10 dB"", ""+11 dB"", ""+12 dB"", ""+13 dB"", ""+14 dB"", ""+15 dB""]",,,"[""enum labels ui-derived from stringTable gain-15-1Table""]","{""file"": ""original-roland-files/Script/A8EE/Script.xml"", ""line"": 8504}"
fm.pat.mfx.gatedReverb-bal,1F 00 02 25,int4x4,4,"[32768, 32868]",32818,PatchCommonMFX,mfx:GATED REVERB,script,,"[""D100:0W"", ""D99:01W"", ""D98:02W"", ""D97:03W"", ""D96:04W"", ""D95:05W"", ""D94:06W"", ""D93:07W"", ""D92:08W"", ""D91:09W"", ""D90:10W"", ""D89:11W"", ""D88:12W"", ""D87:13W"", ""D86:14W"", ""D85:15W"", ""D84:16W"", ""D83:17W"", ""D82:18W"", ""D81:19W"", ""D80:20W"", ""D79:21W"", ""D78:22W"", ""D77:23W"", ""D76:24W"", ""D75:25W"", ""D74:26W"", ""D73:27W"", ""D72:28W"", ""D71:29W"", ""D70:30W"", ""D69:31W"", ""D68:32W"", ""D67:33W"", ""D66:34W"", ""D65:35W"", ""D64:36W"", ""D63:37W"", ""D62:38W"", ""D61:39W"", ""D60:40W"", ""D59:41W"", ""D58:42W"", ""D57:43W"", ""D56:44W"", ""D55:45W"", ""D54:46W"", ""D53:47W"", ""D52:48W"", ""D51:49W"", ""D50:50W"", ""D49:51W"", ""D48:52W"", ""D47:53W"", ""D46:54W"", ""D45:55W"", ""D44:56W"", ""D43:57W"", ""D42:58W"", ""D41:59W"", ""D40:60W"", ""D39:61W"", ""D38:62W"", ""D37:63W"", ""D36:64W"", ""D35:65W"", ""D34:66W"", ""D33:67W"", ""D32:68W"", ""D31:69W"", ""D30:70W"", ""D29:71W"", ""D28:72W"", ""D27:73W"", ""D26:74W"", ""D25:75W"", ""D24:76W"", ""D23:77W"", ""D22:78W"", ""D21:79W"", ""D20:80W"", ""D19:81W"", ""D18:82W"", ""D17:83W"", ""D16:84W"", ""D15:85W"", ""D14:86W"", ""D13:87W"", ""D12:88W"", ""D11:89W"", ""D10:90W"", ""D09:91W"", ""D08:92W"", ""D07:93W"", ""D06:94W"", ""D05:95W"", ""D04:96W"", ""D03:97W"", ""D02:98W"", ""D01:99W"", ""D0:100W""]",,,"[""enum labels ui-derived from stringTable balanceTable""]","{""file"": ""original-roland-files/Script/A8EE/Script.xml"", ""line"": 8512}"
fm.pat.mfx.gatedReverb-level,1F 00 02 29,int4x4,4,"[32768, 32895]",32895,PatchCommonMFX,mfx:GATED REVERB,script,-32768,,,,[],"{""file"": ""original-roland-files/Script/A8EE/Script.xml"", ""line"": 8520}"
fm.pat.mfx.overdriveToChorus-odDrv,1F 00 02 11,int4x4,4,"[32768, 32895]",32832,PatchCommonMFX,mfx:OVERDRIVE->CHORUS,script,-32768,,,,[],"{""file"": ""original-roland-files/Script/A8EE/Script.xml"", ""line"": 8528}"
fm.pat.mfx.overdriveToChorus-odPan,1F 00 02 15,int4x4,4,"[32768, 32895]",32832,PatchCommonMFX,mfx:OVERDRIVE->CHORUS,script,,,,,[],"{""file"": ""original-roland-files/Script/A8EE/Script.xml"", ""line"": 8536}"
fm.pat.mfx.overdriveToChorus-choDly,1F 00 02 19,int4x4,4,"[32768, 32893]",32788,PatchCommonMFX,mfx:OVERDRIVE->CHORUS,script,-32768,"[""0.0 ms"", ""0.1 ms"", ""0.2 ms"", ""0.3 ms"", ""0.4 ms"", ""0.5 ms"", ""0.6 ms"", ""0.7 ms"", ""0.8 ms"", ""0.9 ms"", ""1.0 ms"", ""1.1 ms"", ""1.2 ms"", ""1.3 ms"", ""1.4 ms"", ""1.5 ms"", ""1.6 ms"", ""1.7 ms"", ""1.8 ms"", ""1.9 ms"", ""2.0 ms"", ""2.1 ms"", ""2.2 ms"", ""2.3 ms"", ""2.4 ms"", ""2.5 ms"", ""2.6 ms"", ""2.7 ms"", ""2.8 ms"", ""2.9 ms"", ""3.0 ms"", ""3.1 ms"", ""3.2 ms"", ""3.3 ms"", ""3.4 ms"", ""3.5 ms"", ""3.6 ms"", ""3.7 ms"", ""3.8 ms"", ""3.9 ms"", ""4.0 ms"", ""4.1 ms"", ""4.2 ms"", ""4.3 ms"", ""4.4 ms"", ""4.5 ms"", ""4.6 ms"", ""4.7 ms"", ""4.8 ms"", ""4.9 ms"", ""5.0 ms"", ""5.5 ms"", ""6.0 ms"", ""6.5 ms"", ""7.0 ms"", ""7.5 ms"", ""8.0 ms"", ""8.5 ms"", ""9.0 ms"", ""9.5 ms"", ""10.0 ms"", ""11.0 ms"", ""12.0 ms"", ""13.0 ms"", ""14.0 ms"", ""15.0 ms"", ""16.0 ms"", ""17.0 ms"", ""18.0 ms"", ""19.0 ms"", ""20.0 ms"", ""21.0 ms"", ""22.0 ms"", ""23.0 ms"", ""24.0 ms"", ""25.0 ms"", ""26.0 ms"", ""27.0 ms"", ""28.0 ms"", ""29.0 ms"", ""30.0 ms"", ""31.0 ms"", ""32.0 ms"", ""33.0 ms"", ""34.0 ms"", ""35.0 ms"", ""36.0 ms"", ""37.0 ms"", ""38.0 ms"", ""39.0 ms"", ""40.0 ms"", ""41.0 ms"", ""42.0 ms"", ""43.0 ms"", ""44.0 ms"", ""45.0 ms"", ""46.0 ms"", ""47.0 ms"", ""48.0 ms"", ""49.0 ms"", ""50.0 ms"", ""52.0 ms"", ""54.0 ms"", ""56.0 ms"", ""58.0 ms"", ""60.0 ms"", ""62.0 ms"", ""64.0 ms"", ""66.0 ms"", ""68.0 ms"", ""70.0 ms"", ""72.0 ms"", ""74.0 ms"", ""76.0 ms"", ""78.0 ms"", ""80.0 ms"", ""82.0 ms"", ""84.0 ms"", ""86.0 ms"", ""88.0 ms"", ""90.0 ms"", ""92.0 ms"", ""94.0 ms"", ""96.0 ms"", ""98.0 ms"", ""100.0 ms""]",,,"[""enum labels ui-derived from stringTable delayTime0-100Table""]","{""file"": ""original-roland-files/Script/A8EE/Script.xml"", ""line"": 8544}"
fm.pat.mfx.overdriveToChorus-choRateSync,1F 00 02 1D,int4x4,4,"[32768, 32769]",32768,PatchCommonMFX,mfx:OVERDRIVE->CHORUS,script,,,,,[],"{""file"": ""original-roland-files/Script/A8EE/Script.xml"", ""line"": 8552}"
fm.pat.mfx.overdriveToChorus-choRateHz,1F 00 02 21,int4x4,4,"[32769, 32968]",32778,PatchCommonMFX,mfx:OVERDRIVE->CHORUS,script,-32768,"[""0.05"", ""0.10"", ""0.15"", ""0.20"", ""0.25"", ""0.30"", ""0.35"", ""0.40"", ""0.45"", ""0.50"", ""0.55"", ""0.60"", ""0.65"", ""0.70"", ""0.75"", ""0.80"", ""0.85"", ""0.90"", ""0.95"", ""1.00"", ""1.05"", ""1.10"", ""1.15"", ""1.20"", ""1.25"", ""1.30"", ""1.35"", ""1.40"", ""1.45"", ""1.50"", ""1.55"", ""1.60"", ""1.65"", ""1.70"", ""1.75"", ""1.80"", ""1.85"", ""1.90"", ""1.95"", ""2.00"", ""2.05"", ""2.10"", ""2.15"", ""2.20"", ""2.25"", ""2.30"", ""2.35"", ""2.40"", ""2.45"", ""2.50"", ""2.55"", ""2.60"", ""2.65"", ""2.70"", ""2.75"", ""2.80"", ""2.85"", ""2.90"", ""2.95"", ""3.00"", ""3.05"", ""3.10"", ""3.15"", ""3.20"", ""3.25"", ""3.30"", ""3.35"", ""3.40"", ""3.45"", ""3.50"", ""3.55"", ""3.60"", ""3.65"", ""3.70"", ""3.75"", ""3.80"", ""3.85"", ""3.90"", ""3.95"", ""4.00"", ""4.05"", ""4.10"", ""4.15"", ""4.20"", ""4.25"", ""4.30"", ""4.35"", ""4.40"", ""4.45"", ""4.50"", ""4.55"", ""4.60"", ""4.65"", ""4.70"", ""4.75"", ""4.80"", ""4.85"", ""4.90"", ""4.95"", ""5.00"", ""5.05"", ""5.10"", ""5.15"", ""5.20"", ""5.25"", ""5.30"", ""5.35"", ""5.40"", ""5.45"", ""5.50"", ""5.55"", ""5.60"", ""5.65"", ""5.70"", ""5.75"", ""5.80"", ""5.85"", ""5.90"", ""5.95"", ""6.00"", ""6.05"", ""6.10"", ""6.15"", ""6.20"", ""6.25"", ""6.30"", ""6.35"", ""6.40"", ""6.45"", ""6.50"", ""6.55"", ""6.60"", ""6.65"", ""6.70"", ""6.75"", ""6.80"", ""6.85"", ""6.90"", ""6.95"", ""7.00"", ""7.05"", ""7.10"", ""7.15"", ""7.20"", ""7.25"", ""7.30"", ""7.35"", ""7.40"", ""7.45"", ""7.50"", ""7.55"", ""7.60"", ""7.65"", ""7.70"", ""7.75"", ""7.80"", ""7.85"", ""7.90"", ""7.95"", ""8.00"", ""8.05"", ""8.10"", ""8.15"", ""8.20"", ""8.25"", ""8.30"", ""8.35"", ""8.40"", ""8.45"", ""8.50"", ""8.55"", ""8.60"", ""8.65"", ""8.70"", ""8.75"", ""8.80"", ""8.85"", ""8.90"", ""8.95"", ""9.00"", ""9.05"", ""9.10"", ""9.15"", ""9.20"", ""9.25"", ""9.30"", ""9.35"", ""9.40"", ""9.45"", ""9.50"", ""9.55"", ""9.60"", ""9.65"", ""9.70"", ""9.75"", ""9.80"", ""9.85"", ""9.90"", ""9.95"", ""10.00""]",,,"[""enum labels ui-derived from stringTable rateHz-10.00Table""]","{""file"": ""original-roland-files/Script/A8EE/Script.xml"", ""line"": 8560}"
fm.pat.mfx.overdriveToChorus-choRateNote,1F 00 02 25,int4x4,4,"[32768, 32789]",32786,PatchCommonMFX,mfx:OVERDRIVE->CHORUS,script,,,,,[],"{""file"": ""original-roland-files/Script/A8EE/Script.xml"", ""line"": 8568}"
fm.pat.mfx.overdriveToChorus-choDepth,1F 00 02 29,int4x4,4,"[32768, 32895]",32788,PatchCommonMFX,mfx:OVERDRIVE->CHORUS,script,-32768,,,,[],"{""file"": ""original-roland-files/Script/A8EE/Script.xml"", ""line"": 8576}"
fm.pat.mfx.overdriveToChorus-choBal,1F 00 02 2D,int4x4,4,"[32768, 32868]",32818,PatchCommonMFX,mfx:OVERDRIVE->CHORUS,script,,"[""D100:0W"", ""D99:01W"", ""D98:02W"", ""D97:03W"", ""D96:04W"", ""D95:05W"", ""D94:06W"", ""D93:07W"", ""D92:08W"", ""D91:09W"", ""D90:10W"", ""D89:11W"", ""D88:12W"", ""D87:13W"", ""D86:14W"", ""D85:15W"", ""D84:16W"", ""D83:17W"", ""D82:18W"", ""D81:19W"", ""D80:20W"", ""D79:21W"", ""D78:22W"", ""D77:23W"", ""D76:24W"", ""D75:25W"", ""D74:26W"", ""D73:27W"", ""D72:28W"", ""D71:29W"", ""D70:30W"", ""D69:31W"", ""D68:32W"", ""D67:33W"", ""D66:34W"", ""D65:35W"", ""D64:36W"", ""D63:37W"", ""D62:38W"", ""D61:39W"", ""D60:40W"", ""D59:41W"", ""D58:42W"", ""D57:43W"", ""D56:44W"", ""D55:45W"", ""D54:46W"", ""D53:47W"", ""D52:48W"", ""D51:49W"", ""D50:50W"", ""D49:51W"", ""D48:52W"", ""D47:53W"", ""D46:54W"", ""D45:55W"", ""D44:56W"", ""D43:57W"", ""D42:58W"", ""D41:59W"", ""D40:60W"", ""D39:61W"", ""D38:62W"", ""D37:63W"", ""D36:64W"", ""D35:65W"", ""D34:66W"", ""D33:67W"", ""D32:68W"", ""D31:69W"", ""D30:70W"", ""D29:71W"", ""D28:72W"", ""D27:73W"", ""D26:74W"", ""D25:75W"", ""D24:76W"", ""D23:77W"", ""D22:78W"", ""D21:79W"", ""D20:80W"", ""D19:81W"", ""D18:82W"", ""D17:83W"", ""D16:84W"", ""D15:85W"", ""D14:86W"", ""D13:87W"", ""D12:88W"", ""D11:89W"", ""D10:90W"", ""D09:91W"", ""D08:92W"", ""D07:93W"", ""D06:94W"", ""D05:95W"", ""D04:96W"", ""D03:97W"", ""D02:98W"", ""D01:99W"", ""D0:100W""]",,,"[""enum labels ui-derived from stringTable balanceTable""]","{""file"": ""original-roland-files/Script/A8EE/Script.xml"", ""line"": 8584}"
fm.pat.mfx.overdriveToChorus-level,1F 00 02 31,int4x4,4,"[32768, 32895]",32895,PatchCommonMFX,mfx:OVERDRIVE->CHORUS,script,-32768,,,,[],"{""file"": ""original-roland-files/Script/A8EE/Script.xml"", ""line"": 8592}"
fm.pat.mfx.overdriveToFlanger-odDrv,1F 00 02 11,int4x4,4,"[32768, 32895]",32832,PatchCommonMFX,mfx:OVERDRIVE->FLANGER,script,-32768,,,,[],"{""file"": ""original-roland-files/Script/A8EE/Script.xml"", ""line"": 8600}"
fm.pat.mfx.overdriveToFlanger-odPan,1F 00 02 15,int4x4,4,"[32768, 32895]",32832,PatchCommonMFX,mfx:OVERDRIVE->FLANGER,script,,,,,[],"{""file"": ""original-roland-files/Script/A8EE/Script.xml"", ""line"": 8608}"
fm.pat.mfx.overdriveToFlanger-flgDly,1F 00 02 19,int4x4,4,"[32768, 32893]",32788,PatchCommonMFX,mfx:OVERDRIVE->FLANGER,script,-32768,"[""0.0 ms"", ""0.1 ms"", ""0.2 ms"", ""0.3 ms"", ""0.4 ms"", ""0.5 ms"", ""0.6 ms"", ""0.7 ms"", ""0.8 ms"", ""0.9 ms"", ""1.0 ms"", ""1.1 ms"", ""1.2 ms"", ""1.3 ms"", ""1.4 ms"", ""1.5 ms"", ""1.6 ms"", ""1.7 ms"", ""1.8 ms"", ""1.9 ms"", ""2.0 ms"", ""2.1 ms"", ""2.2 ms"", ""2.3 ms"", ""2.4 ms"", ""2.5 ms"", ""2.6 ms"", ""2.7 ms"", ""2.8 ms"", ""2.9 ms"", ""3.0 ms"", ""3.1 ms"", ""3.2 ms"", ""3.3 ms"", ""3.4 ms"", ""3.5 ms"", ""3.6 ms"", ""3.7 ms"", ""3.8 ms"", ""3.9 ms"", ""4.0 ms"", ""4.1 ms"", ""4.2 ms"", ""4.3 ms"", ""4.4 ms"", ""4.5 ms"", ""4.6 ms"", ""4.7 ms"", ""4.8 ms"", ""4.9 ms"", ""5.0 ms"", ""5.5 ms"", ""6.0 ms"", ""6.5 ms"", ""7.0 ms"", ""7.5 ms"", ""8.0 ms"", ""8.5 ms"", ""9.0 ms"", ""9.5 ms"", ""10.0 ms"", ""11.0 ms"", ""12.0 ms"", ""13.0 ms"", ""14.0 ms"", ""15.0 ms"", ""16.0 ms"", ""17.0 ms"", ""18.0 ms"", ""19.0 ms"", ""20.0 ms"", ""21.0 ms"", ""22.0 ms"", ""23.0 ms"", ""24.0 ms"", ""25.0 ms"", ""26.0 ms"", ""27.0 ms"", ""28.0 ms"", ""29.0 ms"", ""30.0 ms"", ""31.0 ms"", ""32.0 ms"", ""33.0 ms"", ""34.0 ms"", ""35.0 ms"", ""36.0 ms"", ""37.0 ms"", ""38.0 ms"", ""39.0 ms"", ""40.0 ms"", ""41.0 ms"", ""42.0 ms"", ""43.0 ms"", ""44.0 ms"", ""45.0 ms"", ""46.0 ms"", ""47.0 ms"", ""48.0 ms"", ""49.0 ms"", ""50.0 ms"", ""52.0 ms"", ""54.0 ms"", ""56.0 ms"", ""58.0 ms"", ""60.0 ms"", ""62.0 ms"", ""64.0 ms"", ""66.0 ms"", ""68.0 ms"", ""70.0 ms"", ""72.0 ms"", ""74.0 ms"", ""76.0 ms"", ""78.0 ms"", ""80.0 ms"", ""82.0 ms"", ""84.0 ms"", ""86.0 ms"", ""88.0 ms"", ""90.0 ms"", ""92.0 ms"", ""94.0 ms"", ""96.0 ms"", ""98.0 ms"", ""100.0 ms""]",,,"[""enum labels ui-derived from stringTable delayTime0-100Table""]","{""file"": ""original-roland-files/Script/A8EE/Script.xml"", ""line"": 8616}"
fm.pat.mfx.overdriveToFlanger-flgRateSync,1F 00 02 1D,int4x4,4,"[32768, 32769]",32768,PatchCommonMFX,mfx:OVERDRIVE->FLANGER,script,,,,,[],"{""file"": ""original-roland-files/Script/A8EE/Script.xml"", ""line"": 8624}"
fm.pat.mfx.overdriveToFlanger-flgRateHz,1F 00 02 21,int4x4,4,"[32769, 32968]",32778,PatchCommonMFX,mfx:OVERDRIVE->FLANGER,script,-32768,"[""0.05"", ""0.10"", ""0.15"", ""0.20"", ""0.25"", ""0.30"", ""0.35"", ""0.40"", ""0.45"", ""0.50"", ""0.55"", ""0.60"", ""0.65"", ""0.70"", ""0.75"", ""0.80"", ""0.85"", ""0.90"", ""0.95"", ""1.00"", ""1.05"", ""1.10"", ""1.15"", ""1.20"", ""1.25"", ""1.30"", ""1.35"", ""1.40"", ""1.45"", ""1.50"", ""1.55"", ""1.60"", ""1.65"", ""1.70"", ""1.75"", ""1.80"", ""1.85"", ""1.90"", ""1.95"", ""2.00"", ""2.05"", ""2.10"", ""2.15"", ""2.20"", ""2.25"", ""2.30"", ""2.35"", ""2.40"", ""2.45"", ""2.50"", ""2.55"", ""2.60"", ""2.65"", ""2.70"", ""2.75"", ""2.80"", ""2.85"", ""2.90"", ""2.95"", ""3.00"", ""3.05"", ""3.10"", ""3.15"", ""3.20"", ""3.25"", ""3.30"", ""3.35"", ""3.40"", ""3.45"", ""3.50"", ""3.55"", ""3.60"", ""3.65"", ""3.70"", ""3.75"", ""3.80"", ""3.85"", ""3.90"", ""3.95"", ""4.00"", ""4.05"", ""4.10"", ""4.15"", ""4.20"", ""4.25"", ""4.30"", ""4.35"", ""4.40"", ""4.45"", ""4.50"", ""4.55"", ""4.60"", ""4.65"", ""4.70"", ""4.75"", ""4.80"", ""4.85"", ""4.90"", ""4.95"", ""5.00"", ""5.05"", ""5.10"", ""5.15"", ""5.20"", ""5.25"", ""5.30"", ""5.35"", ""5.40"", ""5.45"", ""5.50"", ""5.55"", ""5.60"", ""5.65"", ""5.70"", ""5.75"", ""5.80"", ""5.85"", ""5.90"", ""5.95"", ""6.00"", ""6.05"", ""6.10"", ""6.15"", ""6.20"", ""6.25"", ""6.30"", ""6.35"", ""6.40"", ""6.45"", ""6.50"", ""6.55"", ""6.60"", ""6.65"", ""6.70"", ""6.75"", ""6.80"", ""6.85"", ""6.90"", ""6.95"", ""7.00"", ""7.05"", ""7.10"", ""7.15"", ""7.20"", ""7.25"", ""7.30"", ""7.35"", ""7.40"", ""7.45"", ""7.50"", ""7.55"", ""7.60"", ""7.65"", ""7.70"", ""7.75"", ""7.80"", ""7.85"", ""7.90"", ""7.95"", ""8.00"", ""8.05"", ""8.10"", ""8.15"", ""8.20"", ""8.25"", ""8.30"", ""8.35"", ""8.40"", ""8.45"", ""8.50"", ""8.55"", ""8.60"", ""8.65"", ""8.70"", ""8.75"", ""8.80"", ""8.85"", ""8.90"", ""8.95"", ""9.00"", ""9.05"", ""9.10"", ""9.15"", ""9.20"", ""9.25"", ""9.30"", ""9.35"", ""9.40"", ""9.45"", ""9.50"", ""9.55"", ""9.60"", ""9.65"", ""9.70"", ""9.75"", ""9.80"", ""9.85"", ""9.90"", ""9.95"", ""10.00""]",,,"[""enum labels ui-derived from stringTable rateHz-10.00Table""]","{""file"": ""original-roland-files/Script/A8EE/Script.xml"", ""line"": 8632}"
fm.pat.mfx.overdriveToFlanger-flgRateNote,1F 00 02 25,int4x4,4,"[32768, 32789]",32786,PatchCommonMFX,mfx:OVERDRIVE->FLANGER,script,,,,,[],"{""file"": ""original-roland-files/Script/A8EE/Script.xml"", ""line"": 8640}"
fm.pat.mfx.overdriveToFlanger-flgDepth,1F 00 02 29,int4x4,4,"[32768, 32895]",32808,PatchCommonMFX,mfx:OVERDRIVE->FLANGER,script,-32768,,,,[],"{""file"": ""original-roland-files/Script/A8EE/Script.xml"", ""line"": 8648}"
fm.pat.mfx.overdriveToFlanger-flgFbk,1F 00 02 2D,int4x4,4,"[32768, 32866]",32847,PatchCommonMFX,mfx:OVERDRIVE->FLANGER,script,-32768,"[""-98%"", ""-96%"", ""-94%"", ""-92%"", ""-90%"", ""-88%"", ""-86%"", ""-84%"", ""-82%"", ""-80%"", ""-78%"", ""-76%"", ""-74%"", ""-72%"", ""-70%"", ""-68%"", ""-66%"", ""-64%"", ""-62%"", ""-60%"", ""-58%"", ""-56%"", ""-54%"", ""-52%"", ""-50%"", ""-48%"", ""-46%"", ""-44%"", ""-42%"", ""-40%"", ""-38%"", ""-36%"", ""-34%"", ""-32%"", ""-30%"", ""-28%"", ""-26%"", ""-24%"", ""-22%"", ""-20%"", ""-18%"", ""-16%"", ""-14%"", ""-12%"", ""-10%"", ""-8%"", ""-6%"", ""-4%"", ""-2%"", ""0%"", ""+2%"", ""+4%"", ""+6%"", ""+8%"", ""+10%"", ""+12%"", ""+14%"", ""+16%"", ""+18%"", ""+20%"", ""+22%"", ""+24%"", ""+26%"", ""+28%"", ""+30%"", ""+32%"", ""+34%"", ""+36%"", ""+38%"", ""+40%"", ""+42%"", ""+44%"", ""+46%"", ""+48%"", ""+50%"", ""+52%"", ""+54%"", ""+56%"", ""+58%"", ""+60%"", ""+62%"", ""+64%"", ""+66%"", ""+68%"", ""+70%"", ""+72%"", ""+74%"", ""+76%"", ""+78%"", ""+80%"", ""+82%"", ""+84%"", ""+86%"", ""+88%"", ""+90%"", ""+92%"", ""+94%"", ""+96%"", ""+98%""]",,,"[""enum labels ui-derived from stringTable fbkTable""]","{""file"": ""original-roland-files/Script/A8EE/Script.xml"", ""line"": 8656}"
fm.pat.mfx.overdriveToFlanger-flgBal,1F 00 02 31,int4x4,4,"[32768, 32868]",32818,PatchCommonMFX,mfx:OVERDRIVE->FLANGER,script,,"[""D100:0W"", ""D99:01W"", ""D98:02W"", ""D97:03W"", ""D96:04W"", ""D95:05W"", ""D94:06W"", ""D93:07W"", ""D92:08W"", ""D91:09W"", ""D90:10W"", ""D89:11W"", ""D88:12W"", ""D87:13W"", ""D86:14W"", ""D85:15W"", ""D84:16W"", ""D83:17W"", ""D82:18W"", ""D81:19W"", ""D80:20W"", ""D79:21W"", ""D78:22W"", ""D77:23W"", ""D76:24W"", ""D75:25W"", ""D74:26W"", ""D73:27W"", ""D72:28W"", ""D71:29W"", ""D70:30W"", ""D69:31W"", ""D68:32W"", ""D67:33W"", ""D66:34W"", ""D65:35W"", ""D64:36W"", ""D63:37W"", ""D62:38W"", ""D61:39W"", ""D60:40W"", ""D59:41W"", ""D58:42W"", ""D57:43W"", ""D56:44W"", ""D55:45W"", ""D54:46W"", ""D53:47W"", ""D52:48W"", ""D51:49W"", ""D50:50W"", ""D49:51W"", ""D48:52W"", ""D47:53W"", ""D46:54W"", ""D45:55W"", ""D44:56W"", ""D43:57W"", ""D42:58W"", ""D41:59W"", ""D40:60W"", ""D39:61W"", ""D38:62W"", ""D37:63W"", ""D36:64W"", ""D35:65W"", ""D34:66W"", ""D33:67W"", ""D32:68W"", ""D31:69W"", ""D30:70W"", ""D29:71W"", ""D28:72W"", ""D27:73W"", ""D26:74W"", ""D25:75W"", ""D24:76W"", ""D23:77W"", ""D22:78W"", ""D21:79W"", ""D20:80W"", ""D19:81W"", ""D18:82W"", ""D17:83W"", ""D16:84W"", ""D15:85W"", ""D14:86W"", ""D13:87W"", ""D12:88W"", ""D11:89W"", ""D10:90W"", ""D09:91W"", ""D08:92W"", ""D07:93W"", ""D06:94W"", ""D05:95W"", ""D04:96W"", ""D03:97W"", ""D02:98W"", ""D01:99W"", ""D0:100W""]",,,"[""enum labels ui-derived from stringTable balanceTable""]","{""file"": ""original-roland-files/Script/A8EE/Script.xml"", ""line"": 8664}"
fm.pat.mfx.overdriveToFlanger-level,1F 00 02 35,int4x4,4,"[32768, 32895]",32895,PatchCommonMFX,mfx:OVERDRIVE->FLANGER,script,-32768,,,,[],"{""file"": ""original-roland-files/Script/A8EE/Script.xml"", ""line"": 8672}"
fm.pat.mfx.overdriveToDelay-odDrv,1F 00 02 11,int4x4,4,"[32768, 32895]",32832,PatchCommonMFX,mfx:OVERDRIVE->DELAY,script,-32768,,,,[],"{""file"": ""original-roland-files/Script/A8EE/Script.xml"", ""line"": 8680}"
fm.pat.mfx.overdriveToDelay-odPan,1F 00 02 15,int4x4,4,"[32768, 32895]",32832,PatchCommonMFX,mfx:OVERDRIVE->DELAY,script,,,,,[],"{""file"": ""original-roland-files/Script/A8EE/Script.xml"", ""line"": 8688}"
fm.pat.mfx.overdriveToDelay-dlySync,1F 00 02 19,int4x4,4,"[32768, 32769]",32768,PatchCommonMFX,mfx:OVERDRIVE->DELAY,script,,,,,[],"{""file"": ""original-roland-files/Script/A8EE/Script.xml"", ""line"": 8696}"
fm.pat.mfx.overdriveToDelay-dlyMsec,1F 00 02 1D,int4x4,4,"[32768, 35368]",33368,PatchCommonMFX,mfx:OVERDRIVE->DELAY,script,-32768,,,,[],"{""file"": ""original-roland-files/Script/A8EE/Script.xml"", ""line"": 8704}"
fm.pat.mfx.overdriveToDelay-dlyNote,1F 00 02 21,int4x4,4,"[32768, 32789]",32780,PatchCommonMFX,mfx:OVERDRIVE->DELAY,script,,,,,[],"{""file"": ""original-roland-files/Script/A8EE/Script.xml"", ""line"": 8712}"
fm.pat.mfx.overdriveToDelay-dlyFbk,1F 00 02 25,int4x4,4,"[32768, 32866]",32827,PatchCommonMFX,mfx:OVERDRIVE->DELAY,script,-32768,"[""-98%"", ""-96%"", ""-94%"", ""-92%"", ""-90%"", ""-88%"", ""-86%"", ""-84%"", ""-82%"", ""-80%"", ""-78%"", ""-76%"", ""-74%"", ""-72%"", ""-70%"", ""-68%"", ""-66%"", ""-64%"", ""-62%"", ""-60%"", ""-58%"", ""-56%"", ""-54%"", ""-52%"", ""-50%"", ""-48%"", ""-46%"", ""-44%"", ""-42%"", ""-40%"", ""-38%"", ""-36%"", ""-34%"", ""-32%"", ""-30%"", ""-28%"", ""-26%"", ""-24%"", ""-22%"", ""-20%"", ""-18%"", ""-16%"", ""-14%"", ""-12%"", ""-10%"", ""-8%"", ""-6%"", ""-4%"", ""-2%"", ""0%"", ""+2%"", ""+4%"", ""+6%"", ""+8%"", ""+10%"", ""+12%"", ""+14%"", ""+16%"", ""+18%"", ""+20%"", ""+22%"", ""+24%"", ""+26%"", ""+28%"", ""+30%"", ""+32%"", ""+34%"", ""+36%"", ""+38%"", ""+40%"", ""+42%"", ""+44%"", ""+46%"", ""+48%"", ""+50%"", ""+52%"", ""+54%"", ""+56%"", ""+58%"", ""+60%"", ""+62%"", ""+64%"", ""+66%"", ""+68%"", ""+70%"", ""+72%"", ""+74%"", ""+76%"", ""+78%"", ""+80%"", ""+82%"", ""+84%"", ""+86%"", ""+88%"", ""+90%"", ""+92%"", ""+94%"", ""+96%"", ""+98%""]",,,"[""enum labels ui-derived from stringTable fbkTable""]","{""file"": ""original-roland-files/Script/A8EE/Script.xml"", ""line"": 8720}"
fm.pat.mfx.overdriveToDelay-dlyHfDamp,1F 00 02 29,int4x4,4,"[32768, 32785]",32785,PatchCommonMFX,mfx:OVERDRIVE->DELAY,script,-32768,"[""200 Hz"", ""250 Hz"", ""315 Hz"", ""400 Hz"", ""500 Hz"", ""630 Hz"", ""800 Hz"", ""1000 Hz"", ""1250 Hz"", ""1600 Hz"", ""2000 Hz"", ""2500 Hz"", ""3150 Hz"", ""4000 Hz"", ""5000 Hz"", ""6300 Hz"", ""8000 Hz"", ""BYPASS""]",,,"[""enum labels ui-derived from stringTable freq200-BypassTable""]","{""file"": ""original-roland-files/Script/A8EE/Script.xml"", ""line"": 8728}"
fm.pat.mfx.overdriveToDelay-dlyBal,1F 00 02 2D,int4x4,4,"[32768, 32868]",32818,PatchCommonMFX,mfx:OVERDRIVE->DELAY,script,,"[""D100:0W"", ""D99:01W"", ""D98:02W"", ""D97:03W"", ""D96:04W"", ""D95:05W"", ""D94:06W"", ""D93:07W"", ""D92:08W"", ""D91:09W"", ""D90:10W"", ""D89:11W"", ""D88:12W"", ""D87:13W"", ""D86:14W"", ""D85:15W"", ""D84:16W"", ""D83:17W"", ""D82:18W"", ""D81:19W"", ""D80:20W"", ""D79:21W"", ""D78:22W"", ""D77:23W"", ""D76:24W"", ""D75:25W"", ""D74:26W"", ""D73:27W"", ""D72:28W"", ""D71:29W"", ""D70:30W"", ""D69:31W"", ""D68:32W"", ""D67:33W"", ""D66:34W"", ""D65:35W"", ""D64:36W"", ""D63:37W"", ""D62:38W"", ""D61:39W"", ""D60:40W"", ""D59:41W"", ""D58:42W"", ""D57:43W"", ""D56:44W"", ""D55:45W"", ""D54:46W"", ""D53:47W"", ""D52:48W"", ""D51:49W"", ""D50:50W"", ""D49:51W"", ""D48:52W"", ""D47:53W"", ""D46:54W"", ""D45:55W"", ""D44:56W"", ""D43:57W"", ""D42:58W"", ""D41:59W"", ""D40:60W"", ""D39:61W"", ""D38:62W"", ""D37:63W"", ""D36:64W"", ""D35:65W"", ""D34:66W"", ""D33:67W"", ""D32:68W"", ""D31:69W"", ""D30:70W"", ""D29:71W"", ""D28:72W"", ""D27:73W"", ""D26:74W"", ""D25:75W"", ""D24:76W"", ""D23:77W"", ""D22:78W"", ""D21:79W"", ""D20:80W"", ""D19:81W"", ""D18:82W"", ""D17:83W"", ""D16:84W"", ""D15:85W"", ""D14:86W"", ""D13:87W"", ""D12:88W"", ""D11:89W"", ""D10:90W"", ""D09:91W"", ""D08:92W"", ""D07:93W"", ""D06:94W"", ""D05:95W"", ""D04:96W"", ""D03:97W"", ""D02:98W"", ""D01:99W"", ""D0:100W""]",,,"[""enum labels ui-derived from stringTable balanceTable""]","{""file"": ""original-roland-files/Script/A8EE/Script.xml"", ""line"": 8736}"
fm.pat.mfx.overdriveToDelay-level,1F 00 02 31,int4x4,4,"[32768, 32895]",32895,PatchCommonMFX,mfx:OVERDRIVE->DELAY,script,-32768,,,,[],"{""file"": ""original-roland-files/Script/A8EE/Script.xml"", ""line"": 8744}"
fm.pat.mfx.distortionToChorus-dstDrv,1F 00 02 11,int4x4,4,"[32768, 32895]",32895,PatchCommonMFX,mfx:DISTORTION->CHORUS,script,-32768,,,,[],"{""file"": ""original-roland-files/Script/A8EE/Script.xml"", ""line"": 8752}"
fm.pat.mfx.distortionToChorus-dstPan,1F 00 02 15,int4x4,4,"[32768, 32895]",32832,PatchCommonMFX,mfx:DISTORTION->CHORUS,script,,,,,[],"{""file"": ""original-roland-files/Script/A8EE/Script.xml"", ""line"": 8760}"
fm.pat.mfx.distortionToChorus-choDly,1F 00 02 19,int4x4,4,"[32768, 32893]",32788,PatchCommonMFX,mfx:DISTORTION->CHORUS,script,-32768,"[""0.0 ms"", ""0.1 ms"", ""0.2 ms"", ""0.3 ms"", ""0.4 ms"", ""0.5 ms"", ""0.6 ms"", ""0.7 ms"", ""0.8 ms"", ""0.9 ms"", ""1.0 ms"", ""1.1 ms"", ""1.2 ms"", ""1.3 ms"", ""1.4 ms"", ""1.5 ms"", ""1.6 ms"", ""1.7 ms"", ""1.8 ms"", ""1.9 ms"", ""2.0 ms"", ""2.1 ms"", ""2.2 ms"", ""2.3 ms"", ""2.4 ms"", ""2.5 ms"", ""2.6 ms"", ""2.7 ms"", ""2.8 ms"", ""2.9 ms"", ""3.0 ms"", ""3.1 ms"", ""3.2 ms"", ""3.3 ms"", ""3.4 ms"", ""3.5 ms"", ""3.6 ms"", ""3.7 ms"", ""3.8 ms"", ""3.9 ms"", ""4.0 ms"", ""4.1 ms"", ""4.2 ms"", ""4.3 ms"", ""4.4 ms"", ""4.5 ms"", ""4.6 ms"", ""4.7 ms"", ""4.8 ms"", ""4.9 ms"", ""5.0 ms"", ""5.5 ms"", ""6.0 ms"", ""6.5 ms"", ""7.0 ms"", ""7.5 ms"", ""8.0 ms"", ""8.5 ms"", ""9.0 ms"", ""9.5 ms"", ""10.0 ms"", ""11.0 ms"", ""12.0 ms"", ""13.0 ms"", ""14.0 ms"", ""15.0 ms"", ""16.0 ms"", ""17.0 ms"", ""18.0 ms"", ""19.0 ms"", ""20.0 ms"", ""21.0 ms"", ""22.0 ms"", ""23.0 ms"", ""24.0 ms"", ""25.0 ms"", ""26.0 ms"", ""27.0 ms"", ""28.0 ms"", ""29.0 ms"", ""30.0 ms"", ""31.0 ms"", ""32.0 ms"", ""33.0 ms"", ""34.0 ms"", ""35.0 ms"", ""36.0 ms"", ""37.0 ms"", ""38.0 ms"", ""39.0 ms"", ""40.0 ms"", ""41.0 ms"", ""42.0 ms"", ""43.0 ms"", ""44.0 ms"", ""45.0 ms"", ""46.0 ms"", ""47.0 ms"", ""48.0 ms"", ""49.0 ms"", ""50.0 ms"", ""52.0 ms"", ""54.0 ms"", ""56.0 ms"", ""58.0 ms"", ""60.0 ms"", ""62.0 ms"", ""64.0 ms"", ""66.0 ms"", ""68.0 ms"", ""70.0 ms"", ""72.0 ms"", ""74.0 ms"", ""76.0 ms"", ""78.0 ms"", ""80.0 ms"", ""82.0 ms"", ""84.0 ms"", ""86.0 ms"", ""88.0 ms"", ""90.0 ms"", ""92.0 ms"", ""94.0 ms"", ""96.0 ms"", ""98.0 ms"", ""100.0 ms""]",,,"[""enum labels ui-derived from stringTable delayTime0-100Table""]","{""file"": ""original-roland-files/Script/A8EE/Script.xml"", ""line"": 8768}"
fm.pat.mfx.distortionToChorus-choRateSync,1F 00 02 1D,int4x4,4,"[32768, 32769]",32768,PatchCommonMFX,mfx:DISTORTION->CHORUS,script,,,,,[],"{""file"": ""original-roland-files/Script/A8EE/Script.xml"", ""line"": 8776}"
fm.pat.mfx.distortionToChorus-choRateHz,1F 00 02 21,int4x4,4,"[32769, 32968]",32778,PatchCommonMFX,mfx:DISTORTION->CHORUS,script,-32768,"[""0.05"", ""0.10"", ""0.15"", ""0.20"", ""0.25"", ""0.30"", ""0.35"", ""0.40"", ""0.45"", ""0.50"", ""0.55"", ""0.60"", ""0.65"", ""0.70"", ""0.75"", ""0.80"", ""0.85"", ""0.90"", ""0.95"", ""1.00"", ""1.05"", ""1.10"", ""1.15"", ""1.20"", ""1.25"", ""1.30"", ""1.35"", ""1.40"", ""1.45"", ""1.50"", ""1.55"", ""1.60"", ""1.65"", ""1.70"", ""1.75"", ""1.80"", ""1.85"", ""1.90"", ""1.95"", ""2.00"", ""2.05"", ""2.10"", ""2.15"", ""2.20"", ""2.25"", ""2.30"", ""2.35"", ""2.40"", ""2.45"", ""2.50"", ""2.55"", ""2.60"", ""2.65"", ""2.70"", ""2.75"", ""2.80"", ""2.85"", ""2.90"", ""2.95"", ""3.00"", ""3.05"", ""3.10"", ""3.15"", ""3.20"", ""3.25"", ""3.30"", ""3.35"", ""3.40"", ""3.45"", ""3.50"", ""3.55"", ""3.60"", ""3.65"", ""3.70"", ""3.75"", ""3.80"", ""3.85"", ""3.90"", ""3.95"", ""4.00"", ""4.05"", ""4.10"", ""4.15"", ""4.20"", ""4.25"", ""4.30"", ""4.35"", ""4.40"", ""4.45"", ""4.50"", ""4.55"", ""4.60"", ""4.65"", ""4.70"", ""4.75"", ""4.80"", ""4.85"", ""4.90"", ""4.95"", ""5.00"", ""5.05"", ""5.10"", ""5.15"", ""5.20"", ""5.25"", ""5.30"", ""5.35"", ""5.40"", ""5.45"", ""5.50"", ""5.55"", ""5.60"", ""5.65"", ""5.70"", ""5.75"", ""5.80"", ""5.85"", ""5.90"", ""5.95"", ""6.00"", ""6.05"", ""6.10"", ""6.15"", ""6.20"", ""6.25"", ""6.30"", ""6.35"", ""6.40"", ""6.45"", ""6.50"", ""6.55"", ""6.60"", ""6.65"", ""6.70"", ""6.75"", ""6.80"", ""6.85"", ""6.90"", ""6.95"", ""7.00"", ""7.05"", ""7.10"", ""7.15"", ""7.20"", ""7.25"", ""7.30"", ""7.35"", ""7.40"", ""7.45"", ""7.50"", ""7.55"", ""7.60"", ""7.65"", ""7.70"", ""7.75"", ""7.80"", ""7.85"", ""7.90"", ""7.95"", ""8.00"", ""8.05"", ""8.10"", ""8.15"", ""8.20"", ""8.25"", ""8.30"", ""8.35"", ""8.40"", ""8.45"", ""8.50"", ""8.55"", ""8.60"", ""8.65"", ""8.70"", ""8.75"", ""8.80"", ""8.85"", ""8.90"", ""8.95"", ""9.00"", ""9.05"", ""9.10"", ""9.15"", ""9.20"", ""9.25"", ""9.30"", ""9.35"", ""9.40"", ""9.45"", ""9.50"", ""9.55"", ""9.60"", ""9.65"", ""9.70"", ""9.75"", ""9.80"", ""9.85"", ""9.90"", ""9.95"", ""10.00""]",,,"[""enum labels ui-derived from stringTable rateHz-10.00Table""]","{""file"": ""original-roland-files/Script/A8EE/Script.xml"", ""line"": 8784}"
fm.pat.mfx.distortionToChorus-choRateNote,1F 00 02 25,int4x4,4,"[32768, 32789]",32786,PatchCommonMFX,mfx:DISTORTION->CHORUS,script,,,,,[],"{""file"": ""original-roland-files/Script/A8EE/Script.xml"", ""line"": 8792}"
fm.pat.mfx.distortionToChorus-choDepth,1F 00 02 29,int4x4,4,"[32768, 32895]",32788,PatchCommonMFX,mfx:DISTORTION->CHORUS,script,-32768,,,,[],"{""file"": ""original-roland-files/Script/A8EE/Script.xml"", ""line"": 8800}"
fm.pat.mfx.distortionToChorus-choBal,1F 00 02 2D,int4x4,4,"[32768, 32868]",32818,PatchCommonMFX,mfx:DISTORTION->CHORUS,script,,"[""D100:0W"", ""D99:01W"", ""D98:02W"", ""D97:03W"", ""D96:04W"", ""D95:05W"", ""D94:06W"", ""D93:07W"", ""D92:08W"", ""D91:09W"", ""D90:10W"", ""D89:11W"", ""D88:12W"", ""D87:13W"", ""D86:14W"", ""D85:15W"", ""D84:16W"", ""D83:17W"", ""D82:18W"", ""D81:19W"", ""D80:20W"", ""D79:21W"", ""D78:22W"", ""D77:23W"", ""D76:24W"", ""D75:25W"", ""D74:26W"", ""D73:27W"", ""D72:28W"", ""D71:29W"", ""D70:30W"", ""D69:31W"", ""D68:32W"", ""D67:33W"", ""D66:34W"", ""D65:35W"", ""D64:36W"", ""D63:37W"", ""D62:38W"", ""D61:39W"", ""D60:40W"", ""D59:41W"", ""D58:42W"", ""D57:43W"", ""D56:44W"", ""D55:45W"", ""D54:46W"", ""D53:47W"", ""D52:48W"", ""D51:49W"", ""D50:50W"", ""D49:51W"", ""D48:52W"", ""D47:53W"", ""D46:54W"", ""D45:55W"", ""D44:56W"", ""D43:57W"", ""D42:58W"", ""D41:59W"", ""D40:60W"", ""D39:61W"", ""D38:62W"", ""D37:63W"", ""D36:64W"", ""D35:65W"", ""D34:66W"", ""D33:67W"", ""D32:68W"", ""D31:69W"", ""D30:70W"", ""D29:71W"", ""D28:72W"", ""D27:73W"", ""D26:74W"", ""D25:75W"", ""D24:76W"", ""D23:77W"", ""D22:78W"", ""D21:79W"", ""D20:80W"", ""D19:81W"", ""D18:82W"", ""D17:83W"", ""D16:84W"", ""D15:85W"", ""D14:86W"", ""D13:87W"", ""D12:88W"", ""D11:89W"", ""D10:90W"", ""D09:91W"", ""D08:92W"", ""D07:93W"", ""D06:94W"", ""D05:95W"", ""D04:96W"", ""D03:97W"", ""D02:98W"", ""D01:99W"", ""D0:100W""]",,,"[""enum labels ui-derived from stringTable balanceTable""]","{""file"": ""original-roland-files/Script/A8EE/Script.xml"", ""line"": 8808}"
fm.pat.mfx.distortionToChorus-level,1F 00 02 31,int4x4,4,"[32768, 32895]",32895,PatchCommonMFX,mfx:DISTORTION->CHORUS,script,-32768,,,,[],"{""file"": ""original-roland-files/Script/A8EE/Script.xml"", ""line"": 8816}"
fm.pat.mfx.distortionToFlanger-dstDrv,1F 00 02 11,int4x4,4,"[32768, 32895]",32895,PatchCommonMFX,mfx:DISTORTION->FLANGER,script,-32768,,,,[],"{""file"": ""original-roland-files/Script/A8EE/Script.xml"", ""line"": 8824}"
fm.pat.mfx.distortionToFlanger-dstPan,1F 00 02 15,int4x4,4,"[32768, 32895]",32832,PatchCommonMFX,mfx:DISTORTION->FLANGER,script,,,,,[],"{""file"": ""original-roland-files/Script/A8EE/Script.xml"", ""line"": 8832}"
fm.pat.mfx.distortionToFlanger-flgDly,1F 00 02 19,int4x4,4,"[32768, 32893]",32788,PatchCommonMFX,mfx:DISTORTION->FLANGER,script,-32768,"[""0.0 ms"", ""0.1 ms"", ""0.2 ms"", ""0.3 ms"", ""0.4 ms"", ""0.5 ms"", ""0.6 ms"", ""0.7 ms"", ""0.8 ms"", ""0.9 ms"", ""1.0 ms"", ""1.1 ms"", ""1.2 ms"", ""1.3 ms"", ""1.4 ms"", ""1.5 ms"", ""1.6 ms"", ""1.7 ms"", ""1.8 ms"", ""1.9 ms"", ""2.0 ms"", ""2.1 ms"", ""2.2 ms"", ""2.3 ms"", ""2.4 ms"", ""2.5 ms"", ""2.6 ms"", ""2.7 ms"", ""2.8 ms"", ""2.9 ms"", ""3.0 ms"", ""3.1 ms"", ""3.2 ms"", ""3.3 ms"", ""3.4 ms"", ""3.5 ms"", ""3.6 ms"", ""3.7 ms"", ""3.8 ms"", ""3.9 ms"", ""4.0 ms"", ""4.1 ms"", ""4.2 ms"", ""4.3 ms"", ""4.4 ms"", ""4.5 ms"", ""4.6 ms"", ""4.7 ms"", ""4.8 ms"", ""4.9 ms"", ""5.0 ms"", ""5.5 ms"", ""6.0 ms"", ""6.5 ms"", ""7.0 ms"", ""7.5 ms"", ""8.0 ms"", ""8.5 ms"", ""9.0 ms"", ""9.5 ms"", ""10.0 ms"", ""11.0 ms"", ""12.0 ms"", ""13.0 ms"", ""14.0 ms"", ""15.0 ms"", ""16.0 ms"", ""17.0 ms"", ""18.0 ms"", ""19.0 ms"", ""20.0 ms"", ""21.0 ms"", ""22.0 ms"", ""23.0 ms"", ""24.0 ms"", ""25.0 ms"", ""26.0 ms"", ""27.0 ms"", ""28.0 ms"", ""29.0 ms"", ""30.0 ms"", ""31.0 ms"", ""32.0 ms"", ""33.0 ms"", ""34.0 ms"", ""35.0 ms"", ""36.0 ms"", ""37.0 ms"", ""38.0 ms"", ""39.0 ms"", ""40.0 ms"", ""41.0 ms"", ""42.0 ms"", ""43.0 ms"", ""44.0 ms"", ""45.0 ms"", ""46.0 ms"", ""47.0 ms"", ""48.0 ms"", ""49.0 ms"", ""50.0 ms"", ""52.0 ms"", ""54.0 ms"", ""56.0 ms"", ""58.0 ms"", ""60.0 ms"", ""62.0 ms"", ""64.0 ms"", ""66.0 ms"", ""68.0 ms"", ""70.0 ms"", ""72.0 ms"", ""74.0 ms"", ""76.0 ms"", ""78.0 ms"", ""80.0 ms"", ""82.0 ms"", ""84.0 ms"", ""86.0 ms"", ""88.0 ms"", ""90.0 ms"", ""92.0 ms"", ""94.0 ms"", ""96.0 ms"", ""98.0 ms"", ""100.0 ms""]",,,"[""enum labels ui-derived from stringTable delayTime0-100Table""]","{""file"": ""original-roland-files/Script/A8EE/Script.xml"", ""line"": 8840}"
fm.pat.mfx.distortionToFlanger-flgRateSync,1F 00 02 1D,int4x4,4,"[32768, 32769]",32768,PatchCommonMFX,mfx:DISTORTION->FLANGER,script,,,,,[],"{""file"": ""original-roland-files/Script/A8EE/Script.xml"", ""line"": 8848}"
fm.pat.mfx.distortionToFlanger-flgRateHz,1F 00 02 21,int4x4,4,"[32769, 32968]",32778,PatchCommonMFX,mfx:DISTORTION->FLANGER,script,-32768,"[""0.05"", ""0.10"", ""0.15"", ""0.20"", ""0.25"", ""0.30"", ""0.35"", ""0.40"", ""0.45"", ""0.50"", ""0.55"", ""0.60"", ""0.65"", ""0.70"", ""0.75"", ""0.80"", ""0.85"", ""0.90"", ""0.95"", ""1.00"", ""1.05"", ""1.10"", ""1.15"", ""1.20"", ""1.25"", ""1.30"", ""1.35"", ""1.40"", ""1.45"", ""1.50"", ""1.55"", ""1.60"", ""1.65"", ""1.70"", ""1.75"", ""1.80"", ""1.85"", ""1.90"", ""1.95"", ""2.00"", ""2.05"", ""2.10"", ""2.15"", ""2.20"", ""2.25"", ""2.30"", ""2.35"", ""2.40"", ""2.45"", ""2.50"", ""2.55"", ""2.60"", ""2.65"", ""2.70"", ""2.75"", ""2.80"", ""2.85"", ""2.90"", ""2.95"", ""3.00"", ""3.05"", ""3.10"", ""3.15"", ""3.20"", ""3.25"", ""3.30"", ""3.35"", ""3.40"", ""3.45"", ""3.50"", ""3.55"", ""3.60"", ""3.65"", ""3.70"", ""3.75"", ""3.80"", ""3.85"", ""3.90"", ""3.95"", ""4.00"", ""4.05"", ""4.10"", ""4.15"", ""4.20"", ""4.25"", ""4.30"", ""4.35"", ""4.40"", ""4.45"", ""4.50"", ""4.55"", ""4.60"", ""4.65"", ""4.70"", ""4.75"", ""4.80"", ""4.85"", ""4.90"", ""4.95"", ""5.00"", ""5.05"", ""5.10"", ""5.15"", ""5.20"", ""5.25"", ""5.30"", ""5.35"", ""5.40"", ""5.45"", ""5.50"", ""5.55"", ""5.60"", ""5.65"", ""5.70"", ""5.75"", ""5.80"", ""5.85"", ""5.90"", ""5.95"", ""6.00"", ""6.05"", ""6.10"", ""6.15"", ""6.20"", ""6.25"", ""6.30"", ""6.35"", ""6.40"", ""6.45"", ""6.50"", ""6.55"", ""6.60"", ""6.65"", ""6.70"", ""6.75"", ""6.80"", ""6.85"", ""6.90"", ""6.95"", ""7.00"", ""7.05"", ""7.10"", ""7.15"", ""7.20"", ""7.25"", ""7.30"", ""7.35"", ""7.40"", ""7.45"", ""7.50"", ""7.55"", ""7.60"", ""7.65"", ""7.70"", ""7.75"", ""7.80"", ""7.85"", ""7.90"", ""7.95"", ""8.00"", ""8.05"", ""8.10"", ""8.15"", ""8.20"", ""8.25"", ""8.30"", ""8.35"", ""8.40"", ""8.45"", ""8.50"", ""8.55"", ""8.60"", ""8.65"", ""8.70"", ""8.75"", ""8.80"", ""8.85"", ""8.90"", ""8.95"", ""9.00"", ""9.05"", ""9.10"", ""9.15"", ""9.20"", ""9.25"", ""9.30"", ""9.35"", ""9.40"", ""9.45"", ""9.50"", ""9.55"", ""9.60"", ""9.65"", ""9.70"", ""9.75"", ""9.80"", ""9.85"", ""9.90"", ""9.95"", ""10.00""]",,,"[""enum labels ui-derived from stringTable rateHz-10.00Table""]","{""file"": ""original-roland-files/Script/A8EE/Script.xml"", ""line"": 8856}"
fm.pat.mfx.distortionToFlanger-flgRateNote,1F 00 02 25,int4x4,4,"[32768, 32789]",32786,PatchCommonMFX,mfx:DISTORTION->FLANGER,script,,,,,[],"{""file"": ""original-roland-files/Script/A8EE/Script.xml"", ""line"": 8864}"
fm.pat.mfx.distortionToFlanger-flgDepth,1F 00 02 29,int4x4,4,"[32768, 32895]",32808,PatchCommonMFX,mfx:DISTORTION->FLANGER,script,-32768,,,,[],"{""file"": ""original-roland-files/Script/A8EE/Script.xml"", ""line"": 8872}"
fm.pat.mfx.distortionToFlanger-flgFbk,1F 00 02 2D,int4x4,4,"[32768, 32866]",32847,PatchCommonMFX,mfx:DISTORTION->FLANGER,script,-32768,"[""-98%"", ""-96%"", ""-94%"", ""-92%"", ""-90%"", ""-88%"", ""-86%"", ""-84%"", ""-82%"", ""-80%"", ""-78%"", ""-76%"", ""-74%"", ""-72%"", ""-70%"", ""-68%"", ""-66%"", ""-64%"", ""-62%"", ""-60%"", ""-58%"", ""-56%"", ""-54%"", ""-52%"", ""-50%"", ""-48%"", ""-46%"", ""-44%"", ""-42%"", ""-40%"", ""-38%"", ""-36%"", ""-34%"", ""-32%"", ""-30%"", ""-28%"", ""-26%"", ""-24%"", ""-22%"", ""-20%"", ""-18%"", ""-16%"", ""-14%"", ""-12%"", ""-10%"", ""-8%"", ""-6%"", ""-4%"", ""-2%"", ""0%"", ""+2%"", ""+4%"", ""+6%"", ""+8%"", ""+10%"", ""+12%"", ""+14%"", ""+16%"", ""+18%"", ""+20%"", ""+22%"", ""+24%"", ""+26%"", ""+28%"", ""+30%"", ""+32%"", ""+34%"", ""+36%"", ""+38%"", ""+40%"", ""+42%"", ""+44%"", ""+46%"", ""+48%"", ""+50%"", ""+52%"", ""+54%"", ""+56%"", ""+58%"", ""+60%"", ""+62%"", ""+64%"", ""+66%"", ""+68%"", ""+70%"", ""+72%"", ""+74%"", ""+76%"", ""+78%"", ""+80%"", ""+82%"", ""+84%"", ""+86%"", ""+88%"", ""+90%"", ""+92%"", ""+94%"", ""+96%"", ""+98%""]",,,"[""enum labels ui-derived from stringTable fbkTable""]","{""file"": ""original-roland-files/Script/A8EE/Script.xml"", ""line"": 8880}"
fm.pat.mfx.distortionToFlanger-flgBal,1F 00 02 31,int4x4,4,"[32768, 32868]",32818,PatchCommonMFX,mfx:DISTORTION->FLANGER,script,,"[""D100:0W"", ""D99:01W"", ""D98:02W"", ""D97:03W"", ""D96:04W"", ""D95:05W"", ""D94:06W"", ""D93:07W"", ""D92:08W"", ""D91:09W"", ""D90:10W"", ""D89:11W"", ""D88:12W"", ""D87:13W"", ""D86:14W"", ""D85:15W"", ""D84:16W"", ""D83:17W"", ""D82:18W"", ""D81:19W"", ""D80:20W"", ""D79:21W"", ""D78:22W"", ""D77:23W"", ""D76:24W"", ""D75:25W"", ""D74:26W"", ""D73:27W"", ""D72:28W"", ""D71:29W"", ""D70:30W"", ""D69:31W"", ""D68:32W"", ""D67:33W"", ""D66:34W"", ""D65:35W"", ""D64:36W"", ""D63:37W"", ""D62:38W"", ""D61:39W"", ""D60:40W"", ""D59:41W"", ""D58:42W"", ""D57:43W"", ""D56:44W"", ""D55:45W"", ""D54:46W"", ""D53:47W"", ""D52:48W"", ""D51:49W"", ""D50:50W"", ""D49:51W"", ""D48:52W"", ""D47:53W"", ""D46:54W"", ""D45:55W"", ""D44:56W"", ""D43:57W"", ""D42:58W"", ""D41:59W"", ""D40:60W"", ""D39:61W"", ""D38:62W"", ""D37:63W"", ""D36:64W"", ""D35:65W"", ""D34:66W"", ""D33:67W"", ""D32:68W"", ""D31:69W"", ""D30:70W"", ""D29:71W"", ""D28:72W"", ""D27:73W"", ""D26:74W"", ""D25:75W"", ""D24:76W"", ""D23:77W"", ""D22:78W"", ""D21:79W"", ""D20:80W"", ""D19:81W"", ""D18:82W"", ""D17:83W"", ""D16:84W"", ""D15:85W"", ""D14:86W"", ""D13:87W"", ""D12:88W"", ""D11:89W"", ""D10:90W"", ""D09:91W"", ""D08:92W"", ""D07:93W"", ""D06:94W"", ""D05:95W"", ""D04:96W"", ""D03:97W"", ""D02:98W"", ""D01:99W"", ""D0:100W""]",,,"[""enum labels ui-derived from stringTable balanceTable""]","{""file"": ""original-roland-files/Script/A8EE/Script.xml"", ""line"": 8888}"
fm.pat.mfx.distortionToFlanger-level,1F 00 02 35,int4x4,4,"[32768, 32895]",32895,PatchCommonMFX,mfx:DISTORTION->FLANGER,script,-32768,,,,[],"{""file"": ""original-roland-files/Script/A8EE/Script.xml"", ""line"": 8896}"
fm.pat.mfx.distortionToDelay-dstDrv,1F 00 02 11,int4x4,4,"[32768, 32895]",32895,PatchCommonMFX,mfx:DISTORTION->DELAY,script,-32768,,,,[],"{""file"": ""original-roland-files/Script/A8EE/Script.xml"", ""line"": 8904}"
fm.pat.mfx.distortionToDelay-dstPan,1F 00 02 15,int4x4,4,"[32768, 32895]",32832,PatchCommonMFX,mfx:DISTORTION->DELAY,script,,,,,[],"{""file"": ""original-roland-files/Script/A8EE/Script.xml"", ""line"": 8912}"
fm.pat.mfx.distortionToDelay-dlySync,1F 00 02 19,int4x4,4,"[32768, 32769]",32768,PatchCommonMFX,mfx:DISTORTION->DELAY,script,,,,,[],"{""file"": ""original-roland-files/Script/A8EE/Script.xml"", ""line"": 8920}"
fm.pat.mfx.distortionToDelay-dlyMsec,1F 00 02 1D,int4x4,4,"[32768, 35368]",33368,PatchCommonMFX,mfx:DISTORTION->DELAY,script,-32768,,,,[],"{""file"": ""original-roland-files/Script/A8EE/Script.xml"", ""line"": 8928}"
fm.pat.mfx.distortionToDelay-dlyNote,1F 00 02 21,int4x4,4,"[32768, 32789]",32780,PatchCommonMFX,mfx:DISTORTION->DELAY,script,,,,,[],"{""file"": ""original-roland-files/Script/A8EE/Script.xml"", ""line"": 8936}"
fm.pat.mfx.distortionToDelay-dlyFbk,1F 00 02 25,int4x4,4,"[32768, 32866]",32827,PatchCommonMFX,mfx:DISTORTION->DELAY,script,-32768,"[""-98%"", ""-96%"", ""-94%"", ""-92%"", ""-90%"", ""-88%"", ""-86%"", ""-84%"", ""-82%"", ""-80%"", ""-78%"", ""-76%"", ""-74%"", ""-72%"", ""-70%"", ""-68%"", ""-66%"", ""-64%"", ""-62%"", ""-60%"", ""-58%"", ""-56%"", ""-54%"", ""-52%"", ""-50%"", ""-48%"", ""-46%"", ""-44%"", ""-42%"", ""-40%"", ""-38%"", ""-36%"", ""-34%"", ""-32%"", ""-30%"", ""-28%"", ""-26%"", ""-24%"", ""-22%"", ""-20%"", ""-18%"", ""-16%"", ""-14%"", ""-12%"", ""-10%"", ""-8%"", ""-6%"", ""-4%"", ""-2%"", ""0%"", ""+2%"", ""+4%"", ""+6%"", ""+8%"", ""+10%"", ""+12%"", ""+14%"", ""+16%"", ""+18%"", ""+20%"", ""+22%"", ""+24%"", ""+26%"", ""+28%"", ""+30%"", ""+32%"", ""+34%"", ""+36%"", ""+38%"", ""+40%"", ""+42%"", ""+44%"", ""+46%"", ""+48%"", ""+50%"", ""+52%"", ""+54%"", ""+56%"", ""+58%"", ""+60%"", ""+62%"", ""+64%"", ""+66%"", ""+68%"", ""+70%"", ""+72%"", ""+74%"", ""+76%"", ""+78%"", ""+80%"", ""+82%"", ""+84%"", ""+86%"", ""+88%"", ""+90%"", ""+92%"", ""+94%"", ""+96%"", ""+98%""]",,,"[""enum labels ui-derived from stringTable fbkTable""]","{""file"": ""original-roland-files/Script/A8EE/Script.xml"", ""line"": 8944}"
fm.pat.mfx.distortionToDelay-dlyHfDamp,1F 00 02 29,int4x4,4,"[32768, 32785]",32785,PatchCommonMFX,mfx:DISTORTION->DELAY,script,-32768,"[""200 Hz"", ""250 Hz"", ""315 Hz"", ""400 Hz"", ""500 Hz"", ""630 Hz"", ""800 Hz"", ""1000 Hz"", ""1250 Hz"", ""1600 Hz"", ""2000 Hz"", ""2500 Hz"", ""3150 Hz"", ""4000 Hz"", ""5000 Hz"", ""6300 Hz"", ""8000 Hz"", ""BYPASS""]",,,"[""enum labels ui-derived from stringTable freq200-BypassTable""]","{""file"": ""original-roland-files/Script/A8EE/Script.xml"", ""line"": 8952}"
fm.pat.mfx.distortionToDelay-dlyBal,1F 00 02 2D,int4x4,4,"[32768, 32868]",32818,PatchCommonMFX,mfx:DISTORTION->DELAY,script,,"[""D100:0W"", ""D99:01W"", ""D98:02W"", ""D97:03W"", ""D96:04W"", ""D95:05W"", ""D94:06W"", ""D93:07W"", ""D92:08W"", ""D91:09W"", ""D90:10W"", ""D89:11W"", ""D88:12W"", ""D87:13W"", ""D86:14W"", ""D85:15W"", ""D84:16W"", ""D83:17W"", ""D82:18W"", ""D81:19W"", ""D80:20W"", ""D79:21W"", ""D78:22W"", ""D77:23W"", ""D76:24W"", ""D75:25W"", ""D74:26W"", ""D73:27W"", ""D72:28W"", ""D71:29W"", ""D70:30W"", ""D69:31W"", ""D68:32W"", ""D67:33W"", ""D66:34W"", ""D65:35W"", ""D64:36W"", ""D63:37W"", ""D62:38W"", ""D61:39W"", ""D60:40W"", ""D59:41W"", ""D58:42W"", ""D57:43W"", ""D56:44W"", ""D55:45W"", ""D54:46W"", ""D53:47W"", ""D52:48W"", ""D51:49W"", ""D50:50W"", ""D49:51W"", ""D48:52W"", ""D47:53W"", ""D46:54W"", ""D45:55W"", ""D44:56W"", ""D43:57W"", ""D42:58W"", ""D41:59W"", ""D40:60W"", ""D39:61W"", ""D38:62W"", ""D37:63W"", ""D36:64W"", ""D35:65W"", ""D34:66W"", ""D33:67W"", ""D32:68W"", ""D31:69W"", ""D30:70W"", ""D29:71W"", ""D28:72W"", ""D27:73W"", ""D26:74W"", ""D25:75W"", ""D24:76W"", ""D23:77W"", ""D22:78W"", ""D21:79W"", ""D20:80W"", ""D19:81W"", ""D18:82W"", ""D17:83W"", ""D16:84W"", ""D15:85W"", ""D14:86W"", ""D13:87W"", ""D12:88W"", ""D11:89W"", ""D10:90W"", ""D09:91W"", ""D08:92W"", ""D07:93W"", ""D06:94W"", ""D05:95W"", ""D04:96W"", ""D03:97W"", ""D02:98W"", ""D01:99W"", ""D0:100W""]",,,"[""enum labels ui-derived from stringTable balanceTable""]","{""file"": ""original-roland-files/Script/A8EE/Script.xml"", ""line"": 8960}"
fm.pat.mfx.distortionToDelay-level,1F 00 02 31,int4x4,4,"[32768, 32895]",32895,PatchCommonMFX,mfx:DISTORTION->DELAY,script,-32768,,,,[],"{""file"": ""original-roland-files/Script/A8EE/Script.xml"", ""line"": 8968}"
fm.pat.mfx.enhancerToChorus-ehSens,1F 00 02 11,int4x4,4,"[32768, 32895]",32832,PatchCommonMFX,mfx:ENHANCER->CHORUS,script,-32768,,,,[],"{""file"": ""original-roland-files/Script/A8EE/Script.xml"", ""line"": 8976}"
fm.pat.mfx.enhancerToChorus-ehMix,1F 00 02 15,int4x4,4,"[32768, 32895]",32832,PatchCommonMFX,mfx:ENHANCER->CHORUS,script,-32768,,,,[],"{""file"": ""original-roland-files/Script/A8EE/Script.xml"", ""line"": 8984}"
fm.pat.mfx.enhancerToChorus-choDly,1F 00 02 19,int4x4,4,"[32768, 32893]",32788,PatchCommonMFX,mfx:ENHANCER->CHORUS,script,-32768,"[""0.0 ms"", ""0.1 ms"", ""0.2 ms"", ""0.3 ms"", ""0.4 ms"", ""0.5 ms"", ""0.6 ms"", ""0.7 ms"", ""0.8 ms"", ""0.9 ms"", ""1.0 ms"", ""1.1 ms"", ""1.2 ms"", ""1.3 ms"", ""1.4 ms"", ""1.5 ms"", ""1.6 ms"", ""1.7 ms"", ""1.8 ms"", ""1.9 ms"", ""2.0 ms"", ""2.1 ms"", ""2.2 ms"", ""2.3 ms"", ""2.4 ms"", ""2.5 ms"", ""2.6 ms"", ""2.7 ms"", ""2.8 ms"", ""2.9 ms"", ""3.0 ms"", ""3.1 ms"", ""3.2 ms"", ""3.3 ms"", ""3.4 ms"", ""3.5 ms"", ""3.6 ms"", ""3.7 ms"", ""3.8 ms"", ""3.9 ms"", ""4.0 ms"", ""4.1 ms"", ""4.2 ms"", ""4.3 ms"", ""4.4 ms"", ""4.5 ms"", ""4.6 ms"", ""4.7 ms"", ""4.8 ms"", ""4.9 ms"", ""5.0 ms"", ""5.5 ms"", ""6.0 ms"", ""6.5 ms"", ""7.0 ms"", ""7.5 ms"", ""8.0 ms"", ""8.5 ms"", ""9.0 ms"", ""9.5 ms"", ""10.0 ms"", ""11.0 ms"", ""12.0 ms"", ""13.0 ms"", ""14.0 ms"", ""15.0 ms"", ""16.0 ms"", ""17.0 ms"", ""18.0 ms"", ""19.0 ms"", ""20.0 ms"", ""21.0 ms"", ""22.0 ms"", ""23.0 ms"", ""24.0 ms"", ""25.0 ms"", ""26.0 ms"", ""27.0 ms"", ""28.0 ms"", ""29.0 ms"", ""30.0 ms"", ""31.0 ms"", ""32.0 ms"", ""33.0 ms"", ""34.0 ms"", ""35.0 ms"", ""36.0 ms"", ""37.0 ms"", ""38.0 ms"", ""39.0 ms"", ""40.0 ms"", ""41.0 ms"", ""42.0 ms"", ""43.0 ms"", ""44.0 ms"", ""45.0 ms"", ""46.0 ms"", ""47.0 ms"", ""48.0 ms"", ""49.0 ms"", ""50.0 ms"", ""52.0 ms"", ""54.0 ms"", ""56.0 ms"", ""58.0 ms"", ""60.0 ms"", ""62.0 ms"", ""64.0 ms"", ""66.0 ms"", ""68.0 ms"", ""70.0 ms"", ""72.0 ms"", ""74.0 ms"", ""76.0 ms"", ""78.0 ms"", ""80.0 ms"", ""82.0 ms"", ""84.0 ms"", ""86.0 ms"", ""88.0 ms"", ""90.0 ms"", ""92.0 ms"", ""94.0 ms"", ""96.0 ms"", ""98.0 ms"", ""100.0 ms""]",,,"[""enum labels ui-derived from stringTable delayTime0-100Table""]","{""file"": ""original-roland-files/Script/A8EE/Script.xml"", ""line"": 8992}"
fm.pat.mfx.enhancerToChorus-choRateSync,1F 00 02 1D,int4x4,4,"[32768, 32769]",32768,PatchCommonMFX,mfx:ENHANCER->CHORUS,script,,,,,[],"{""file"": ""original-roland-files/Script/A8EE/Script.xml"", ""line"": 9000}"
fm.pat.mfx.enhancerToChorus-choRateHz,1F 00 02 21,int4x4,4,"[32769, 32968]",32778,PatchCommonMFX,mfx:ENHANCER->CHORUS,script,-32768,"[""0.05"", ""0.10"", ""0.15"", ""0.20"", ""0.25"", ""0.30"", ""0.35"", ""0.40"", ""0.45"", ""0.50"", ""0.55"", ""0.60"", ""0.65"", ""0.70"", ""0.75"", ""0.80"", ""0.85"", ""0.90"", ""0.95"", ""1.00"", ""1.05"", ""1.10"", ""1.15"", ""1.20"", ""1.25"", ""1.30"", ""1.35"", ""1.40"", ""1.45"", ""1.50"", ""1.55"", ""1.60"", ""1.65"", ""1.70"", ""1.75"", ""1.80"", ""1.85"", ""1.90"", ""1.95"", ""2.00"", ""2.05"", ""2.10"", ""2.15"", ""2.20"", ""2.25"", ""2.30"", ""2.35"", ""2.40"", ""2.45"", ""2.50"", ""2.55"", ""2.60"", ""2.65"", ""2.70"", ""2.75"", ""2.80"", ""2.85"", ""2.90"", ""2.95"", ""3.00"", ""3.05"", ""3.10"", ""3.15"", ""3.20"", ""3.25"", ""3.30"", ""3.35"", ""3.40"", ""3.45"", ""3.50"", ""3.55"", ""3.60"", ""3.65"", ""3.70"", ""3.75"", ""3.80"", ""3.85"", ""3.90"", ""3.95"", ""4.00"", ""4.05"", ""4.10"", ""4.15"", ""4.20"", ""4.25"", ""4.30"", ""4.35"", ""4.40"", ""4.45"", ""4.50"", ""4.55"", ""4.60"", ""4.65"", ""4.70"", ""4.75"", ""4.80"", ""4.85"", ""4.90"", ""4.95"", ""5.00"", ""5.05"", ""5.10"", ""5.15"", ""5.20"", ""5.25"", ""5.30"", ""5.35"", ""5.40"", ""5.45"", ""5.50"", ""5.55"", ""5.60"", ""5.65"", ""5.70"", ""5.75"", ""5.80"", ""5.85"", ""5.90"", ""5.95"", ""6.00"", ""6.05"", ""6.10"", ""6.15"", ""6.20"", ""6.25"", ""6.30"", ""6.35"", ""6.40"", ""6.45"", ""6.50"", ""6.55"", ""6.60"", ""6.65"", ""6.70"", ""6.75"", ""6.80"", ""6.85"", ""6.90"", ""6.95"", ""7.00"", ""7.05"", ""7.10"", ""7.15"", ""7.20"", ""7.25"", ""7.30"", ""7.35"", ""7.40"", ""7.45"", ""7.50"", ""7.55"", ""7.60"", ""7.65"", ""7.70"", ""7.75"", ""7.80"", ""7.85"", ""7.90"", ""7.95"", ""8.00"", ""8.05"", ""8.10"", ""8.15"", ""8.20"", ""8.25"", ""8.30"", ""8.35"", ""8.40"", ""8.45"", ""8.50"", ""8.55"", ""8.60"", ""8.65"", ""8.70"", ""8.75"", ""8.80"", ""8.85"", ""8.90"", ""8.95"", ""9.00"", ""9.05"", ""9.10"", ""9.15"", ""9.20"", ""9.25"", ""9.30"", ""9.35"", ""9.40"", ""9.45"", ""9.50"", ""9.55"", ""9.60"", ""9.65"", ""9.70"", ""9.75"", ""9.80"", ""9.85"", ""9.90"", ""9.95"", ""10.00""]",,,"[""enum labels ui-derived from stringTable rateHz-10.00Table""]","{""file"": ""original-roland-files/Script/A8EE/Script.xml"", ""line"": 9008}"
fm.pat.mfx.enhancerToChorus-choRateNote,1F 00 02 25,int4x4,4,"[32768, 32789]",32786,PatchCommonMFX,mfx:ENHANCER->CHORUS,script,,,,,[],"{""file"": ""original-roland-files/Script/A8EE/Script.xml"", ""line"": 9016}"
fm.pat.mfx.enhancerToChorus-choDepth,1F 00 02 29,int4x4,4,"[32768, 32895]",32788,PatchCommonMFX,mfx:ENHANCER->CHORUS,script,-32768,,,,[],"{""file"": ""original-roland-files/Script/A8EE/Script.xml"", ""line"": 9024}"
fm.pat.mfx.enhancerToChorus-choBal,1F 00 02 2D,int4x4,4,"[32768, 32868]",32818,PatchCommonMFX,mfx:ENHANCER->CHORUS,script,,"[""D100:0W"", ""D99:01W"", ""D98:02W"", ""D97:03W"", ""D96:04W"", ""D95:05W"", ""D94:06W"", ""D93:07W"", ""D92:08W"", ""D91:09W"", ""D90:10W"", ""D89:11W"", ""D88:12W"", ""D87:13W"", ""D86:14W"", ""D85:15W"", ""D84:16W"", ""D83:17W"", ""D82:18W"", ""D81:19W"", ""D80:20W"", ""D79:21W"", ""D78:22W"", ""D77:23W"", ""D76:24W"", ""D75:25W"", ""D74:26W"", ""D73:27W"", ""D72:28W"", ""D71:29W"", ""D70:30W"", ""D69:31W"", ""D68:32W"", ""D67:33W"", ""D66:34W"", ""D65:35W"", ""D64:36W"", ""D63:37W"", ""D62:38W"", ""D61:39W"", ""D60:40W"", ""D59:41W"", ""D58:42W"", ""D57:43W"", ""D56:44W"", ""D55:45W"", ""D54:46W"", ""D53:47W"", ""D52:48W"", ""D51:49W"", ""D50:50W"", ""D49:51W"", ""D48:52W"", ""D47:53W"", ""D46:54W"", ""D45:55W"", ""D44:56W"", ""D43:57W"", ""D42:58W"", ""D41:59W"", ""D40:60W"", ""D39:61W"", ""D38:62W"", ""D37:63W"", ""D36:64W"", ""D35:65W"", ""D34:66W"", ""D33:67W"", ""D32:68W"", ""D31:69W"", ""D30:70W"", ""D29:71W"", ""D28:72W"", ""D27:73W"", ""D26:74W"", ""D25:75W"", ""D24:76W"", ""D23:77W"", ""D22:78W"", ""D21:79W"", ""D20:80W"", ""D19:81W"", ""D18:82W"", ""D17:83W"", ""D16:84W"", ""D15:85W"", ""D14:86W"", ""D13:87W"", ""D12:88W"", ""D11:89W"", ""D10:90W"", ""D09:91W"", ""D08:92W"", ""D07:93W"", ""D06:94W"", ""D05:95W"", ""D04:96W"", ""D03:97W"", ""D02:98W"", ""D01:99W"", ""D0:100W""]",,,"[""enum labels ui-derived from stringTable balanceTable""]","{""file"": ""original-roland-files/Script/A8EE/Script.xml"", ""line"": 9032}"
fm.pat.mfx.enhancerToChorus-level,1F 00 02 31,int4x4,4,"[32768, 32895]",32895,PatchCommonMFX,mfx:ENHANCER->CHORUS,script,-32768,,,,[],"{""file"": ""original-roland-files/Script/A8EE/Script.xml"", ""line"": 9040}"
fm.pat.mfx.enhancerToFlanger-ehSens,1F 00 02 11,int4x4,4,"[32768, 32895]",32832,PatchCommonMFX,mfx:ENHANCER->FLANGER,script,-32768,,,,[],"{""file"": ""original-roland-files/Script/A8EE/Script.xml"", ""line"": 9048}"
fm.pat.mfx.enhancerToFlanger-ehMix,1F 00 02 15,int4x4,4,"[32768, 32895]",32832,PatchCommonMFX,mfx:ENHANCER->FLANGER,script,-32768,,,,[],"{""file"": ""original-roland-files/Script/A8EE/Script.xml"", ""line"": 9056}"
fm.pat.mfx.enhancerToFlanger-flgDly,1F 00 02 19,int4x4,4,"[32768, 32893]",32788,PatchCommonMFX,mfx:ENHANCER->FLANGER,script,-32768,"[""0.0 ms"", ""0.1 ms"", ""0.2 ms"", ""0.3 ms"", ""0.4 ms"", ""0.5 ms"", ""0.6 ms"", ""0.7 ms"", ""0.8 ms"", ""0.9 ms"", ""1.0 ms"", ""1.1 ms"", ""1.2 ms"", ""1.3 ms"", ""1.4 ms"", ""1.5 ms"", ""1.6 ms"", ""1.7 ms"", ""1.8 ms"", ""1.9 ms"", ""2.0 ms"", ""2.1 ms"", ""2.2 ms"", ""2.3 ms"", ""2.4 ms"", ""2.5 ms"", ""2.6 ms"", ""2.7 ms"", ""2.8 ms"", ""2.9 ms"", ""3.0 ms"", ""3.1 ms"", ""3.2 ms"", ""3.3 ms"", ""3.4 ms"", ""3.5 ms"", ""3.6 ms"", ""3.7 ms"", ""3.8 ms"", ""3.9 ms"", ""4.0 ms"", ""4.1 ms"", ""4.2 ms"", ""4.3 ms"", ""4.4 ms"", ""4.5 ms"", ""4.6 ms"", ""4.7 ms"", ""4.8 ms"", ""4.9 ms"", ""5.0 ms"", ""5.5 ms"", ""6.0 ms"", ""6.5 ms"", ""7.0 ms"", ""7.5 ms"", ""8.0 ms"", ""8.5 ms"", ""9.0 ms"", ""9.5 ms"", ""10.0 ms"", ""11.0 ms"", ""12.0 ms"", ""13.0 ms"", ""14.0 ms"", ""15.0 ms"", ""16.0 ms"", ""17.0 ms"", ""18.0 ms"", ""19.0 ms"", ""20.0 ms"", ""21.0 ms"", ""22.0 ms"", ""23.0 ms"", ""24.0 ms"", ""25.0 ms"", ""26.0 ms"", ""27.0 ms"", ""28.0 ms"", ""29.0 ms"", ""30.0 ms"", ""31.0 ms"", ""32.0 ms"", ""33.0 ms"", ""34.0 ms"", ""35.0 ms"", ""36.0 ms"", ""37.0 ms"", ""38.0 ms"", ""39.0 ms"", ""40.0 ms"", ""41.0 ms"", ""42.0 ms"", ""43.0 ms"", ""44.0 ms"", ""45.0 ms"", ""46.0 ms"", ""47.0 ms"", ""48.0 ms"", ""49.0 ms"", ""50.0 ms"", ""52.0 ms"", ""54.0 ms"", ""56.0 ms"", ""58.0 ms"", ""60.0 ms"", ""62.0 ms"", ""64.0 ms"", ""66.0 ms"", ""68.0 ms"", ""70.0 ms"", ""72.0 ms"", ""74.0 ms"", ""76.0 ms"", ""78.0 ms"", ""80.0 ms"", ""82.0 ms"", ""84.0 ms"", ""86.0 ms"", ""88.0 ms"", ""90.0 ms"", ""92.0 ms"", ""94.0 ms"", ""96.0 ms"", ""98.0 ms"", ""100.0 ms""]",,,"[""enum labels ui-derived from stringTable delayTime0-100Table""]","{""file"": ""original-roland-files/Script/A8EE/Script.xml"", ""line"": 9064}"
fm.pat.mfx.enhancerToFlanger-flgRateSync,1F 00 02 1D,int4x4,4,"[32768, 32769]",32768,PatchCommonMFX,mfx:ENHANCER->FLANGER,script,,,,,[],"{""file"": ""original-roland-files/Script/A8EE/Script.xml"", ""line"": 9072}"
fm.pat.mfx.enhancerToFlanger-flgRateHz,1F 00 02 21,int4x4,4,"[32769, 32968]",32778,PatchCommonMFX,mfx:ENHANCER->FLANGER,script,-32768,"[""0.05"", ""0.10"", ""0.15"", ""0.20"", ""0.25"", ""0.30"", ""0.35"", ""0.40"", ""0.45"", ""0.50"", ""0.55"", ""0.60"", ""0.65"", ""0.70"", ""0.75"", ""0.80"", ""0.85"", ""0.90"", ""0.95"", ""1.00"", ""1.05"", ""1.10"", ""1.15"", ""1.20"", ""1.25"", ""1.30"", ""1.35"", ""1.40"", ""1.45"", ""1.50"", ""1.55"", ""1.60"", ""1.65"", ""1.70"", ""1.75"", ""1.80"", ""1.85"", ""1.90"", ""1.95"", ""2.00"", ""2.05"", ""2.10"", ""2.15"", ""2.20"", ""2.25"", ""2.30"", ""2.35"", ""2.40"", ""2.45"", ""2.50"", ""2.55"", ""2.60"", ""2.65"", ""2.70"", ""2.75"", ""2.80"", ""2.85"", ""2.90"", ""2.95"", ""3.00"", ""3.05"", ""3.10"", ""3.15"", ""3.20"", ""3.25"", ""3.30"", ""3.35"", ""3.40"", ""3.45"", ""3.50"", ""3.55"", ""3.60"", ""3.65"", ""3.70"", ""3.75"", ""3.80"", ""3.85"", ""3.90"", ""3.95"", ""4.00"", ""4.05"", ""4.10"", ""4.15"", ""4.20"", ""4.25"", ""4.30"", ""4.35"", ""4.40"", ""4.45"", ""4.50"", ""4.55"", ""4.60"", ""4.65"", ""4.70"", ""4.75"", ""4.80"", ""4.85"", ""4.90"", ""4.95"", ""5.00"", ""5.05"", ""5.10"", ""5.15"", ""5.20"", ""5.25"", ""5.30"", ""5.35"", ""5.40"", ""5.45"", ""5.50"", ""5.55"", ""5.60"", ""5.65"", ""5.70"", ""5.75"", ""5.80"", ""5.85"", ""5.90"", ""5.95"", ""6.00"", ""6.05"", ""6.10"", ""6.15"", ""6.20"", ""6.25"", ""6.30"", ""6.35"", ""6.40"", ""6.45"", ""6.50"", ""6.55"", ""6.60"", ""6.65"", ""6.70"", ""6.75"", ""6.80"", ""6.85"", ""6.90"", ""6.95"", ""7.00"", ""7.05"", ""7.10"", ""7.15"", ""7.20"", ""7.25"", ""7.30"", ""7.35"", ""7.40"", ""7.45"", ""7.50"", ""7.55"", ""7.60"", ""7.65"", ""7.70"", ""7.75"", ""7.80"", ""7.85"", ""7.90"", ""7.95"", ""8.00"", ""8.05"", ""8.10"", ""8.15"", ""8.20"", ""8.25"", ""8.30"", ""8.35"", ""8.40"", ""8.45"", ""8.50"", ""8.55"", ""8.60"", ""8.65"", ""8.70"", ""8.75"", ""8.80"", ""8.85"", ""8.90"", ""8.95"", ""9.00"", ""9.05"", ""9.10"", ""9.15"", ""9.20"", ""9.25"", ""9.30"", ""9.35"", ""9.40"", ""9.45"", ""9.50"", ""9.55"", ""9.60"", ""9.65"", ""9.70"", ""9.75"", ""9.80"", ""9.85"", ""9.90"", ""9.95"", ""10.00""]",,,"[""enum labels ui-derived from stringTable rateHz-10.00Table""]","{""file"": ""original-roland-files/Script/A8EE/Script.xml"", ""line"": 9080}"
fm.pat.mfx.enhancerToFlanger-flgRateNote,1F 00 02 25,int4x4,4,"[32768, 32789]",32786,PatchCommonMFX,mfx:ENHANCER->FLANGER,script,,,,,[],"{""file"": ""original-roland-files/Script/A8EE/Script.xml"", ""line"": 9088}"
fm.pat.mfx.enhancerToFlanger-flgDepth,1F 00 02 29,int4x4,4,"[32768, 32895]",32808,PatchCommonMFX,mfx:ENHANCER->FLANGER,script,-32768,,,,[],"{""file"": ""original-roland-files/Script/A8EE/Script.xml"", ""line"": 9096}"
fm.pat.mfx.enhancerToFlanger-flgFbk,1F 00 02 2D,int4x4,4,"[32768, 32866]",32847,PatchCommonMFX,mfx:ENHANCER->FLANGER,script,-32768,"[""-98%"", ""-96%"", ""-94%"", ""-92%"", ""-90%"", ""-88%"", ""-86%"", ""-84%"", ""-82%"", ""-80%"", ""-78%"", ""-76%"", ""-74%"", ""-72%"", ""-70%"", ""-68%"", ""-66%"", ""-64%"", ""-62%"", ""-60%"", ""-58%"", ""-56%"", ""-54%"", ""-52%"", ""-50%"", ""-48%"", ""-46%"", ""-44%"", ""-42%"", ""-40%"", ""-38%"", ""-36%"", ""-34%"", ""-32%"", ""-30%"", ""-28%"", ""-26%"", ""-24%"", ""-22%"", ""-20%"", ""-18%"", ""-16%"", ""-14%"", ""-12%"", ""-10%"", ""-8%"", ""-6%"", ""-4%"", ""-2%"", ""0%"", ""+2%"", ""+4%"", ""+6%"", ""+8%"", ""+10%"", ""+12%"", ""+14%"", ""+16%"", ""+18%"", ""+20%"", ""+22%"", ""+24%"", ""+26%"", ""+28%"", ""+30%"", ""+32%"", ""+34%"", ""+36%"", ""+38%"", ""+40%"", ""+42%"", ""+44%"", ""+46%"", ""+48%"", ""+50%"", ""+52%"", ""+54%"", ""+56%"", ""+58%"", ""+60%"", ""+62%"", ""+64%"", ""+66%"", ""+68%"", ""+70%"", ""+72%"", ""+74%"", ""+76%"", ""+78%"", ""+80%"", ""+82%"", ""+84%"", ""+86%"", ""+88%"", ""+90%"", ""+92%"", ""+94%"", ""+96%"", ""+98%""]",,,"[""enum labels ui-derived from stringTable fbkTable""]","{""file"": ""original-roland-files/Script/A8EE/Script.xml"", ""line"": 9104}"
fm.pat.mfx.enhancerToFlanger-flgBal,1F 00 02 31,int4x4,4,"[32768, 32868]",32818,PatchCommonMFX,mfx:ENHANCER->FLANGER,script,,"[""D100:0W"", ""D99:01W"", ""D98:02W"", ""D97:03W"", ""D96:04W"", ""D95:05W"", ""D94:06W"", ""D93:07W"", ""D92:08W"", ""D91:09W"", ""D90:10W"", ""D89:11W"", ""D88:12W"", ""D87:13W"", ""D86:14W"", ""D85:15W"", ""D84:16W"", ""D83:17W"", ""D82:18W"", ""D81:19W"", ""D80:20W"", ""D79:21W"", ""D78:22W"", ""D77:23W"", ""D76:24W"", ""D75:25W"", ""D74:26W"", ""D73:27W"", ""D72:28W"", ""D71:29W"", ""D70:30W"", ""D69:31W"", ""D68:32W"", ""D67:33W"", ""D66:34W"", ""D65:35W"", ""D64:36W"", ""D63:37W"", ""D62:38W"", ""D61:39W"", ""D60:40W"", ""D59:41W"", ""D58:42W"", ""D57:43W"", ""D56:44W"", ""D55:45W"", ""D54:46W"", ""D53:47W"", ""D52:48W"", ""D51:49W"", ""D50:50W"", ""D49:51W"", ""D48:52W"", ""D47:53W"", ""D46:54W"", ""D45:55W"", ""D44:56W"", ""D43:57W"", ""D42:58W"", ""D41:59W"", ""D40:60W"", ""D39:61W"", ""D38:62W"", ""D37:63W"", ""D36:64W"", ""D35:65W"", ""D34:66W"", ""D33:67W"", ""D32:68W"", ""D31:69W"", ""D30:70W"", ""D29:71W"", ""D28:72W"", ""D27:73W"", ""D26:74W"", ""D25:75W"", ""D24:76W"", ""D23:77W"", ""D22:78W"", ""D21:79W"", ""D20:80W"", ""D19:81W"", ""D18:82W"", ""D17:83W"", ""D16:84W"", ""D15:85W"", ""D14:86W"", ""D13:87W"", ""D12:88W"", ""D11:89W"", ""D10:90W"", ""D09:91W"", ""D08:92W"", ""D07:93W"", ""D06:94W"", ""D05:95W"", ""D04:96W"", ""D03:97W"", ""D02:98W"", ""D01:99W"", ""D0:100W""]",,,"[""enum labels ui-derived from stringTable balanceTable""]","{""file"": ""original-roland-files/Script/A8EE/Script.xml"", ""line"": 9112}"
fm.pat.mfx.enhancerToFlanger-level,1F 00 02 35,int4x4,4,"[32768, 32895]",32895,PatchCommonMFX,mfx:ENHANCER->FLANGER,script,-32768,,,,[],"{""file"": ""original-roland-files/Script/A8EE/Script.xml"", ""line"": 9120}"
fm.pat.mfx.enhancerToDelay-ehSens,1F 00 02 11,int4x4,4,"[32768, 32895]",32832,PatchCommonMFX,mfx:ENHANCER->DELAY,script,-32768,,,,[],"{""file"": ""original-roland-files/Script/A8EE/Script.xml"", ""line"": 9128}"
fm.pat.mfx.enhancerToDelay-ehMix,1F 00 02 15,int4x4,4,"[32768, 32895]",32832,PatchCommonMFX,mfx:ENHANCER->DELAY,script,-32768,,,,[],"{""file"": ""original-roland-files/Script/A8EE/Script.xml"", ""line"": 9136}"
fm.pat.mfx.enhancerToDelay-dlySync,1F 00 02 19,int4x4,4,"[32768, 32769]",32768,PatchCommonMFX,mfx:ENHANCER->DELAY,script,,,,,[],"{""file"": ""original-roland-files/Script/A8EE/Script.xml"", ""line"": 9144}"
fm.pat.mfx.enhancerToDelay-dlyMsec,1F 00 02 1D,int4x4,4,"[32768, 35368]",33368,PatchCommonMFX,mfx:ENHANCER->DELAY,script,-32768,,,,[],"{""file"": ""original-roland-files/Script/A8EE/Script.xml"", ""line"": 9152}"
fm.pat.mfx.enhancerToDelay-dlyNote,1F 00 02 21,int4x4,4,"[32768, 32789]",32780,PatchCommonMFX,mfx:ENHANCER->DELAY,script,,,,,[],"{""file"": ""original-roland-files/Script/A8EE/Script.xml"", ""line"": 9160}"
fm.pat.mfx.enhancerToDelay-dlyFbk,1F 00 02 25,int4x4,4,"[32768, 32866]",32827,PatchCommonMFX,mfx:ENHANCER->DELAY,script,-32768,"[""-98%"", ""-96%"", ""-94%"", ""-92%"", ""-90%"", ""-88%"", ""-86%"", ""-84%"", ""-82%"", ""-80%"", ""-78%"", ""-76%"", ""-74%"", ""-72%"", ""-70%"", ""-68%"", ""-66%"", ""-64%"", ""-62%"", ""-60%"", ""-58%"", ""-56%"", ""-54%"", ""-52%"", ""-50%"", ""-48%"", ""-46%"", ""-44%"", ""-42%"", ""-40%"", ""-38%"", ""-36%"", ""-34%"", ""-32%"", ""-30%"", ""-28%"", ""-26%"", ""-24%"", ""-22%"", ""-20%"", ""-18%"", ""-16%"", ""-14%"", ""-12%"", ""-10%"", ""-8%"", ""-6%"", ""-4%"", ""-2%"", ""0%"", ""+2%"", ""+4%"", ""+6%"", ""+8%"", ""+10%"", ""+12%"", ""+14%"", ""+16%"", ""+18%"", ""+20%"", ""+22%"", ""+24%"", ""+26%"", ""+28%"", ""+30%"", ""+32%"", ""+34%"", ""+36%"", ""+38%"", ""+40%"", ""+42%"", ""+44%"", ""+46%"", ""+48%"", ""+50%"", ""+52%"", ""+54%"", ""+56%"", ""+58%"", ""+60%"", ""+62%"", ""+64%"", ""+66%"", ""+68%"", ""+70%"", ""+72%"", ""+74%"", ""+76%"", ""+78%"", ""+80%"", ""+82%"", ""+84%"", ""+86%"", ""+88%"", ""+90%"", ""+92%"", ""+94%"", ""+96%"", ""+98%""]",,,"[""enum labels ui-derived from stringTable fbkTable""]","{""file"": ""original-roland-files/Script/A8EE/Script.xml"", ""line"": 9168}"
fm.pat.mfx.enhancerToDelay-dlyHfDamp,1F 00 02 29,int4x4,4,"[32768, 32785]",32785,PatchCommonMFX,mfx:ENHANCER->DELAY,script,-32768,"[""200 Hz"", ""250 Hz"", ""315 Hz"", ""400 Hz"", ""500 Hz"", ""630 Hz"", ""800 Hz"", ""1000 Hz"", ""1250 Hz"", ""1600 Hz"", ""2000 Hz"", ""2500 Hz"", ""3150 Hz"", ""4000 Hz"", ""5000 Hz"", ""6300 Hz"", ""8000 Hz"", ""BYPASS""]",,,"[""enum labels ui-derived from stringTable freq200-BypassTable""]","{""file"": ""original-roland-files/Script/A8EE/Script.xml"", ""line"": 9176}"
fm.pat.mfx.enhancerToDelay-dlyBal,1F 00 02 2D,int4x4,4,"[32768, 32868]",32818,PatchCommonMFX,mfx:ENHANCER->DELAY,script,,"[""D100:0W"", ""D99:01W"", ""D98:02W"", ""D97:03W"", ""D96:04W"", ""D95:05W"", ""D94:06W"", ""D93:07W"", ""D92:08W"", ""D91:09W"", ""D90:10W"", ""D89:11W"", ""D88:12W"", ""D87:13W"", ""D86:14W"", ""D85:15W"", ""D84:16W"", ""D83:17W"", ""D82:18W"", ""D81:19W"", ""D80:20W"", ""D79:21W"", ""D78:22W"", ""D77:23W"", ""D76:24W"", ""D75:25W"", ""D74:26W"", ""D73:27W"", ""D72:28W"", ""D71:29W"", ""D70:30W"", ""D69:31W"", ""D68:32W"", ""D67:33W"", ""D66:34W"", ""D65:35W"", ""D64:36W"", ""D63:37W"", ""D62:38W"", ""D61:39W"", ""D60:40W"", ""D59:41W"", ""D58:42W"", ""D57:43W"", ""D56:44W"", ""D55:45W"", ""D54:46W"", ""D53:47W"", ""D52:48W"", ""D51:49W"", ""D50:50W"", ""D49:51W"", ""D48:52W"", ""D47:53W"", ""D46:54W"", ""D45:55W"", ""D44:56W"", ""D43:57W"", ""D42:58W"", ""D41:59W"", ""D40:60W"", ""D39:61W"", ""D38:62W"", ""D37:63W"", ""D36:64W"", ""D35:65W"", ""D34:66W"", ""D33:67W"", ""D32:68W"", ""D31:69W"", ""D30:70W"", ""D29:71W"", ""D28:72W"", ""D27:73W"", ""D26:74W"", ""D25:75W"", ""D24:76W"", ""D23:77W"", ""D22:78W"", ""D21:79W"", ""D20:80W"", ""D19:81W"", ""D18:82W"", ""D17:83W"", ""D16:84W"", ""D15:85W"", ""D14:86W"", ""D13:87W"", ""D12:88W"", ""D11:89W"", ""D10:90W"", ""D09:91W"", ""D08:92W"", ""D07:93W"", ""D06:94W"", ""D05:95W"", ""D04:96W"", ""D03:97W"", ""D02:98W"", ""D01:99W"", ""D0:100W""]",,,"[""enum labels ui-derived from stringTable balanceTable""]","{""file"": ""original-roland-files/Script/A8EE/Script.xml"", ""line"": 9184}"
fm.pat.mfx.enhancerToDelay-level,1F 00 02 31,int4x4,4,"[32768, 32895]",32895,PatchCommonMFX,mfx:ENHANCER->DELAY,script,-32768,,,,[],"{""file"": ""original-roland-files/Script/A8EE/Script.xml"", ""line"": 9192}"
fm.pat.mfx.chorusToDelay-choDly,1F 00 02 11,int4x4,4,"[32768, 32893]",32788,PatchCommonMFX,mfx:CHORUS->DELAY,script,-32768,"[""0.0 ms"", ""0.1 ms"", ""0.2 ms"", ""0.3 ms"", ""0.4 ms"", ""0.5 ms"", ""0.6 ms"", ""0.7 ms"", ""0.8 ms"", ""0.9 ms"", ""1.0 ms"", ""1.1 ms"", ""1.2 ms"", ""1.3 ms"", ""1.4 ms"", ""1.5 ms"", ""1.6 ms"", ""1.7 ms"", ""1.8 ms"", ""1.9 ms"", ""2.0 ms"", ""2.1 ms"", ""2.2 ms"", ""2.3 ms"", ""2.4 ms"", ""2.5 ms"", ""2.6 ms"", ""2.7 ms"", ""2.8 ms"", ""2.9 ms"", ""3.0 ms"", ""3.1 ms"", ""3.2 ms"", ""3.3 ms"", ""3.4 ms"", ""3.5 ms"", ""3.6 ms"", ""3.7 ms"", ""3.8 ms"", ""3.9 ms"", ""4.0 ms"", ""4.1 ms"", ""4.2 ms"", ""4.3 ms"", ""4.4 ms"", ""4.5 ms"", ""4.6 ms"", ""4.7 ms"", ""4.8 ms"", ""4.9 ms"", ""5.0 ms"", ""5.5 ms"", ""6.0 ms"", ""6.5 ms"", ""7.0 ms"", ""7.5 ms"", ""8.0 ms"", ""8.5 ms"", ""9.0 ms"", ""9.5 ms"", ""10.0 ms"", ""11.0 ms"", ""12.0 ms"", ""13.0 ms"", ""14.0 ms"", ""15.0 ms"", ""16.0 ms"", ""17.0 ms"", ""18.0 ms"", ""19.0 ms"", ""20.0 ms"", ""21.0 ms"", ""22.0 ms"", ""23.0 ms"", ""24.0 ms"", ""25.0 ms"", ""26.0 ms"", ""27.0 ms"", ""28.0 ms"", ""29.0 ms"", ""30.0 ms"", ""31.0 ms"", ""32.0 ms"", ""33.0 ms"", ""34.0 ms"", ""35.0 ms"", ""36.0 ms"", ""37.0 ms"", ""38.0 ms"", ""39.0 ms"", ""40.0 ms"", ""41.0 ms"", ""42.0 ms"", ""43.0 ms"", ""44.0 ms"", ""45.0 ms"", ""46.0 ms"", ""47.0 ms"", ""48.0 ms"", ""49.0 ms"", ""50.0 ms"", ""52.0 ms"", ""54.0 ms"", ""56.0 ms"", ""58.0 ms"", ""60.0 ms"", ""62.0 ms"", ""64.0 ms"", ""66.0 ms"", ""68.0 ms"", ""70.0 ms"", ""72.0 ms"", ""74.0 ms"", ""76.0 ms"", ""78.0 ms"", ""80.0 ms"", ""82.0 ms"", ""84.0 ms"", ""86.0 ms"", ""88.0 ms"", ""90.0 ms"", ""92.0 ms"", ""94.0 ms"", ""96.0 ms"", ""98.0 ms"", ""100.0 ms""]",,,"[""enum labels ui-derived from stringTable delayTime0-100Table""]","{""file"": ""original-roland-files/Script/A8EE/Script.xml"", ""line"": 9200}"
fm.pat.mfx.chorusToDelay-choRateSync,1F 00 02 15,int4x4,4,"[32768, 32769]",32768,PatchCommonMFX,mfx:CHORUS->DELAY,script,,,,,[],"{""file"": ""original-roland-files/Script/A8EE/Script.xml"", ""line"": 9208}"
fm.pat.mfx.chorusToDelay-choRateHz,1F 00 02 19,int4x4,4,"[32769, 32968]",32778,PatchCommonMFX,mfx:CHORUS->DELAY,script,-32768,"[""0.05"", ""0.10"", ""0.15"", ""0.20"", ""0.25"", ""0.30"", ""0.35"", ""0.40"", ""0.45"", ""0.50"", ""0.55"", ""0.60"", ""0.65"", ""0.70"", ""0.75"", ""0.80"", ""0.85"", ""0.90"", ""0.95"", ""1.00"", ""1.05"", ""1.10"", ""1.15"", ""1.20"", ""1.25"", ""1.30"", ""1.35"", ""1.40"", ""1.45"", ""1.50"", ""1.55"", ""1.60"", ""1.65"", ""1.70"", ""1.75"", ""1.80"", ""1.85"", ""1.90"", ""1.95"", ""2.00"", ""2.05"", ""2.10"", ""2.15"", ""2.20"", ""2.25"", ""2.30"", ""2.35"", ""2.40"", ""2.45"", ""2.50"", ""2.55"", ""2.60"", ""2.65"", ""2.70"", ""2.75"", ""2.80"", ""2.85"", ""2.90"", ""2.95"", ""3.00"", ""3.05"", ""3.10"", ""3.15"", ""3.20"", ""3.25"", ""3.30"", ""3.35"", ""3.40"", ""3.45"", ""3.50"", ""3.55"", ""3.60"", ""3.65"", ""3.70"", ""3.75"", ""3.80"", ""3.85"", ""3.90"", ""3.95"", ""4.00"", ""4.05"", ""4.10"", ""4.15"", ""4.20"", ""4.25"", ""4.30"", ""4.35"", ""4.40"", ""4.45"", ""4.50"", ""4.55"", ""4.60"", ""4.65"", ""4.70"", ""4.75"", ""4.80"", ""4.85"", ""4.90"", ""4.95"", ""5.00"", ""5.05"", ""5.10"", ""5.15"", ""5.20"", ""5.25"", ""5.30"", ""5.35"", ""5.40"", ""5.45"", ""5.50"", ""5.55"", ""5.60"", ""5.65"", ""5.70"", ""5.75"", ""5.80"", ""5.85"", ""5.90"", ""5.95"", ""6.00"", ""6.05"", ""6.10"", ""6.15"", ""6.20"", ""6.25"", ""6.30"", ""6.35"", ""6.40"", ""6.45"", ""6.50"", ""6.55"", ""6.60"", ""6.65"", ""6.70"", ""6.75"", ""6.80"", ""6.85"", ""6.90"", ""6.95"", ""7.00"", ""7.05"", ""7.10"", ""7.15"", ""7.20"", ""7.25"", ""7.30"", ""7.35"", ""7.40"", ""7.45"", ""7.50"", ""7.55"", ""7.60"", ""7.65"", ""7.70"", ""7.75"", ""7.80"", ""7.85"", ""7.90"", ""7.95"", ""8.00"", ""8.05"", ""8.10"", ""8.15"", ""8.20"", ""8.25"", ""8.30"", ""8.35"", ""8.40"", ""8.45"", ""8.50"", ""8.55"", ""8.60"", ""8.65"", ""8.70"", ""8.75"", ""8.80"", ""8.85"", ""8.90"", ""8.95"", ""9.00"", ""9.05"", ""9.10"", ""9.15"", ""9.20"", ""9.25"", ""9.30"", ""9.35"", ""9.40"", ""9.45"", ""9.50"", ""9.55"", ""9.60"", ""9.65"", ""9.70"", ""9.75"", ""9.80"", ""9.85"", ""9.90"", ""9.95"", ""10.00""]",,,"[""enum labels ui-derived from stringTable rateHz-10.00Table""]","{""file"": ""original-roland-files/Script/A8EE/Script.xml"", ""line"": 9216}"
fm.pat.mfx.chorusToDelay-choRateNote,1F 00 02 1D,int4x4,4,"[32768, 32789]",32786,PatchCommonMFX,mfx:CHORUS->DELAY,script,,,,,[],"{""file"": ""original-roland-files/Script/A8EE/Script.xml"", ""line"": 9224}"
fm.pat.mfx.chorusToDelay-choDepth,1F 00 02 21,int4x4,4,"[32768, 32895]",32788,PatchCommonMFX,mfx:CHORUS->DELAY,script,-32768,,,,[],"{""file"": ""original-roland-files/Script/A8EE/Script.xml"", ""line"": 9232}"
fm.pat.mfx.chorusToDelay-choBal,1F 00 02 25,int4x4,4,"[32768, 32868]",32818,PatchCommonMFX,mfx:CHORUS->DELAY,script,,"[""D100:0W"", ""D99:01W"", ""D98:02W"", ""D97:03W"", ""D96:04W"", ""D95:05W"", ""D94:06W"", ""D93:07W"", ""D92:08W"", ""D91:09W"", ""D90:10W"", ""D89:11W"", ""D88:12W"", ""D87:13W"", ""D86:14W"", ""D85:15W"", ""D84:16W"", ""D83:17W"", ""D82:18W"", ""D81:19W"", ""D80:20W"", ""D79:21W"", ""D78:22W"", ""D77:23W"", ""D76:24W"", ""D75:25W"", ""D74:26W"", ""D73:27W"", ""D72:28W"", ""D71:29W"", ""D70:30W"", ""D69:31W"", ""D68:32W"", ""D67:33W"", ""D66:34W"", ""D65:35W"", ""D64:36W"", ""D63:37W"", ""D62:38W"", ""D61:39W"", ""D60:40W"", ""D59:41W"", ""D58:42W"", ""D57:43W"", ""D56:44W"", ""D55:45W"", ""D54:46W"", ""D53:47W"", ""D52:48W"", ""D51:49W"", ""D50:50W"", ""D49:51W"", ""D48:52W"", ""D47:53W"", ""D46:54W"", ""D45:55W"", ""D44:56W"", ""D43:57W"", ""D42:58W"", ""D41:59W"", ""D40:60W"", ""D39:61W"", ""D38:62W"", ""D37:63W"", ""D36:64W"", ""D35:65W"", ""D34:66W"", ""D33:67W"", ""D32:68W"", ""D31:69W"", ""D30:70W"", ""D29:71W"", ""D28:72W"", ""D27:73W"", ""D26:74W"", ""D25:75W"", ""D24:76W"", ""D23:77W"", ""D22:78W"", ""D21:79W"", ""D20:80W"", ""D19:81W"", ""D18:82W"", ""D17:83W"", ""D16:84W"", ""D15:85W"", ""D14:86W"", ""D13:87W"", ""D12:88W"", ""D11:89W"", ""D10:90W"", ""D09:91W"", ""D08:92W"", ""D07:93W"", ""D06:94W"", ""D05:95W"", ""D04:96W"", ""D03:97W"", ""D02:98W"", ""D01:99W"", ""D0:100W""]",,,"[""enum labels ui-derived from stringTable balanceTable""]","{""file"": ""original-roland-files/Script/A8EE/Script.xml"", ""line"": 9240}"
fm.pat.mfx.chorusToDelay-dlySync,1F 00 02 29,int4x4,4,"[32768, 32769]",32768,PatchCommonMFX,mfx:CHORUS->DELAY,script,,,,,[],"{""file"": ""original-roland-files/Script/A8EE/Script.xml"", ""line"": 9248}"
fm.pat.mfx.chorusToDelay-dlyMsec,1F 00 02 2D,int4x4,4,"[32768, 35368]",33368,PatchCommonMFX,mfx:CHORUS->DELAY,script,-32768,,,,[],"{""file"": ""original-roland-files/Script/A8EE/Script.xml"", ""line"": 9256}"
fm.pat.mfx.chorusToDelay-dlyNote,1F 00 02 31,int4x4,4,"[32768, 32789]",32780,PatchCommonMFX,mfx:CHORUS->DELAY,script,,,,,[],"{""file"": ""original-roland-files/Script/A8EE/Script.xml"", ""line"": 9264}"
fm.pat.mfx.chorusToDelay-dlyFbk,1F 00 02 35,int4x4,4,"[32768, 32866]",32827,PatchCommonMFX,mfx:CHORUS->DELAY,script,-32768,"[""-98%"", ""-96%"", ""-94%"", ""-92%"", ""-90%"", ""-88%"", ""-86%"", ""-84%"", ""-82%"", ""-80%"", ""-78%"", ""-76%"", ""-74%"", ""-72%"", ""-70%"", ""-68%"", ""-66%"", ""-64%"", ""-62%"", ""-60%"", ""-58%"", ""-56%"", ""-54%"", ""-52%"", ""-50%"", ""-48%"", ""-46%"", ""-44%"", ""-42%"", ""-40%"", ""-38%"", ""-36%"", ""-34%"", ""-32%"", ""-30%"", ""-28%"", ""-26%"", ""-24%"", ""-22%"", ""-20%"", ""-18%"", ""-16%"", ""-14%"", ""-12%"", ""-10%"", ""-8%"", ""-6%"", ""-4%"", ""-2%"", ""0%"", ""+2%"", ""+4%"", ""+6%"", ""+8%"", ""+10%"", ""+12%"", ""+14%"", ""+16%"", ""+18%"", ""+20%"", ""+22%"", ""+24%"", ""+26%"", ""+28%"", ""+30%"", ""+32%"", ""+34%"", ""+36%"", ""+38%"", ""+40%"", ""+42%"", ""+44%"", ""+46%"", ""+48%"", ""+50%"", ""+52%"", ""+54%"", ""+56%"", ""+58%"", ""+60%"", ""+62%"", ""+64%"", ""+66%"", ""+68%"", ""+70%"", ""+72%"", ""+74%"", ""+76%"", ""+78%"", ""+80%"", ""+82%"", ""+84%"", ""+86%"", ""+88%"", ""+90%"", ""+92%"", ""+94%"", ""+96%"", ""+98%""]",,,"[""enum labels ui-derived from stringTable fbkTable""]","{""file"": ""original-roland-files/Script/A8EE/Script.xml"", ""line"": 9272}"
fm.pat.mfx.chorusToDelay-dlyHfDamp,1F 00 02 39,int4x4,4,"[32768, 32785]",32785,PatchCommonMFX,mfx:CHORUS->DELAY,script,-32768,"[""200 Hz"", ""250 Hz"", ""315 Hz"", ""400 Hz"", ""500 Hz"", ""630 Hz"", ""800 Hz"", ""1000 Hz"", ""1250 Hz"", ""1600 Hz"", ""2000 Hz"", ""2500 Hz"", ""3150 Hz"", ""4000 Hz"", ""5000 Hz"", ""6300 Hz"", ""8000 Hz"", ""BYPASS""]",,,"[""enum labels ui-derived from stringTable freq200-BypassTable""]","{""file"": ""original-roland-files/Script/A8EE/Script.xml"", ""line"": 9280}"
fm.pat.mfx.chorusToDelay-dlyBal,1F 00 02 3D,int4x4,4,"[32768, 32868]",32818,PatchCommonMFX,mfx:CHORUS->DELAY,script,,"[""D100:0W"", ""D99:01W"", ""D98:02W"", ""D97:03W"", ""D96:04W"", ""D95:05W"", ""D94:06W"", ""D93:07W"", ""D92:08W"", ""D91:09W"", ""D90:10W"", ""D89:11W"", ""D88:12W"", ""D87:13W"", ""D86:14W"", ""D85:15W"", ""D84:16W"", ""D83:17W"", ""D82:18W"", ""D81:19W"", ""D80:20W"", ""D79:21W"", ""D78:22W"", ""D77:23W"", ""D76:24W"", ""D75:25W"", ""D74:26W"", ""D73:27W"", ""D72:28W"", ""D71:29W"", ""D70:30W"", ""D69:31W"", ""D68:32W"", ""D67:33W"", ""D66:34W"", ""D65:35W"", ""D64:36W"", ""D63:37W"", ""D62:38W"", ""D61:39W"", ""D60:40W"", ""D59:41W"", ""D58:42W"", ""D57:43W"", ""D56:44W"", ""D55:45W"", ""D54:46W"", ""D53:47W"", ""D52:48W"", ""D51:49W"", ""D50:50W"", ""D49:51W"", ""D48:52W"", ""D47:53W"", ""D46:54W"", ""D45:55W"", ""D44:56W"", ""D43:57W"", ""D42:58W"", ""D41:59W"", ""D40:60W"", ""D39:61W"", ""D38:62W"", ""D37:63W"", ""D36:64W"", ""D35:65W"", ""D34:66W"", ""D33:67W"", ""D32:68W"", ""D31:69W"", ""D30:70W"", ""D29:71W"", ""D28:72W"", ""D27:73W"", ""D26:74W"", ""D25:75W"", ""D24:76W"", ""D23:77W"", ""D22:78W"", ""D21:79W"", ""D20:80W"", ""D19:81W"", ""D18:82W"", ""D17:83W"", ""D16:84W"", ""D15:85W"", ""D14:86W"", ""D13:87W"", ""D12:88W"", ""D11:89W"", ""D10:90W"", ""D09:91W"", ""D08:92W"", ""D07:93W"", ""D06:94W"", ""D05:95W"", ""D04:96W"", ""D03:97W"", ""D02:98W"", ""D01:99W"", ""D0:100W""]",,,"[""enum labels ui-derived from stringTable balanceTable""]","{""file"": ""original-roland-files/Script/A8EE/Script.xml"", ""line"": 9288}"
fm.pat.mfx.chorusToDelay-level,1F 00 02 41,int4x4,4,"[32768, 32895]",32895,PatchCommonMFX,mfx:CHORUS->DELAY,script,-32768,,,,[],"{""file"": ""original-roland-files/Script/A8EE/Script.xml"", ""line"": 9296}"
fm.pat.mfx.flangerToDelay-flgDly,1F 00 02 11,int4x4,4,"[32768, 32893]",32788,PatchCommonMFX,mfx:FLANGER->DELAY,script,-32768,"[""0.0 ms"", ""0.1 ms"", ""0.2 ms"", ""0.3 ms"", ""0.4 ms"", ""0.5 ms"", ""0.6 ms"", ""0.7 ms"", ""0.8 ms"", ""0.9 ms"", ""1.0 ms"", ""1.1 ms"", ""1.2 ms"", ""1.3 ms"", ""1.4 ms"", ""1.5 ms"", ""1.6 ms"", ""1.7 ms"", ""1.8 ms"", ""1.9 ms"", ""2.0 ms"", ""2.1 ms"", ""2.2 ms"", ""2.3 ms"", ""2.4 ms"", ""2.5 ms"", ""2.6 ms"", ""2.7 ms"", ""2.8 ms"", ""2.9 ms"", ""3.0 ms"", ""3.1 ms"", ""3.2 ms"", ""3.3 ms"", ""3.4 ms"", ""3.5 ms"", ""3.6 ms"", ""3.7 ms"", ""3.8 ms"", ""3.9 ms"", ""4.0 ms"", ""4.1 ms"", ""4.2 ms"", ""4.3 ms"", ""4.4 ms"", ""4.5 ms"", ""4.6 ms"", ""4.7 ms"", ""4.8 ms"", ""4.9 ms"", ""5.0 ms"", ""5.5 ms"", ""6.0 ms"", ""6.5 ms"", ""7.0 ms"", ""7.5 ms"", ""8.0 ms"", ""8.5 ms"", ""9.0 ms"", ""9.5 ms"", ""10.0 ms"", ""11.0 ms"", ""12.0 ms"", ""13.0 ms"", ""14.0 ms"", ""15.0 ms"", ""16.0 ms"", ""17.0 ms"", ""18.0 ms"", ""19.0 ms"", ""20.0 ms"", ""21.0 ms"", ""22.0 ms"", ""23.0 ms"", ""24.0 ms"", ""25.0 ms"", ""26.0 ms"", ""27.0 ms"", ""28.0 ms"", ""29.0 ms"", ""30.0 ms"", ""31.0 ms"", ""32.0 ms"", ""33.0 ms"", ""34.0 ms"", ""35.0 ms"", ""36.0 ms"", ""37.0 ms"", ""38.0 ms"", ""39.0 ms"", ""40.0 ms"", ""41.0 ms"", ""42.0 ms"", ""43.0 ms"", ""44.0 ms"", ""45.0 ms"", ""46.0 ms"", ""47.0 ms"", ""48.0 ms"", ""49.0 ms"", ""50.0 ms"", ""52.0 ms"", ""54.0 ms"", ""56.0 ms"", ""58.0 ms"", ""60.0 ms"", ""62.0 ms"", ""64.0 ms"", ""66.0 ms"", ""68.0 ms"", ""70.0 ms"", ""72.0 ms"", ""74.0 ms"", ""76.0 ms"", ""78.0 ms"", ""80.0 ms"", ""82.0 ms"", ""84.0 ms"", ""86.0 ms"", ""88.0 ms"", ""90.0 ms"", ""92.0 ms"", ""94.0 ms"", ""96.0 ms"", ""98.0 ms"", ""100.0 ms""]",,,"[""enum labels ui-derived from stringTable delayTime0-100Table""]","{""file"": ""original-roland-files/Script/A8EE/Script.xml"", ""line"": 9304}"
fm.pat.mfx.flangerToDelay-flgRateSync,1F 00 02 15,int4x4,4,"[32768, 32769]",32768,PatchCommonMFX,mfx:FLANGER->DELAY,script,,,,,[],"{""file"": ""original-roland-files/Script/A8EE/Script.xml"", ""line"": 9312}"
fm.pat.mfx.flangerToDelay-flgRateHz,1F 00 02 19,int4x4,4,"[32769, 32968]",32778,PatchCommonMFX,mfx:FLANGER->DELAY,script,-32768,"[""0.05"", ""0.10"", ""0.15"", ""0.20"", ""0.25"", ""0.30"", ""0.35"", ""0.40"", ""0.45"", ""0.50"", ""0.55"", ""0.60"", ""0.65"", ""0.70"", ""0.75"", ""0.80"", ""0.85"", ""0.90"", ""0.95"", ""1.00"", ""1.05"", ""1.10"", ""1.15"", ""1.20"", ""1.25"", ""1.30"", ""1.35"", ""1.40"", ""1.45"", ""1.50"", ""1.55"", ""1.60"", ""1.65"", ""1.70"", ""1.75"", ""1.80"", ""1.85"", ""1.90"", ""1.95"", ""2.00"", ""2.05"", ""2.10"", ""2.15"", ""2.20"", ""2.25"", ""2.30"", ""2.35"", ""2.40"", ""2.45"", ""2.50"", ""2.55"", ""2.60"", ""2.65"", ""2.70"", ""2.75"", ""2.80"", ""2.85"", ""2.90"", ""2.95"", ""3.00"", ""3.05"", ""3.10"", ""3.15"", ""3.20"", ""3.25"", ""3.30"", ""3.35"", ""3.40"", ""3.45"", ""3.50"", ""3.55"", ""3.60"", ""3.65"", ""3.70"", ""3.75"", ""3.80"", ""3.85"", ""3.90"", ""3.95"", ""4.00"", ""4.05"", ""4.10"", ""4.15"", ""4.20"", ""4.25"", ""4.30"", ""4.35"", ""4.40"", ""4.45"", ""4.50"", ""4.55"", ""4.60"", ""4.65"", ""4.70"", ""4.75"", ""4.80"", ""4.85"", ""4.90"", ""4.95"", ""5.00"", ""5.05"", ""5.10"", ""5.15"", ""5.20"", ""5.25"", ""5.30"", ""5.35"", ""5.40"", ""5.45"", ""5.50"", ""5.55"", ""5.60"", ""5.65"", ""5.70"", ""5.75"", ""5.80"", ""5.85"", ""5.90"", ""5.95"", ""6.00"", ""6.05"", ""6.10"", ""6.15"", ""6.20"", ""6.25"", ""6.30"", ""6.35"", ""6.40"", ""6.45"", ""6.50"", ""6.55"", ""6.60"", ""6.65"", ""6.70"", ""6.75"", ""6.80"", ""6.85"", ""6.90"", ""6.95"", ""7.00"", ""7.05"", ""7.10"", ""7.15"", ""7.20"", ""7.25"", ""7.30"", ""7.35"", ""7.40"", ""7.45"", ""7.50"", ""7.55"", ""7.60"", ""7.65"", ""7.70"", ""7.75"", ""7.80"", ""7.85"", ""7.90"", ""7.95"", ""8.00"", ""8.05"", ""8.10"", ""8.15"", ""8.20"", ""8.25"", ""8.30"", ""8.35"", ""8.40"", ""8.45"", ""8.50"", ""8.55"", ""8.60"", ""8.65"", ""8.70"", ""8.75"", ""8.80"", ""8.85"", ""8.90"", ""8.95"", ""9.00"", ""9.05"", ""9.10"", ""9.15"", ""9.20"", ""9.25"", ""9.30"", ""9.35"", ""9.40"", ""9.45"", ""9.50"", ""9.55"", ""9.60"", ""9.65"", ""9.70"", ""9.75"", ""9.80"", ""9.85"", ""9.90"", ""9.95"", ""10.00""]",,,"[""enum labels ui-derived from stringTable rateHz-10.00Table""]","{""file"": ""original-roland-files/Script/A8EE/Script.xml"", ""line"": 9320}"
fm.pat.mfx.flangerToDelay-flgRateNote,1F 00 02 1D,int4x4,4,"[32768, 32789]",32786,PatchCommonMFX,mfx:FLANGER->DELAY,script,,,,,[],"{""file"": ""original-roland-files/Script/A8EE/Script.xml"", ""line"": 9328}"
fm.pat.mfx.flangerToDelay-flgDepth,1F 00 02 21,int4x4,4,"[32768, 32895]",32808,PatchCommonMFX,mfx:FLANGER->DELAY,script,-32768,,,,[],"{""file"": ""original-roland-files/Script/A8EE/Script.xml"", ""line"": 9336}"
fm.pat.mfx.flangerToDelay-flgFbk,1F 00 02 25,int4x4,4,"[32768, 32866]",32847,PatchCommonMFX,mfx:FLANGER->DELAY,script,-32768,"[""-98%"", ""-96%"", ""-94%"", ""-92%"", ""-90%"", ""-88%"", ""-86%"", ""-84%"", ""-82%"", ""-80%"", ""-78%"", ""-76%"", ""-74%"", ""-72%"", ""-70%"", ""-68%"", ""-66%"", ""-64%"", ""-62%"", ""-60%"", ""-58%"", ""-56%"", ""-54%"", ""-52%"", ""-50%"", ""-48%"", ""-46%"", ""-44%"", ""-42%"", ""-40%"", ""-38%"", ""-36%"", ""-34%"", ""-32%"", ""-30%"", ""-28%"", ""-26%"", ""-24%"", ""-22%"", ""-20%"", ""-18%"", ""-16%"", ""-14%"", ""-12%"", ""-10%"", ""-8%"", ""-6%"", ""-4%"", ""-2%"", ""0%"", ""+2%"", ""+4%"", ""+6%"", ""+8%"", ""+10%"", ""+12%"", ""+14%"", ""+16%"", ""+18%"", ""+20%"", ""+22%"", ""+24%"", ""+26%"", ""+28%"", ""+30%"", ""+32%"", ""+34%"", ""+36%"", ""+38%"", ""+40%"", ""+42%"", ""+44%"", ""+46%"", ""+48%"", ""+50%"", ""+52%"", ""+54%"", ""+56%"", ""+58%"", ""+60%"", ""+62%"", ""+64%"", ""+66%"", ""+68%"", ""+70%"", ""+72%"", ""+74%"", ""+76%"", ""+78%"", ""+80%"", ""+82%"", ""+84%"", ""+86%"", ""+88%"", ""+90%"", ""+92%"", ""+94%"", ""+96%"", ""+98%""]",,,"[""enum labels ui-derived from stringTable fbkTable""]","{""file"": ""original-roland-files/Script/A8EE/Script.xml"", ""line"": 9344}"
fm.pat.mfx.flangerToDelay-flgBal,1F 00 02 29,int4x4,4,"[32768, 32868]",32818,PatchCommonMFX,mfx:FLANGER->DELAY,script,,"[""D100:0W"", ""D99:01W"", ""D98:02W"", ""D97:03W"", ""D96:04W"", ""D95:05W"", ""D94:06W"", ""D93:07W"", ""D92:08W"", ""D91:09W"", ""D90:10W"", ""D89:11W"", ""D88:12W"", ""D87:13W"", ""D86:14W"", ""D85:15W"", ""D84:16W"", ""D83:17W"", ""D82:18W"", ""D81:19W"", ""D80:20W"", ""D79:21W"", ""D78:22W"", ""D77:23W"", ""D76:24W"", ""D75:25W"", ""D74:26W"", ""D73:27W"", ""D72:28W"", ""D71:29W"", ""D70:30W"", ""D69:31W"", ""D68:32W"", ""D67:33W"", ""D66:34W"", ""D65:35W"", ""D64:36W"", ""D63:37W"", ""D62:38W"", ""D61:39W"", ""D60:40W"", ""D59:41W"", ""D58:42W"", ""D57:43W"", ""D56:44W"", ""D55:45W"", ""D54:46W"", ""D53:47W"", ""D52:48W"", ""D51:49W"", ""D50:50W"", ""D49:51W"", ""D48:52W"", ""D47:53W"", ""D46:54W"", ""D45:55W"", ""D44:56W"", ""D43:57W"", ""D42:58W"", ""D41:59W"", ""D40:60W"", ""D39:61W"", ""D38:62W"", ""D37:63W"", ""D36:64W"", ""D35:65W"", ""D34:66W"", ""D33:67W"", ""D32:68W"", ""D31:69W"", ""D30:70W"", ""D29:71W"", ""D28:72W"", ""D27:73W"", ""D26:74W"", ""D25:75W"", ""D24:76W"", ""D23:77W"", ""D22:78W"", ""D21:79W"", ""D20:80W"", ""D19:81W"", ""D18:82W"", ""D17:83W"", ""D16:84W"", ""D15:85W"", ""D14:86W"", ""D13:87W"", ""D12:88W"", ""D11:89W"", ""D10:90W"", ""D09:91W"", ""D08:92W"", ""D07:93W"", ""D06:94W"", ""D05:95W"", ""D04:96W"", ""D03:97W"", ""D02:98W"", ""D01:99W"", ""D0:100W""]",,,"[""enum labels ui-derived from stringTable balanceTable""]","{""file"": ""original-roland-files/Script/A8EE/Script.xml"", ""line"": 9352}"
fm.pat.mfx.flangerToDelay-dlySync,1F 00 02 2D,int4x4,4,"[32768, 32769]",32768,PatchCommonMFX,mfx:FLANGER->DELAY,script,,,,,[],"{""file"": ""original-roland-files/Script/A8EE/Script.xml"", ""line"": 9360}"
fm.pat.mfx.flangerToDelay-dlyMsec,1F 00 02 31,int4x4,4,"[32768, 35368]",33368,PatchCommonMFX,mfx:FLANGER->DELAY,script,-32768,,,,[],"{""file"": ""original-roland-files/Script/A8EE/Script.xml"", ""line"": 9368}"
fm.pat.mfx.flangerToDelay-dlyNote,1F 00 02 35,int4x4,4,"[32768, 32789]",32780,PatchCommonMFX,mfx:FLANGER->DELAY,script,,,,,[],"{""file"": ""original-roland-files/Script/A8EE/Script.xml"", ""line"": 9376}"
fm.pat.mfx.flangerToDelay-dlyFbk,1F 00 02 39,int4x4,4,"[32768, 32866]",32827,PatchCommonMFX,mfx:FLANGER->DELAY,script,-32768,"[""-98%"", ""-96%"", ""-94%"", ""-92%"", ""-90%"", ""-88%"", ""-86%"", ""-84%"", ""-82%"", ""-80%"", ""-78%"", ""-76%"", ""-74%"", ""-72%"", ""-70%"", ""-68%"", ""-66%"", ""-64%"", ""-62%"", ""-60%"", ""-58%"", ""-56%"", ""-54%"", ""-52%"", ""-50%"", ""-48%"", ""-46%"", ""-44%"", ""-42%"", ""-40%"", ""-38%"", ""-36%"", ""-34%"", ""-32%"", ""-30%"", ""-28%"", ""-26%"", ""-24%"", ""-22%"", ""-20%"", ""-18%"", ""-16%"", ""-14%"", ""-12%"", ""-10%"", ""-8%"", ""-6%"", ""-4%"", ""-2%"", ""0%"", ""+2%"", ""+4%"", ""+6%"", ""+8%"", ""+10%"", ""+12%"", ""+14%"", ""+16%"", ""+18%"", ""+20%"", ""+22%"", ""+24%"", ""+26%"", ""+28%"", ""+30%"", ""+32%"", ""+34%"", ""+36%"", ""+38%"", ""+40%"", ""+42%"", ""+44%"", ""+46%"", ""+48%"", ""+50%"", ""+52%"", ""+54%"", ""+56%"", ""+58%"", ""+60%"", ""+62%"", ""+64%"", ""+66%"", ""+68%"", ""+70%"", ""+72%"", ""+74%"", ""+76%"", ""+78%"", ""+80%"", ""+82%"", ""+84%"", ""+86%"", ""+88%"", ""+90%"", ""+92%"", ""+94%"", ""+96%"", ""+98%""]",,,"[""enum labels ui-derived from stringTable fbkTable""]","{""file"": ""original-roland-files/Script/A8EE/Script.xml"", ""line"": 9384}"
fm.pat.mfx.flangerToDelay-dlyHfDamp,1F 00 02 3D,int4x4,4,"[32768, 32785]",32785,PatchCommonMFX,mfx:FLANGER->DELAY,script,-32768,"[""200 Hz"", ""250 Hz"", ""315 Hz"", ""400 Hz"", ""500 Hz"", ""630 Hz"", ""800 Hz"", ""1000 Hz"", ""1250 Hz"", ""1600 Hz"", ""2000 Hz"", ""2500 Hz"", ""3150 Hz"", ""4000 Hz"", ""5000 Hz"", ""6300 Hz"", ""8000 Hz"", ""BYPASS""]",,,"[""enum labels ui-derived from stringTable freq200-BypassTable""]","{""file"": ""original-roland-files/Script/A8EE/Script.xml"", ""line"": 9392}"
fm.pat.mfx.flangerToDelay-dlyBal,1F 00 02 41,int4x4,4,"[32768, 32868]",32818,PatchCommonMFX,mfx:FLANGER->DELAY,script,,"[""D100:0W"", ""D99:01W"", ""D98:02W"", ""D97:03W"", ""D96:04W"", ""D95:05W"", ""D94:06W"", ""D93:07W"", ""D92:08W"", ""D91:09W"", ""D90:10W"", ""D89:11W"", ""D88:12W"", ""D87:13W"", ""D86:14W"", ""D85:15W"", ""D84:16W"", ""D83:17W"", ""D82:18W"", ""D81:19W"", ""D80:20W"", ""D79:21W"", ""D78:22W"", ""D77:23W"", ""D76:24W"", ""D75:25W"", ""D74:26W"", ""D73:27W"", ""D72:28W"", ""D71:29W"", ""D70:30W"", ""D69:31W"", ""D68:32W"", ""D67:33W"", ""D66:34W"", ""D65:35W"", ""D64:36W"", ""D63:37W"", ""D62:38W"", ""D61:39W"", ""D60:40W"", ""D59:41W"", ""D58:42W"", ""D57:43W"", ""D56:44W"", ""D55:45W"", ""D54:46W"", ""D53:47W"", ""D52:48W"", ""D51:49W"", ""D50:50W"", ""D49:51W"", ""D48:52W"", ""D47:53W"", ""D46:54W"", ""D45:55W"", ""D44:56W"", ""D43:57W"", ""D42:58W"", ""D41:59W"", ""D40:60W"", ""D39:61W"", ""D38:62W"", ""D37:63W"", ""D36:64W"", ""D35:65W"", ""D34:66W"", ""D33:67W"", ""D32:68W"", ""D31:69W"", ""D30:70W"", ""D29:71W"", ""D28:72W"", ""D27:73W"", ""D26:74W"", ""D25:75W"", ""D24:76W"", ""D23:77W"", ""D22:78W"", ""D21:79W"", ""D20:80W"", ""D19:81W"", ""D18:82W"", ""D17:83W"", ""D16:84W"", ""D15:85W"", ""D14:86W"", ""D13:87W"", ""D12:88W"", ""D11:89W"", ""D10:90W"", ""D09:91W"", ""D08:92W"", ""D07:93W"", ""D06:94W"", ""D05:95W"", ""D04:96W"", ""D03:97W"", ""D02:98W"", ""D01:99W"", ""D0:100W""]",,,"[""enum labels ui-derived from stringTable balanceTable""]","{""file"": ""original-roland-files/Script/A8EE/Script.xml"", ""line"": 9400}"
fm.pat.mfx.flangerToDelay-level,1F 00 02 45,int4x4,4,"[32768, 32895]",32895,PatchCommonMFX,mfx:FLANGER->DELAY,script,-32768,,,,[],"{""file"": ""original-roland-files/Script/A8EE/Script.xml"", ""line"": 9408}"
fm.pat.mfx.chorusToFlanger-choDly,1F 00 02 11,int4x4,4,"[32768, 32893]",32788,PatchCommonMFX,mfx:CHORUS->FLANGER,script,-32768,"[""0.0 ms"", ""0.1 ms"", ""0.2 ms"", ""0.3 ms"", ""0.4 ms"", ""0.5 ms"", ""0.6 ms"", ""0.7 ms"", ""0.8 ms"", ""0.9 ms"", ""1.0 ms"", ""1.1 ms"", ""1.2 ms"", ""1.3 ms"", ""1.4 ms"", ""1.5 ms"", ""1.6 ms"", ""1.7 ms"", ""1.8 ms"", ""1.9 ms"", ""2.0 ms"", ""2.1 ms"", ""2.2 ms"", ""2.3 ms"", ""2.4 ms"", ""2.5 ms"", ""2.6 ms"", ""2.7 ms"", ""2.8 ms"", ""2.9 ms"", ""3.0 ms"", ""3.1 ms"", ""3.2 ms"", ""3.3 ms"", ""3.4 ms"", ""3.5 ms"", ""3.6 ms"", ""3.7 ms"", ""3.8 ms"", ""3.9 ms"", ""4.0 ms"", ""4.1 ms"", ""4.2 ms"", ""4.3 ms"", ""4.4 ms"", ""4.5 ms"", ""4.6 ms"", ""4.7 ms"", ""4.8 ms"", ""4.9 ms"", ""5.0 ms"", ""5.5 ms"", ""6.0 ms"", ""6.5 ms"", ""7.0 ms"", ""7.5 ms"", ""8.0 ms"", ""8.5 ms"", ""9.0 ms"", ""9.5 ms"", ""10.0 ms"", ""11.0 ms"", ""12.0 ms"", ""13.0 ms"", ""14.0 ms"", ""15.0 ms"", ""16.0 ms"", ""17.0 ms"", ""18.0 ms"", ""19.0 ms"", ""20.0 ms"", ""21.0 ms"", ""22.0 ms"", ""23.0 ms"", ""24.0 ms"", ""25.0 ms"", ""26.0 ms"", ""27.0 ms"", ""28.0 ms"", ""29.0 ms"", ""30.0 ms"", ""31.0 ms"", ""32.0 ms"", ""33.0 ms"", ""34.0 ms"", ""35.0 ms"", ""36.0 ms"", ""37.0 ms"", ""38.0 ms"", ""39.0 ms"", ""40.0 ms"", ""41.0 ms"", ""42.0 ms"", ""43.0 ms"", ""44.0 ms"", ""45.0 ms"", ""46.0 ms"", ""47.0 ms"", ""48.0 ms"", ""49.0 ms"", ""50.0 ms"", ""52.0 ms"", ""54.0 ms"", ""56.0 ms"", ""58.0 ms"", ""60.0 ms"", ""62.0 ms"", ""64.0 ms"", ""66.0 ms"", ""68.0 ms"", ""70.0 ms"", ""72.0 ms"", ""74.0 ms"", ""76.0 ms"", ""78.0 ms"", ""80.0 ms"", ""82.0 ms"", ""84.0 ms"", ""86.0 ms"", ""88.0 ms"", ""90.0 ms"", ""92.0 ms"", ""94.0 ms"", ""96.0 ms"", ""98.0 ms"", ""100.0 ms""]",,,"[""enum labels ui-derived from stringTable delayTime0-100Table""]","{""file"": ""original-roland-files/Script/A8EE/Script.xml"", ""line"": 9416}"
fm.pat.mfx.chorusToFlanger-choRateSync,1F 00 02 15,int4x4,4,"[32768, 32769]",32768,PatchCommonMFX,mfx:CHORUS->FLANGER,script,,,,,[],"{""file"": ""original-roland-files/Script/A8EE/Script.xml"", ""line"": 9424}"
fm.pat.mfx.chorusToFlanger-choRateHz,1F 00 02 19,int4x4,4,"[32769, 32968]",32778,PatchCommonMFX,mfx:CHORUS->FLANGER,script,-32768,"[""0.05"", ""0.10"", ""0.15"", ""0.20"", ""0.25"", ""0.30"", ""0.35"", ""0.40"", ""0.45"", ""0.50"", ""0.55"", ""0.60"", ""0.65"", ""0.70"", ""0.75"", ""0.80"", ""0.85"", ""0.90"", ""0.95"", ""1.00"", ""1.05"", ""1.10"", ""1.15"", ""1.20"", ""1.25"", ""1.30"", ""1.35"", ""1.40"", ""1.45"", ""1.50"", ""1.55"", ""1.60"", ""1.65"", ""1.70"", ""1.75"", ""1.80"", ""1.85"", ""1.90"", ""1.95"", ""2.00"", ""2.05"", ""2.10"", ""2.15"", ""2.20"", ""2.25"", ""2.30"", ""2.35"", ""2.40"", ""2.45"", ""2.50"", ""2.55"", ""2.60"", ""2.65"", ""2.70"", ""2.75"", ""2.80"", ""2.85"", ""2.90"", ""2.95"", ""3.00"", ""3.05"", ""3.10"", ""3.15"", ""3.20"", ""3.25"", ""3.30"", ""3.35"", ""3.40"", ""3.45"", ""3.50"", ""3.55"", ""3.60"", ""3.65"", ""3.70"", ""3.75"", ""3.80"", ""3.85"", ""3.90"", ""3.95"", ""4.00"", ""4.05"", ""4.10"", ""4.15"", ""4.20"", ""4.25"", ""4.30"", ""4.35"", ""4.40"", ""4.45"", ""4.50"", ""4.55"", ""4.60"", ""4.65"", ""4.70"", ""4.75"", ""4.80"", ""4.85"", ""4.90"", ""4.95"", ""5.00"", ""5.05"", ""5.10"", ""5.15"", ""5.20"", ""5.25"", ""5.30"", ""5.35"", ""5.40"", ""5.45"", ""5.50"", ""5.55"", ""5.60"", ""5.65"", ""5.70"", ""5.75"", ""5.80"", ""5.85"", ""5.90"", ""5.95"", ""6.00"", ""6.05"", ""6.10"", ""6.15"", ""6.20"", ""6.25"", ""6.30"", ""6.35"", ""6.40"", ""6.45"", ""6.50"", ""6.55"", ""6.60"", ""6.65"", ""6.70"", ""6.75"", ""6.80"", ""6.85"", ""6.90"", ""6.95"", ""7.00"", ""7.05"", ""7.10"", ""7.15"", ""7.20"", ""7.25"", ""7.30"", ""7.35"", ""7.40"", ""7.45"", ""7.50"", ""7.55"", ""7.60"", ""7.65"", ""7.70"", ""7.75"", ""7.80"", ""7.85"", ""7.90"", ""7.95"", ""8.00"", ""8.05"", ""8.10"", ""8.15"", ""8.20"", ""8.25"", ""8.30"", ""8.35"", ""8.40"", ""8.45"", ""8.50"", ""8.55"", ""8.60"", ""8.65"", ""8.70"", ""8.75"", ""8.80"", ""8.85"", ""8.90"", ""8.95"", ""9.00"", ""9.05"", ""9.10"", ""9.15"", ""9.20"", ""9.25"", ""9.30"", ""9.35"", ""9.40"", ""9.45"", ""9.50"", ""9.55"", ""9.60"", ""9.65"", ""9.70"", ""9.75"", ""9.80"", ""9.85"", ""9.90"", ""9.95"", ""10.00""]",,,"[""enum labels ui-derived from stringTable rateHz-10.00Table""]","{""file"": ""original-roland-files/Script/A8EE/Script.xml"", ""line"": 9432}"
fm.pat.mfx.chorusToFlanger-choRateNote,1F 00 02 1D,int4x4,4,"[32768, 32789]",32786,PatchCommonMFX,mfx:CHORUS->FLANGER,script,,,,,[],"{""file"": ""original-roland-files/Script/A8EE/Script.xml"", ""line"": 9440}"
fm.pat.mfx.chorusToFlanger-choDepth,1F 00 02 21,int4x4,4,"[32768, 32895]",32788,PatchCommonMFX,mfx:CHORUS->FLANGER,script,-32768,,,,[],"{""file"": ""original-roland-files/Script/A8EE/Script.xml"", ""line"": 9448}"
fm.pat.mfx.chorusToFlanger-choBal,1F 00 02 25,int4x4,4,"[32768, 32868]",32818,PatchCommonMFX,mfx:CHORUS->FLANGER,script,,"[""D100:0W"", ""D99:01W"", ""D98:02W"", ""D97:03W"", ""D96:04W"", ""D95:05W"", ""D94:06W"", ""D93:07W"", ""D92:08W"", ""D91:09W"", ""D90:10W"", ""D89:11W"", ""D88:12W"", ""D87:13W"", ""D86:14W"", ""D85:15W"", ""D84:16W"", ""D83:17W"", ""D82:18W"", ""D81:19W"", ""D80:20W"", ""D79:21W"", ""D78:22W"", ""D77:23W"", ""D76:24W"", ""D75:25W"", ""D74:26W"", ""D73:27W"", ""D72:28W"", ""D71:29W"", ""D70:30W"", ""D69:31W"", ""D68:32W"", ""D67:33W"", ""D66:34W"", ""D65:35W"", ""D64:36W"", ""D63:37W"", ""D62:38W"", ""D61:39W"", ""D60:40W"", ""D59:41W"", ""D58:42W"", ""D57:43W"", ""D56:44W"", ""D55:45W"", ""D54:46W"", ""D53:47W"", ""D52:48W"", ""D51:49W"", ""D50:50W"", ""D49:51W"", ""D48:52W"", ""D47:53W"", ""D46:54W"", ""D45:55W"", ""D44:56W"", ""D43:57W"", ""D42:58W"", ""D41:59W"", ""D40:60W"", ""D39:61W"", ""D38:62W"", ""D37:63W"", ""D36:64W"", ""D35:65W"", ""D34:66W"", ""D33:67W"", ""D32:68W"", ""D31:69W"", ""D30:70W"", ""D29:71W"", ""D28:72W"", ""D27:73W"", ""D26:74W"", ""D25:75W"", ""D24:76W"", ""D23:77W"", ""D22:78W"", ""D21:79W"", ""D20:80W"", ""D19:81W"", ""D18:82W"", ""D17:83W"", ""D16:84W"", ""D15:85W"", ""D14:86W"", ""D13:87W"", ""D12:88W"", ""D11:89W"", ""D10:90W"", ""D09:91W"", ""D08:92W"", ""D07:93W"", ""D06:94W"", ""D05:95W"", ""D04:96W"", ""D03:97W"", ""D02:98W"", ""D01:99W"", ""D0:100W""]",,,"[""enum labels ui-derived from stringTable balanceTable""]","{""file"": ""original-roland-files/Script/A8EE/Script.xml"", ""line"": 9456}"
fm.pat.mfx.chorusToFlanger-flgDly,1F 00 02 29,int4x4,4,"[32768, 32893]",32788,PatchCommonMFX,mfx:CHORUS->FLANGER,script,-32768,"[""0.0 ms"", ""0.1 ms"", ""0.2 ms"", ""0.3 ms"", ""0.4 ms"", ""0.5 ms"", ""0.6 ms"", ""0.7 ms"", ""0.8 ms"", ""0.9 ms"", ""1.0 ms"", ""1.1 ms"", ""1.2 ms"", ""1.3 ms"", ""1.4 ms"", ""1.5 ms"", ""1.6 ms"", ""1.7 ms"", ""1.8 ms"", ""1.9 ms"", ""2.0 ms"", ""2.1 ms"", ""2.2 ms"", ""2.3 ms"", ""2.4 ms"", ""2.5 ms"", ""2.6 ms"", ""2.7 ms"", ""2.8 ms"", ""2.9 ms"", ""3.0 ms"", ""3.1 ms"", ""3.2 ms"", ""3.3 ms"", ""3.4 ms"", ""3.5 ms"", ""3.6 ms"", ""3.7 ms"", ""3.8 ms"", ""3.9 ms"", ""4.0 ms"", ""4.1 ms"", ""4.2 ms"", ""4.3 ms"", ""4.4 ms"", ""4.5 ms"", ""4.6 ms"", ""4.7 ms"", ""4.8 ms"", ""4.9 ms"", ""5.0 ms"", ""5.5 ms"", ""6.0 ms"", ""6.5 ms"", ""7.0 ms"", ""7.5 ms"", ""8.0 ms"", ""8.5 ms"", ""9.0 ms"", ""9.5 ms"", ""10.0 ms"", ""11.0 ms"", ""12.0 ms"", ""13.0 ms"", ""14.0 ms"", ""15.0 ms"", ""16.0 ms"", ""17.0 ms"", ""18.0 ms"", ""19.0 ms"", ""20.0 ms"", ""21.0 ms"", ""22.0 ms"", ""23.0 ms"", ""24.0 ms"", ""25.0 ms"", ""26.0 ms"", ""27.0 ms"", ""28.0 ms"", ""29.0 ms"", ""30.0 ms"", ""31.0 ms"", ""32.0 ms"", ""33.0 ms"", ""34.0 ms"", ""35.0 ms"", ""36.0 ms"", ""37.0 ms"", ""38.0 ms"", ""39.0 ms"", ""40.0 ms"", ""41.0 ms"", ""42.0 ms"", ""43.0 ms"", ""44.0 ms"", ""45.0 ms"", ""46.0 ms"", ""47.0 ms"", ""48.0 ms"", ""49.0 ms"", ""50.0 ms"", ""52.0 ms"", ""54.0 ms"", ""56.0 ms"", ""58.0 ms"", ""60.0 ms"", ""62.0 ms"", ""64.0 ms"", ""66.0 ms"", ""68.0 ms"", ""70.0 ms"", ""72.0 ms"", ""74.0 ms"", ""76.0 ms"", ""78.0 ms"", ""80.0 ms"", ""82.0 ms"", ""84.0 ms"", ""86.0 ms"", ""88.0 ms"", ""90.0 ms"", ""92.0 ms"", ""94.0 ms"", ""96.0 ms"", ""98.0 ms"", ""100.0 ms""]",,,"[""enum labels ui-derived from stringTable delayTime0-100Table""]","{""file"": ""original-roland-files/Script/A8EE/Script.xml"", ""line"": 9464}"
fm.pat.mfx.chorusToFlanger-flgRateSync,1F 00 02 2D,int4x4,4,"[32768, 32769]",32768,PatchCommonMFX,mfx:CHORUS->FLANGER,script,,,,,[],"{""file"": ""original-roland-files/Script/A8EE/Script.xml"", ""line"": 9472}"
fm.pat.mfx.chorusToFlanger-flgRateHz,1F 00 02 31,int4x4,4,"[32769, 32968]",32778,PatchCommonMFX,mfx:CHORUS->FLANGER,script,-32768,"[""0.05"", ""0.10"", ""0.15"", ""0.20"", ""0.25"", ""0.30"", ""0.35"", ""0.40"", ""0.45"", ""0.50"", ""0.55"", ""0.60"", ""0.65"", ""0.70"", ""0.75"", ""0.80"", ""0.85"", ""0.90"", ""0.95"", ""1.00"", ""1.05"", ""1.10"", ""1.15"", ""1.20"", ""1.25"", ""1.30"", ""1.35"", ""1.40"", ""1.45"", ""1.50"", ""1.55"", ""1.60"", ""1.65"", ""1.70"", ""1.75"", ""1.80"", ""1.85"", ""1.90"", ""1.95"", ""2.00"", ""2.05"", ""2.10"", ""2.15"", ""2.20"", ""2.25"", ""2.30"", ""2.35"", ""2.40"", ""2.45"", ""2.50"", ""2.55"", ""2.60"", ""2.65"", ""2.70"", ""2.75"", ""2.80"", ""2.85"", ""2.90"", ""2.95"", ""3.00"", ""3.05"", ""3.10"", ""3.15"", ""3.20"", ""3.25"", ""3.30"", ""3.35"", ""3.40"", ""3.45"", ""3.50"", ""3.55"", ""3.60"", ""3.65"", ""3.70"", ""3.75"", ""3.80"", ""3.85"", ""3.90"", ""3.95"", ""4.00"", ""4.05"", ""4.10"", ""4.15"", ""4.20"", ""4.25"", ""4.30"", ""4.35"", ""4.40"", ""4.45"", ""4.50"", ""4.55"", ""4.60"", ""4.65"", ""4.70"", ""4.75"", ""4.80"", ""4.85"", ""4.90"", ""4.95"", ""5.00"", ""5.05"", ""5.10"", ""5.15"", ""5.20"", ""5.25"", ""5.30"", ""5.35"", ""5.40"", ""5.45"", ""5.50"", ""5.55"", ""5.60"", ""5.65"", ""5.70"", ""5.75"", ""5.80"", ""5.85"", ""5.90"", ""5.95"", ""6.00"", ""6.05"", ""6.10"", ""6.15"", ""6.20"", ""6.25"", ""6.30"", ""6.35"", ""6.40"", ""6.45"", ""6.50"", ""6.55"", ""6.60"", ""6.65"", ""6.70"", ""6.75"", ""6.80"", ""6.85"", ""6.90"", ""6.95"", ""7.00"", ""7.05"", ""7.10"", ""7.15"", ""7.20"", ""7.25"", ""7.30"", ""7.35"", ""7.40"", ""7.45"", ""7.50"", ""7.55"", ""7.60"", ""7.65"", ""7.70"", ""7.75"", ""7.80"", ""7.85"", ""7.90"", ""7.95"", ""8.00"", ""8.05"", ""8.10"", ""8.15"", ""8.20"", ""8.25"", ""8.30"", ""8.35"", ""8.40"", ""8.45"", ""8.50"", ""8.55"", ""8.60"", ""8.65"", ""8.70"", ""8.75"", ""8.80"", ""8.85"", ""8.90"", ""8.95"", ""9.00"", ""9.05"", ""9.10"", ""9.15"", ""9.20"", ""9.25"", ""9.30"", ""9.35"", ""9.40"", ""9.45"", ""9.50"", ""9.55"", ""9.60"", ""9.65"", ""9.70"", ""9.75"", ""9.80"", ""9.85"", ""9.90"", ""9.95"", ""10.00""]",,,"[""enum labels ui-derived from stringTable rateHz-10.00Table""]","{""file"": ""original-roland-files/Script/A8EE/Script.xml"", ""line"": 9480}"
fm.pat.mfx.chorusToFlanger-flgRateNote,1F 00 02 35,int4x4,4,"[32768, 32789]",32786,PatchCommonMFX,mfx:CHORUS->FLANGER,script,,,,,[],"{""file"": ""original-roland-files/Script/A8EE/Script.xml"", ""line"": 9488}"
fm.pat.mfx.chorusToFlanger-flgDepth,1F 00 02 39,int4x4,4,"[32768, 32895]",32808,PatchCommonMFX,mfx:CHORUS->FLANGER,script,-32768,,,,[],"{""file"": ""original-roland-files/Script/A8EE/Script.xml"", ""line"": 9496}"
fm.pat.mfx.chorusToFlanger-flgFbk,1F 00 02 3D,int4x4,4,"[32768, 32866]",32847,PatchCommonMFX,mfx:CHORUS->FLANGER,script,-32768,"[""-98%"", ""-96%"", ""-94%"", ""-92%"", ""-90%"", ""-88%"", ""-86%"", ""-84%"", ""-82%"", ""-80%"", ""-78%"", ""-76%"", ""-74%"", ""-72%"", ""-70%"", ""-68%"", ""-66%"", ""-64%"", ""-62%"", ""-60%"", ""-58%"", ""-56%"", ""-54%"", ""-52%"", ""-50%"", ""-48%"", ""-46%"", ""-44%"", ""-42%"", ""-40%"", ""-38%"", ""-36%"", ""-34%"", ""-32%"", ""-30%"", ""-28%"", ""-26%"", ""-24%"", ""-22%"", ""-20%"", ""-18%"", ""-16%"", ""-14%"", ""-12%"", ""-10%"", ""-8%"", ""-6%"", ""-4%"", ""-2%"", ""0%"", ""+2%"", ""+4%"", ""+6%"", ""+8%"", ""+10%"", ""+12%"", ""+14%"", ""+16%"", ""+18%"", ""+20%"", ""+22%"", ""+24%"", ""+26%"", ""+28%"", ""+30%"", ""+32%"", ""+34%"", ""+36%"", ""+38%"", ""+40%"", ""+42%"", ""+44%"", ""+46%"", ""+48%"", ""+50%"", ""+52%"", ""+54%"", ""+56%"", ""+58%"", ""+60%"", ""+62%"", ""+64%"", ""+66%"", ""+68%"", ""+70%"", ""+72%"", ""+74%"", ""+76%"", ""+78%"", ""+80%"", ""+82%"", ""+84%"", ""+86%"", ""+88%"", ""+90%"", ""+92%"", ""+94%"", ""+96%"", ""+98%""]",,,"[""enum labels ui-derived from stringTable fbkTable""]","{""file"": ""original-roland-files/Script/A8EE/Script.xml"", ""line"": 9504}"
fm.pat.mfx.chorusToFlanger-flgBal,1F 00 02 41,int4x4,4,"[32768, 32868]",32818,PatchCommonMFX,mfx:CHORUS->FLANGER,script,,"[""D100:0W"", ""D99:01W"", ""D98:02W"", ""D97:03W"", ""D96:04W"", ""D95:05W"", ""D94:06W"", ""D93:07W"", ""D92:08W"", ""D91:09W"", ""D90:10W"", ""D89:11W"", ""D88:12W"", ""D87:13W"", ""D86:14W"", ""D85:15W"", ""D84:16W"", ""D83:17W"", ""D82:18W"", ""D81:19W"", ""D80:20W"", ""D79:21W"", ""D78:22W"", ""D77:23W"", ""D76:24W"", ""D75:25W"", ""D74:26W"", ""D73:27W"", ""D72:28W"", ""D71:29W"", ""D70:30W"", ""D69:31W"", ""D68:32W"", ""D67:33W"", ""D66:34W"", ""D65:35W"", ""D64:36W"", ""D63:37W"", ""D62:38W"", ""D61:39W"", ""D60:40W"", ""D59:41W"", ""D58:42W"", ""D57:43W"", ""D56:44W"", ""D55:45W"", ""D54:46W"", ""D53:47W"", ""D52:48W"", ""D51:49W"", ""D50:50W"", ""D49:51W"", ""D48:52W"", ""D47:53W"", ""D46:54W"", ""D45:55W"", ""D44:56W"", ""D43:57W"", ""D42:58W"", ""D41:59W"", ""D40:60W"", ""D39:61W"", ""D38:62W"", ""D37:63W"", ""D36:64W"", ""D35:65W"", ""D34:66W"", ""D33:67W"", ""D32:68W"", ""D31:69W"", ""D30:70W"", ""D29:71W"", ""D28:72W"", ""D27:73W"", ""D26:74W"", ""D25:75W"", ""D24:76W"", ""D23:77W"", ""D22:78W"", ""D21:79W"", ""D20:80W"", ""D19:81W"", ""D18:82W"", ""D17:83W"", ""D16:84W"", ""D15:85W"", ""D14:86W"", ""D13:87W"", ""D12:88W"", ""D11:89W"", ""D10:90W"", ""D09:91W"", ""D08:92W"", ""D07:93W"", ""D06:94W"", ""D05:95W"", ""D04:96W"", ""D03:97W"", ""D02:98W"", ""D01:99W"", ""D0:100W""]",,,"[""enum labels ui-derived from stringTable balanceTable""]","{""file"": ""original-roland-files/Script/A8EE/Script.xml"", ""line"": 9512}"
fm.pat.mfx.chorusToFlanger-level,1F 00 02 45,int4x4,4,"[32768, 32895]",32895,PatchCommonMFX,mfx:CHORUS->FLANGER,script,-32768,,,,[],"{""file"": ""original-roland-files/Script/A8EE/Script.xml"", ""line"": 9520}"
fm.pat.mfx.sympatheticResonance-depth,1F 00 02 11,int4x4,4,"[32768, 32895]",32832,PatchCommonMFX,mfx:SYMPATHETIC RESONANCE,script,-32768,,,,[],"{""file"": ""original-roland-files/Script/A8EE/Script.xml"", ""line"": 9528}"
fm.pat.mfx.sympatheticResonance-damp,1F 00 02 15,int4x4,4,"[32768, 32895]",32768,PatchCommonMFX,mfx:SYMPATHETIC RESONANCE,script,-32768,,,,[],"{""file"": ""original-roland-files/Script/A8EE/Script.xml"", ""line"": 9536}"
fm.pat.mfx.sympatheticResonance-preLpf,1F 00 02 19,int4x4,4,"[32769, 32800]",32794,PatchCommonMFX,mfx:SYMPATHETIC RESONANCE,script,-32768,"[""16 Hz"", ""20 Hz"", ""25 Hz"", ""32 Hz"", ""40 Hz"", ""50 Hz"", ""63 Hz"", ""80 Hz"", ""100 Hz"", ""125 Hz"", ""160 Hz"", ""200 Hz"", ""250 Hz"", ""315 Hz"", ""400 Hz"", ""500 Hz"", ""630 Hz"", ""800 Hz"", ""1000 Hz"", ""1250 Hz"", ""1600 Hz"", ""2000 Hz"", ""2500 Hz"", ""3150 Hz"", ""4000 Hz"", ""5000 Hz"", ""6300 Hz"", ""8000 Hz"", ""10000 Hz"", ""12500 Hz"", ""15000 Hz"", ""BYPASS""]",,,"[""enum labels ui-derived from stringTable freq16-BypassTable""]","{""file"": ""original-roland-files/Script/A8EE/Script.xml"", ""line"": 9544}"
fm.pat.mfx.sympatheticResonance-preHpf,1F 00 02 1D,int4x4,4,"[32768, 32799]",32768,PatchCommonMFX,mfx:SYMPATHETIC RESONANCE,script,-32768,,,,[],"{""file"": ""original-roland-files/Script/A8EE/Script.xml"", ""line"": 9552}"
fm.pat.mfx.sympatheticResonance-pkgFreq,1F 00 02 21,int4x4,4,"[32768, 32784]",32769,PatchCommonMFX,mfx:SYMPATHETIC RESONANCE,script,-32768,,,,[],"{""file"": ""original-roland-files/Script/A8EE/Script.xml"", ""line"": 9560}"
fm.pat.mfx.sympatheticResonance-pkgGain,1F 00 02 25,int4x4,4,"[32768, 32798]",32789,PatchCommonMFX,mfx:SYMPATHETIC RESONANCE,script,-32768,"[""-15 dB"", ""-14 dB"", ""-13 dB"", ""-12 dB"", ""-11 dB"", ""-10 dB"", ""-9 dB"", ""-8 dB"", ""-7 dB"", ""-6 dB"", ""-5 dB"", ""-4 dB"", ""-3 dB"", ""-2 dB"", ""-1 dB"", ""0 dB"", ""+1 dB"", ""+2 dB"", ""+3 dB"", ""+4 dB"", ""+5 dB"", ""+6 dB"", ""+7 dB"", ""+8 dB"", ""+9 dB"", ""+10 dB"", ""+11 dB"", ""+12 dB"", ""+13 dB"", ""+14 dB"", ""+15 dB""]",,,"[""enum labels ui-derived from stringTable gain-15-1Table""]","{""file"": ""original-roland-files/Script/A8EE/Script.xml"", ""line"": 9568}"
fm.pat.mfx.sympatheticResonance-pkgQ,1F 00 02 29,int4x4,4,"[32768, 32772]",32768,PatchCommonMFX,mfx:SYMPATHETIC RESONANCE,script,-32768,"[""0.5"", ""1.0"", ""2.0"", ""4.0"", ""8.0""]",,,"[""enum labels ui-derived from stringTable qTable""]","{""file"": ""original-roland-files/Script/A8EE/Script.xml"", ""line"": 9576}"
fm.pat.mfx.sympatheticResonance-hfDamp,1F 00 02 2D,int4x4,4,"[32769, 32800]",32792,PatchCommonMFX,mfx:SYMPATHETIC RESONANCE,script,-32768,"[""16 Hz"", ""20 Hz"", ""25 Hz"", ""32 Hz"", ""40 Hz"", ""50 Hz"", ""63 Hz"", ""80 Hz"", ""100 Hz"", ""125 Hz"", ""160 Hz"", ""200 Hz"", ""250 Hz"", ""315 Hz"", ""400 Hz"", ""500 Hz"", ""630 Hz"", ""800 Hz"", ""1000 Hz"", ""1250 Hz"", ""1600 Hz"", ""2000 Hz"", ""2500 Hz"", ""3150 Hz"", ""4000 Hz"", ""5000 Hz"", ""6300 Hz"", ""8000 Hz"", ""10000 Hz"", ""12500 Hz"", ""15000 Hz"", ""BYPASS""]",,,"[""enum labels ui-derived from stringTable freq16-BypassTable""]","{""file"": ""original-roland-files/Script/A8EE/Script.xml"", ""line"": 9584}"
fm.pat.mfx.sympatheticResonance-lfDamp,1F 00 02 31,int4x4,4,"[32768, 32799]",32780,PatchCommonMFX,mfx:SYMPATHETIC RESONANCE,script,-32768,,,,[],"{""file"": ""original-roland-files/Script/A8EE/Script.xml"", ""line"": 9592}"
fm.pat.mfx.sympatheticResonance-lid,1F 00 02 35,int4x4,4,"[32768, 32773]",32769,PatchCommonMFX,mfx:SYMPATHETIC RESONANCE,script,-32768,"[""1"", ""2"", ""3"", ""4"", ""5"", ""6""]","[32773, 32772, 32771, 32770, 32769, 32768]",,"[""enum labels ui-derived from stringTable integerTable""]","{""file"": ""original-roland-files/Script/A8EE/Script.xml"", ""line"": 9600}"
fm.pat.mfx.sympatheticResonance-loFreq,1F 00 02 39,int4x4,4,"[32768, 32769]",32768,PatchCommonMFX,mfx:SYMPATHETIC RESONANCE,script,,,,,[],"{""file"": ""original-roland-files/Script/A8EE/Script.xml"", ""line"": 9609}"
fm.pat.mfx.sympatheticResonance-loGain,1F 00 02 3D,int4x4,4,"[32768, 32798]",32783,PatchCommonMFX,mfx:SYMPATHETIC RESONANCE,script,-32768,"[""-15 dB"", ""-14 dB"", ""-13 dB"", ""-12 dB"", ""-11 dB"", ""-10 dB"", ""-9 dB"", ""-8 dB"", ""-7 dB"", ""-6 dB"", ""-5 dB"", ""-4 dB"", ""-3 dB"", ""-2 dB"", ""-1 dB"", ""0 dB"", ""+1 dB"", ""+2 dB"", ""+3 dB"", ""+4 dB"", ""+5 dB"", ""+6 dB"", ""+7 dB"", ""+8 dB"", ""+9 dB"", ""+10 dB"", ""+11 dB"", ""+12 dB"", ""+13 dB"", ""+14 dB"", ""+15 dB""]",,,"[""enum labels ui-derived from stringTable gain-15-1Table""]","{""file"": ""original-roland-files/Script/A8EE/Script.xml"", ""line"": 9617}"
fm.pat.mfx.sympatheticResonance-midFreq,1F 00 02 41,int4x4,4,"[32768, 32784]",32775,PatchCommonMFX,mfx:SYMPATHETIC RESONANCE,script,-32768,,,,[],"{""file"": ""original-roland-files/Script/A8EE/Script.xml"", ""line"": 9625}"
fm.pat.mfx.sympatheticResonance-midGain,1F 00 02 45,int4x4,4,"[32768, 32798]",32783,PatchCommonMFX,mfx:SYMPATHETIC RESONANCE,script,-32768,"[""-15 dB"", ""-14 dB"", ""-13 dB"", ""-12 dB"", ""-11 dB"", ""-10 dB"", ""-9 dB"", ""-8 dB"", ""-7 dB"", ""-6 dB"", ""-5 dB"", ""-4 dB"", ""-3 dB"", ""-2 dB"", ""-1 dB"", ""0 dB"", ""+1 dB"", ""+2 dB"", ""+3 dB"", ""+4 dB"", ""+5 dB"", ""+6 dB"", ""+7 dB"", ""+8 dB"", ""+9 dB"", ""+10 dB"", ""+11 dB"", ""+12 dB"", ""+13 dB"", ""+14 dB"", ""+15 dB""]",,,"[""enum labels ui-derived from stringTable gain-15-1Table""]","{""file"": ""original-roland-files/Script/A8EE/Script.xml"", ""line"": 9633}"
fm.pat.mfx.sympatheticResonance-midQ,1F 00 02 49,int4x4,4,"[32768, 32772]",32768,PatchCommonMFX,mfx:SYMPATHETIC RESONANCE,script,-32768,"[""0.5"", ""1.0"", ""2.0"", ""4.0"", ""8.0""]",,,"[""enum labels ui-derived from stringTable qTable""]","{""file"": ""original-roland-files/Script/A8EE/Script.xml"", ""line"": 9641}"
fm.pat.mfx.sympatheticResonance-hiFreq,1F 00 02 4D,int4x4,4,"[32768, 32770]",32769,PatchCommonMFX,mfx:SYMPATHETIC RESONANCE,script,,,,,[],"{""file"": ""original-roland-files/Script/A8EE/Script.xml"", ""line"": 9649}"
fm.pat.mfx.sympatheticResonance-hiGain,1F 00 02 51,int4x4,4,"[32768, 32798]",32783,PatchCommonMFX,mfx:SYMPATHETIC RESONANCE,script,-32768,"[""-15 dB"", ""-14 dB"", ""-13 dB"", ""-12 dB"", ""-11 dB"", ""-10 dB"", ""-9 dB"", ""-8 dB"", ""-7 dB"", ""-6 dB"", ""-5 dB"", ""-4 dB"", ""-3 dB"", ""-2 dB"", ""-1 dB"", ""0 dB"", ""+1 dB"", ""+2 dB"", ""+3 dB"", ""+4 dB"", ""+5 dB"", ""+6 dB"", ""+7 dB"", ""+8 dB"", ""+9 dB"", ""+10 dB"", ""+11 dB"", ""+12 dB"", ""+13 dB"", ""+14 dB"", ""+15 dB""]",,,"[""enum labels ui-derived from stringTable gain-15-1Table""]","{""file"": ""original-roland-files/Script/A8EE/Script.xml"", ""line"": 9657}"
fm.pat.mfx.sympatheticResonance-level,1F 00 02 55,int4x4,4,"[32768, 32895]",32895,PatchCommonMFX,mfx:SYMPATHETIC RESONANCE,script,-32768,,,,[],"{""file"": ""original-roland-files/Script/A8EE/Script.xml"", ""line"": 9665}"
fm.pat.cho.chorusType,1F 00 04 00,int1x7,1,"[0, 2]",0,PatchCommonChorus,,script+doc,,"[""OFF"", ""CHORUS"", ""DELAY""]",,Chorus Type (0~2),"[""enum labels ui-derived from stringTable chorusTypeTable""]","{""file"": ""original-roland-files/Script/A8EE/Script.xml"", ""line"": 9683}"
fm.pat.cho.chorusLevel,1F 00 04 01,int1x7,1,"[0, 127]",127,PatchCommonChorus,,script+doc,,,,Chorus Level (0~127),[],"{""file"": ""original-roland-files/Script/A8EE/Script.xml"", ""line"": 9691}"
fm.pat.cho.chorusOutputAssign,1F 00 04 02,int1x7,1,"[0, 3]",0,PatchCommonChorus,,script+doc,,,,Chorus Output Assign <*> (0~3),[],"{""file"": ""original-roland-files/Script/A8EE/Script.xml"", ""line"": 9699}"
fm.pat.cho.chorusOutputSelect,1F 00 04 03,int1x7,1,"[0, 2]",0,PatchCommonChorus,,script+doc,,,,Chorus Output Select (0~2),[],"{""file"": ""original-roland-files/Script/A8EE/Script.xml"", ""line"": 9707}"
fm.pat.cho.chorusParameter1,1F 00 04 04,int4x4,4,"[12768, 52768]",32768,PatchCommonChorus,,script+doc,,,,,[],"{""file"": ""original-roland-files/Script/A8EE/Script.xml"", ""line"": 9716}"
fm.pat.cho.chorusParameter2,1F 00 04 08,int4x4,4,"[12768, 52768]",32768,PatchCommonChorus,,script+doc,,,,,[],"{""file"": ""original-roland-files/Script/A8EE/Script.xml"", ""line"": 9724}"
fm.pat.cho.chorusParameter3,1F 00 04 0C,int4x4,4,"[12768, 52768]",32768,PatchCommonChorus,,script+doc,,,,,[],"{""file"": ""original-roland-files/Script/A8EE/Script.xml"", ""line"": 9732}"
fm.pat.cho.chorusParameter4,1F 00 04 10,int4x4,4,"[12768, 52768]",32768,PatchCommonChorus,,script+doc,,,,,[],"{""file"": ""original-roland-files/Script/A8EE/Script.xml"", ""line"": 9740}"
fm.pat.cho.chorusParameter5,1F 00 04 14,int4x4,4,"[12768, 52768]",32768,PatchCommonChorus,,script+doc,,,,,[],"{""file"": ""original-roland-files/Script/A8EE/Script.xml"", ""line"": 9748}"
fm.pat.cho.chorusParameter6,1F 00 04 18,int4x4,4,"[12768, 52768]",32768,PatchCommonChorus,,script+doc,,,,,[],"{""file"": ""original-roland-files/Script/A8EE/Script.xml"", ""line"": 9756}"
fm.pat.cho.chorusParameter7,1F 00 04 1C,int4x4,4,"[12768, 52768]",32768,PatchCommonChorus,,script+doc,,,,,[],"{""file"": ""original-roland-files/Script/A8EE/Script.xml"", ""line"": 9764}"
fm.pat.cho.chorusParameter8,1F 00 04 20,int4x4,4,"[12768, 52768]",32768,PatchCommonChorus,,script+doc,,,,,[],"{""file"": ""original-roland-files/Script/A8EE/Script.xml"", ""line"": 9772}"
fm.pat.cho.chorusParameter9,1F 00 04 24,int4x4,4,"[12768, 52768]",32768,PatchCommonChorus,,script+doc,,,,,[],"{""file"": ""original-roland-files/Script/A8EE/Script.xml"", ""line"": 9780}"
fm.pat.cho.chorusParameter10,1F 00 04 28,int4x4,4,"[12768, 52768]",32768,PatchCommonChorus,,script+doc,,,,,[],"{""file"": ""original-roland-files/Script/A8EE/Script.xml"", ""line"": 9788}"
fm.pat.cho.chorusParameter11,1F 00 04 2C,int4x4,4,"[12768, 52768]",32768,PatchCommonChorus,,script+doc,,,,,[],"{""file"": ""original-roland-files/Script/A8EE/Script.xml"", ""line"": 9796}"
fm.pat.cho.chorusParameter12,1F 00 04 30,int4x4,4,"[12768, 52768]",32768,PatchCommonChorus,,script+doc,,,,,[],"{""file"": ""original-roland-files/Script/A8EE/Script.xml"", ""line"": 9804}"
fm.pat.cho.chorusParameter13,1F 00 04 34,int4x4,4,"[12768, 52768]",32768,PatchCommonChorus,,script+doc,,,,,[],"{""file"": ""original-roland-files/Script/A8EE/Script.xml"", ""line"": 9813}"
fm.pat.cho.chorusParameter14,1F 00 04 38,int4x4,4,"[12768, 52768]",32768,PatchCommonChorus,,script+doc,,,,,[],"{""file"": ""original-roland-files/Script/A8EE/Script.xml"", ""line"": 9821}"
fm.pat.cho.chorusParameter15,1F 00 04 3C,int4x4,4,"[12768, 52768]",32768,PatchCommonChorus,,script+doc,,,,,[],"{""file"": ""original-roland-files/Script/A8EE/Script.xml"", ""line"": 9829}"
fm.pat.cho.chorusParameter16,1F 00 04 40,int4x4,4,"[12768, 52768]",32768,PatchCommonChorus,,script+doc,,,,,[],"{""file"": ""original-roland-files/Script/A8EE/Script.xml"", ""line"": 9837}"
fm.pat.cho.chorusParameter17,1F 00 04 44,int4x4,4,"[12768, 52768]",32768,PatchCommonChorus,,script+doc,,,,,[],"{""file"": ""original-roland-files/Script/A8EE/Script.xml"", ""line"": 9845}"
fm.pat.cho.chorusParameter18,1F 00 04 48,int4x4,4,"[12768, 52768]",32768,PatchCommonChorus,,script+doc,,,,,[],"{""file"": ""original-roland-files/Script/A8EE/Script.xml"", ""line"": 9853}"
fm.pat.cho.chorusParameter19,1F 00 04 4C,int4x4,4,"[12768, 52768]",32768,PatchCommonChorus,,script+doc,,,,,[],"{""file"": ""original-roland-files/Script/A8EE/Script.xml"", ""line"": 9861}"
fm.pat.cho.chorusParameter20,1F 00 04 50,int4x4,4,"[12768, 52768]",32768,PatchCommonChorus,,script+doc,,,,,[],"{""file"": ""original-roland-files/Script/A8EE/Script.xml"", ""line"": 9869}"
fm.pat.cho.chorus-filt,1F 00 04 04,int4x4,4,"[32768, 32770]",32768,PatchCommonChorus,chorus:chorus,script,-32768,,,,[],"{""file"": ""original-roland-files/Script/A8EE/Script.xml"", ""line"": 9878}"
fm.pat.cho.chorus-splt,1F 00 04 08,int4x4,4,"[32768, 32784]",32775,PatchCommonChorus,chorus:chorus,script,-32768,,,,[],"{""file"": ""original-roland-files/Script/A8EE/Script.xml"", ""line"": 9886}"
fm.pat.cho.chorus-delay,1F 00 04 0C,int4x4,4,"[32768, 32893]",32778,PatchCommonChorus,chorus:chorus,script,-32768,"[""0.0 ms"", ""0.1 ms"", ""0.2 ms"", ""0.3 ms"", ""0.4 ms"", ""0.5 ms"", ""0.6 ms"", ""0.7 ms"", ""0.8 ms"", ""0.9 ms"", ""1.0 ms"", ""1.1 ms"", ""1.2 ms"", ""1.3 ms"", ""1.4 ms"", ""1.5 ms"", ""1.6 ms"", ""1.7 ms"", ""1.8 ms"", ""1.9 ms"", ""2.0 ms"", ""2.1 ms"", ""2.2 ms"", ""2.3 ms"", ""2.4 ms"", ""2.5 ms"", ""2.6 ms"", ""2.7 ms"", ""2.8 ms"", ""2.9 ms"", ""3.0 ms"", ""3.1 ms"", ""3.2 ms"", ""3.3 ms"", ""3.4 ms"", ""3.5 ms"", ""3.6 ms"", ""3.7 ms"", ""3.8 ms"", ""3.9 ms"", ""4.0 ms"", ""4.1 ms"", ""4.2 ms"", ""4.3 ms"", ""4.4 ms"", ""4.5 ms"", ""4.6 ms"", ""4.7 ms"", ""4.8 ms"", ""4.9 ms"", ""5.0 ms"", ""5.5 ms"", ""6.0 ms"", ""6.5 ms"", ""7.0 ms"", ""7.5 ms"", ""8.0 ms"", ""8.5 ms"", ""9.0 ms"", ""9.5 ms"", ""10.0 ms"", ""11.0 ms"", ""12.0 ms"", ""13.0 ms"", ""14.0 ms"", ""15.0 ms"", ""16.0 ms"", ""17.0 ms"", ""18.0 ms"", ""19.0 ms"", ""20.0 ms"", ""21.0 ms"", ""22.0 ms"", ""23.0 ms"", ""24.0 ms"", ""25.0 ms"", ""26.0 ms"", ""27.0 ms"", ""28.0 ms"", ""29.0 ms"", ""30.0 ms"", ""31.0 ms"", ""32.0 ms"", ""33.0 ms"", ""34.0 ms"", ""35.0 ms"", ""36.0 ms"", ""37.0 ms"", ""38.0 ms"", ""39.0 ms"", ""40.0 ms"", ""41.0 ms"", ""42.0 ms"", ""43.0 ms"", ""44.0 ms"", ""45.0 ms"", ""46.0 ms"", ""47.0 ms"", ""48.0 ms"", ""49.0 ms"", ""50.0 ms"", ""52.0 ms"", ""54.0 ms"", ""56.0 ms"", ""58.0 ms"", ""60.0 ms"", ""62.0 ms"", ""64.0 ms"", ""66.0 ms"", ""68.0 ms"", ""70.0 ms"", ""72.0 ms"", ""74.0 ms"", ""76.0 ms"", ""78.0 ms"", ""80.0 ms"", ""82.0 ms"", ""84.0 ms"", ""86.0 ms"", ""88.0 ms"", ""90.0 ms"", ""92.0 ms"", ""94.0 ms"", ""96.0 ms"", ""98.0 ms"", ""100.0 ms""]",,,"[""enum labels ui-derived from stringTable delayTime0-100Table""]","{""file"": ""original-roland-files/Script/A8EE/Script.xml"", ""line"": 9894}"
fm.pat.cho.chorus-rateSync,1F 00 04 10,int4x4,4,"[32768, 32769]",32768,PatchCommonChorus,chorus:chorus,script,,,,,[],"{""file"": ""original-roland-files/Script/A8EE/Script.xml"", ""line"": 9902}"
fm.pat.cho.chorus-rateHz,1F 00 04 14,int4x4,4,"[32769, 32968]",32808,PatchCommonChorus,chorus:chorus,script,-32768,"[""0.05"", ""0.10"", ""0.15"", ""0.20"", ""0.25"", ""0.30"", ""0.35"", ""0.40"", ""0.45"", ""0.50"", ""0.55"", ""0.60"", ""0.65"", ""0.70"", ""0.75"", ""0.80"", ""0.85"", ""0.90"", ""0.95"", ""1.00"", ""1.05"", ""1.10"", ""1.15"", ""1.20"", ""1.25"", ""1.30"", ""1.35"", ""1.40"", ""1.45"", ""1.50"", ""1.55"", ""1.60"", ""1.65"", ""1.70"", ""1.75"", ""1.80"", ""1.85"", ""1.90"", ""1.95"", ""2.00"", ""2.05"", ""2.10"", ""2.15"", ""2.20"", ""2.25"", ""2.30"", ""2.35"", ""2.40"", ""2.45"", ""2.50"", ""2.55"", ""2.60"", ""2.65"", ""2.70"", ""2.75"", ""2.80"", ""2.85"", ""2.90"", ""2.95"", ""3.00"", ""3.05"", ""3.10"", ""3.15"", ""3.20"", ""3.25"", ""3.30"", ""3.35"", ""3.40"", ""3.45"", ""3.50"", ""3.55"", ""3.60"", ""3.65"", ""3.70"", ""3.75"", ""3.80"", ""3.85"", ""3.90"", ""3.95"", ""4.00"", ""4.05"", ""4.10"", ""4.15"", ""4.20"", ""4.25"", ""4.30"", ""4.35"", ""4.40"", ""4.45"", ""4.50"", ""4.55"", ""4.60"", ""4.65"", ""4.70"", ""4.75"", ""4.80"", ""4.85"", ""4.90"", ""4.95"", ""5.00"", ""5.05"", ""5.10"", ""5.15"", ""5.20"", ""5.25"", ""5.30"", ""5.35"", ""5.40"", ""5.45"", ""5.50"", ""5.55"", ""5.60"", ""5.65"", ""5.70"", ""5.75"", ""5.80"", ""5.85"", ""5.90"", ""5.95"", ""6.00"", ""6.05"", ""6.10"", ""6.15"", ""6.20"", ""6.25"", ""6.30"", ""6.35"", ""6.40"", ""6.45"", ""6.50"", ""6.55"", ""6.60"", ""6.65"", ""6.70"", ""6.75"", ""6.80"", ""6.85"", ""6.90"", ""6.95"", ""7.00"", ""7.05"", ""7.10"", ""7.15"", ""7.20"", ""7.25"", ""7.30"", ""7.35"", ""7.40"", ""7.45"", ""7.50"", ""7.55"", ""7.60"", ""7.65"", ""7.70"", ""7.75"", ""7.80"", ""7.85"", ""7.90"", ""7.95"", ""8.00"", ""8.05"", ""8.10"", ""8.15"", ""8.20"", ""8.25"", ""8.30"", ""8.35"", ""8.40"", ""8.45"", ""8.50"", ""8.55"", ""8.60"", ""8.65"", ""8.70"", ""8.75"", ""8.80"", ""8.85"", ""8.90"", ""8.95"", ""9.00"", ""9.05"", ""9.10"", ""9.15"", ""9.20"", ""9.25"", ""9.30"", ""9.35"", ""9.40"", ""9.45"", ""9.50"", ""9.55"", ""9.60"", ""9.65"", ""9.70"", ""9.75"", ""9.80"", ""9.85"", ""9.90"", ""9.95"", ""10.00""]",,,"[""enum labels ui-derived from stringTable rateHz-10.00Table""]","{""file"": ""original-roland-files/Script/A8EE/Script.xml"", ""line"": 9910}"
fm.pat.cho.chorus-rateNote,1F 00 04 18,int4x4,4,"[32768, 32789]",32780,PatchCommonChorus,chorus:chorus,script,,,,,[],"{""file"": ""original-roland-files/Script/A8EE/Script.xml"", ""line"": 9918}"
fm.pat.cho.chorus-depth,1F 00 04 1C,int4x4,4,"[32768, 32895]",32788,PatchCommonChorus,chorus:chorus,script,-32768,,,,[],"{""file"": ""original-roland-files/Script/A8EE/Script.xml"", ""line"": 9926}"
fm.pat.cho.chorus-phs,1F 00 04 20,int4x4,4,"[32768, 32858]",32858,PatchCommonChorus,chorus:chorus,script,-32768,,,,[],"{""file"": ""original-roland-files/Script/A8EE/Script.xml"", ""line"": 9934}"
fm.pat.cho.chorus-fb,1F 00 04 24,int4x4,4,"[32768, 32895]",32768,PatchCommonChorus,chorus:chorus,script,-32768,,,,[],"{""file"": ""original-roland-files/Script/A8EE/Script.xml"", ""line"": 9942}"
fm.pat.cho.delay-dlyLSync,1F 00 04 04,int4x4,4,"[32768, 32769]",32768,PatchCommonChorus,chorus:delay,script,,,,,[],"{""file"": ""original-roland-files/Script/A8EE/Script.xml"", ""line"": 9950}"
fm.pat.cho.delay-dlyLMsec,1F 00 04 08,int4x4,4,"[32768, 33768]",32768,PatchCommonChorus,chorus:delay,script,-32768,,,,[],"{""file"": ""original-roland-files/Script/A8EE/Script.xml"", ""line"": 9958}"
fm.pat.cho.delay-dlyLNote,1F 00 04 0C,int4x4,4,"[32768, 32789]",32780,PatchCommonChorus,chorus:delay,script,,,,,[],"{""file"": ""original-roland-files/Script/A8EE/Script.xml"", ""line"": 9966}"
fm.pat.cho.delay-dlyRSync,1F 00 04 10,int4x4,4,"[32768, 32769]",32768,PatchCommonChorus,chorus:delay,script,,,,,[],"{""file"": ""original-roland-files/Script/A8EE/Script.xml"", ""line"": 9974}"
fm.pat.cho.delay-dlyRMsec,1F 00 04 14,int4x4,4,"[32768, 33768]",32768,PatchCommonChorus,chorus:delay,script,-32768,,,,[],"{""file"": ""original-roland-files/Script/A8EE/Script.xml"", ""line"": 9982}"
fm.pat.cho.delay-dlyRNote,1F 00 04 18,int4x4,4,"[32768, 32789]",32780,PatchCommonChorus,chorus:delay,script,,,,,[],"{""file"": ""original-roland-files/Script/A8EE/Script.xml"", ""line"": 9990}"
fm.pat.cho.delay-dlyCSync,1F 00 04 1C,int4x4,4,"[32768, 32769]",32768,PatchCommonChorus,chorus:delay,script,,,,,[],"{""file"": ""original-roland-files/Script/A8EE/Script.xml"", ""line"": 9998}"
fm.pat.cho.delay-dlyCMsec,1F 00 04 20,int4x4,4,"[32768, 33768]",32768,PatchCommonChorus,chorus:delay,script,-32768,,,,[],"{""file"": ""original-roland-files/Script/A8EE/Script.xml"", ""line"": 10006}"
fm.pat.cho.delay-dlyCNote,1F 00 04 24,int4x4,4,"[32768, 32789]",32780,PatchCommonChorus,chorus:delay,script,,,,,[],"{""file"": ""original-roland-files/Script/A8EE/Script.xml"", ""line"": 10014}"
fm.pat.cho.delay-fbk,1F 00 04 28,int4x4,4,"[32768, 32866]",32827,PatchCommonChorus,chorus:delay,script,-32768,"[""-98%"", ""-96%"", ""-94%"", ""-92%"", ""-90%"", ""-88%"", ""-86%"", ""-84%"", ""-82%"", ""-80%"", ""-78%"", ""-76%"", ""-74%"", ""-72%"", ""-70%"", ""-68%"", ""-66%"", ""-64%"", ""-62%"", ""-60%"", ""-58%"", ""-56%"", ""-54%"", ""-52%"", ""-50%"", ""-48%"", ""-46%"", ""-44%"", ""-42%"", ""-40%"", ""-38%"", ""-36%"", ""-34%"", ""-32%"", ""-30%"", ""-28%"", ""-26%"", ""-24%"", ""-22%"", ""-20%"", ""-18%"", ""-16%"", ""-14%"", ""-12%"", ""-10%"", ""-8%"", ""-6%"", ""-4%"", ""-2%"", ""0%"", ""+2%"", ""+4%"", ""+6%"", ""+8%"", ""+10%"", ""+12%"", ""+14%"", ""+16%"", ""+18%"", ""+20%"", ""+22%"", ""+24%"", ""+26%"", ""+28%"", ""+30%"", ""+32%"", ""+34%"", ""+36%"", ""+38%"", ""+40%"", ""+42%"", ""+44%"", ""+46%"", ""+48%"", ""+50%"", ""+52%"", ""+54%"", ""+56%"", ""+58%"", ""+60%"", ""+62%"", ""+64%"", ""+66%"", ""+68%"", ""+70%"", ""+72%"", ""+74%"", ""+76%"", ""+78%"", ""+80%"", ""+82%"", ""+84%"", ""+86%"", ""+88%"", ""+90%"", ""+92%"", ""+94%"", ""+96%"", ""+98%""]",,,"[""enum labels ui-derived from stringTable fbkTable""]","{""file"": ""original-roland-files/Script/A8EE/Script.xml"", ""line"": 10022}"
fm.pat.cho.delay-hfDamp,1F 00 04 2C,int4x4,4,"[32768, 32785]",32785,PatchCommonChorus,chorus:delay,script,-32768,"[""200 Hz"", ""250 Hz"", ""315 Hz"", ""400 Hz"", ""500 Hz"", ""630 Hz"", ""800 Hz"", ""1000 Hz"", ""1250 Hz"", ""1600 Hz"", ""2000 Hz"", ""2500 Hz"", ""3150 Hz"", ""4000 Hz"", ""5000 Hz"", ""6300 Hz"", ""8000 Hz"", ""BYPASS""]",,,"[""enum labels ui-derived from stringTable freq200-BypassTable""]","{""file"": ""original-roland-files/Script/A8EE/Script.xml"", ""line"": 10030}"
fm.pat.cho.delay-levelL,1F 00 04 30,int4x4,4,"[32768, 32895]",32895,PatchCommonChorus,chorus:delay,script,-32768,,,,[],"{""file"": ""original-roland-files/Script/A8EE/Script.xml"", ""line"": 10038}"
fm.pat.cho.delay-levelR,1F 00 04 34,int4x4,4,"[32768, 32895]",32895,PatchCommonChorus,chorus:delay,script,-32768,,,,[],"{""file"": ""original-roland-files/Script/A8EE/Script.xml"", ""line"": 10046}"
fm.pat.cho.delay-levelC,1F 00 04 38,int4x4,4,"[32768, 32895]",32895,PatchCommonChorus,chorus:delay,script,-32768,,,,[],"{""file"": ""original-roland-files/Script/A8EE/Script.xml"", ""line"": 10054}"
fm.pat.cho.gm2Chorus-preLpf,1F 00 04 04,int4x4,4,"[32768, 32775]",32768,PatchCommonChorus,,script,,,,,"[""unreachable: in no *ValuePathTable group; outside effect-type range""]","{""file"": ""original-roland-files/Script/A8EE/Script.xml"", ""line"": 10062}"
fm.pat.cho.gm2Chorus-level,1F 00 04 08,int4x4,4,"[32768, 32895]",32832,PatchCommonChorus,,script,,,,,"[""unreachable: in no *ValuePathTable group; outside effect-type range""]","{""file"": ""original-roland-files/Script/A8EE/Script.xml"", ""line"": 10070}"
fm.pat.cho.gm2Chorus-fb,1F 00 04 0C,int4x4,4,"[32768, 32895]",32776,PatchCommonChorus,,script,,,,,"[""unreachable: in no *ValuePathTable group; outside effect-type range""]","{""file"": ""original-roland-files/Script/A8EE/Script.xml"", ""line"": 10078}"
fm.pat.cho.gm2Chorus-delay,1F 00 04 10,int4x4,4,"[32768, 32895]",32848,PatchCommonChorus,,script,,,,,"[""unreachable: in no *ValuePathTable group; outside effect-type range""]","{""file"": ""original-roland-files/Script/A8EE/Script.xml"", ""line"": 10086}"
fm.pat.cho.gm2Chorus-rate,1F 00 04 14,int4x4,4,"[32768, 32895]",32771,PatchCommonChorus,,script,,,,,"[""unreachable: in no *ValuePathTable group; outside effect-type range""]","{""file"": ""original-roland-files/Script/A8EE/Script.xml"", ""line"": 10094}"
fm.pat.cho.gm2Chorus-depth,1F 00 04 18,int4x4,4,"[32768, 32895]",32787,PatchCommonChorus,,script,,,,,"[""unreachable: in no *ValuePathTable group; outside effect-type range""]","{""file"": ""original-roland-files/Script/A8EE/Script.xml"", ""line"": 10102}"
fm.pat.cho.gm2Chorus-revSend,1F 00 04 1C,int4x4,4,"[32768, 32895]",32768,PatchCommonChorus,,script,,,,,"[""unreachable: in no *ValuePathTable group; outside effect-type range""]","{""file"": ""original-roland-files/Script/A8EE/Script.xml"", ""line"": 10110}"
fm.pat.rev.reverbType,1F 00 06 00,int1x7,1,"[0, 4]",0,PatchCommonReverb,,script+doc,,"[""OFF"", ""REVERB"", ""SRV ROOM"", ""SRV HALL"", ""SRV PLATE""]",,Reverb Type (0~4),"[""enum labels ui-derived from stringTable reverbTypeTable""]","{""file"": ""original-roland-files/Script/A8EE/Script.xml"", ""line"": 10127}"
fm.pat.rev.reverbLevel,1F 00 06 01,int1x7,1,"[0, 127]",127,PatchCommonReverb,,script+doc,,,,Reverb Level (0~127),[],"{""file"": ""original-roland-files/Script/A8EE/Script.xml"", ""line"": 10135}"
fm.pat.rev.reverbOutputAssign,1F 00 06 02,int1x7,1,"[0, 3]",0,PatchCommonReverb,,script+doc,,,,Reverb Output Assign <*> ) (0~3,[],"{""file"": ""original-roland-files/Script/A8EE/Script.xml"", ""line"": 10143}"
fm.pat.rev.reverbParameter1,1F 00 06 03,int4x4,4,"[12768, 52768]",32768,PatchCommonReverb,,script+doc,,,,,[],"{""file"": ""original-roland-files/Script/A8EE/Script.xml"", ""line"": 10151}"
fm.pat.rev.reverbParameter2,1F 00 06 07,int4x4,4,"[12768, 52768]",32768,PatchCommonReverb,,script+doc,,,,,[],"{""file"": ""original-roland-files/Script/A8EE/Script.xml"", ""line"": 10159}"
fm.pat.rev.reverbParameter3,1F 00 06 0B,int4x4,4,"[12768, 52768]",32768,PatchCommonReverb,,script+doc,,,,,[],"{""file"": ""original-roland-files/Script/A8EE/Script.xml"", ""line"": 10167}"
fm.pat.rev.reverbParameter4,1F 00 06 0F,int4x4,4,"[12768, 52768]",32768,PatchCommonReverb,,script+doc,,,,,[],"{""file"": ""original-roland-files/Script/A8EE/Script.xml"", ""line"": 10175}"
fm.pat.rev.reverbParameter5,1F 00 06 13,int4x4,4,"[12768, 52768]",32768,PatchCommonReverb,,script+doc,,,,,[],"{""file"": ""original-roland-files/Script/A8EE/Script.xml"", ""line"": 10183}"
fm.pat.rev.reverbParameter6,1F 00 06 17,int4x4,4,"[12768, 52768]",32768,PatchCommonReverb,,script+doc,,,,,[],"{""file"": ""original-roland-files/Script/A8EE/Script.xml"", ""line"": 10191}"
fm.pat.rev.reverbParameter7,1F 00 06 1B,int4x4,4,"[12768, 52768]",32768,PatchCommonReverb,,script+doc,,,,,[],"{""file"": ""original-roland-files/Script/A8EE/Script.xml"", ""line"": 10199}"
fm.pat.rev.reverbParameter8,1F 00 06 1F,int4x4,4,"[12768, 52768]",32768,PatchCommonReverb,,script+doc,,,,,[],"{""file"": ""original-roland-files/Script/A8EE/Script.xml"", ""line"": 10207}"
fm.pat.rev.reverbParameter9,1F 00 06 23,int4x4,4,"[12768, 52768]",32768,PatchCommonReverb,,script+doc,,,,,[],"{""file"": ""original-roland-files/Script/A8EE/Script.xml"", ""line"": 10215}"
fm.pat.rev.reverbParameter10,1F 00 06 27,int4x4,4,"[12768, 52768]",32768,PatchCommonReverb,,script+doc,,,,,[],"{""file"": ""original-roland-files/Script/A8EE/Script.xml"", ""line"": 10223}"
fm.pat.rev.reverbParameter11,1F 00 06 2B,int4x4,4,"[12768, 52768]",32768,PatchCommonReverb,,script+doc,,,,,[],"{""file"": ""original-roland-files/Script/A8EE/Script.xml"", ""line"": 10231}"
fm.pat.rev.reverbParameter12,1F 00 06 2F,int4x4,4,"[12768, 52768]",32768,PatchCommonReverb,,script+doc,,,,,[],"{""file"": ""original-roland-files/Script/A8EE/Script.xml"", ""line"": 10239}"
fm.pat.rev.reverbParameter13,1F 00 06 33,int4x4,4,"[12768, 52768]",32768,PatchCommonReverb,,script+doc,,,,,[],"{""file"": ""original-roland-files/Script/A8EE/Script.xml"", ""line"": 10247}"
fm.pat.rev.reverbParameter14,1F 00 06 37,int4x4,4,"[12768, 52768]",32768,PatchCommonReverb,,script+doc,,,,,[],"{""file"": ""original-roland-files/Script/A8EE/Script.xml"", ""line"": 10255}"
fm.pat.rev.reverbParameter15,1F 00 06 3B,int4x4,4,"[12768, 52768]",32768,PatchCommonReverb,,script+doc,,,,,[],"{""file"": ""original-roland-files/Script/A8EE/Script.xml"", ""line"": 10263}"
fm.pat.rev.reverbParameter16,1F 00 06 3F,int4x4,4,"[12768, 52768]",32768,PatchCommonReverb,,script+doc,,,,,[],"{""file"": ""original-roland-files/Script/A8EE/Script.xml"", ""line"": 10271}"
fm.pat.rev.reverbParameter17,1F 00 06 43,int4x4,4,"[12768, 52768]",32768,PatchCommonReverb,,script+doc,,,,,[],"{""file"": ""original-roland-files/Script/A8EE/Script.xml"", ""line"": 10279}"
fm.pat.rev.reverbParameter18,1F 00 06 47,int4x4,4,"[12768, 52768]",32768,PatchCommonReverb,,script+doc,,,,,[],"{""file"": ""original-roland-files/Script/A8EE/Script.xml"", ""line"": 10287}"
fm.pat.rev.reverbParameter19,1F 00 06 4B,int4x4,4,"[12768, 52768]",32768,PatchCommonReverb,,script+doc,,,,,[],"{""file"": ""original-roland-files/Script/A8EE/Script.xml"", ""line"": 10295}"
fm.pat.rev.reverbParameter20,1F 00 06 4F,int4x4,4,"[12768, 52768]",32768,PatchCommonReverb,,script+doc,,,,,[],"{""file"": ""original-roland-files/Script/A8EE/Script.xml"", ""line"": 10303}"
fm.pat.rev.reverb-type,1F 00 06 03,int4x4,4,"[32768, 32775]",32771,PatchCommonReverb,reverb:reverb,script,,"[""ROOM1"", ""ROOM2"", ""STAGE1"", ""STAGE2"", ""HALL1"", ""HALL2"", ""DELAY"", ""PAN-DELAY""]",,,"[""enum labels ui-derived from stringTable mfxReverbTypeTable""]","{""file"": ""original-roland-files/Script/A8EE/Script.xml"", ""line"": 10311}"
fm.pat.rev.reverb-time,1F 00 06 07,int4x4,4,"[32768, 32895]",32852,PatchCommonReverb,reverb:reverb,script,-32768,,,,[],"{""file"": ""original-roland-files/Script/A8EE/Script.xml"", ""line"": 10319}"
fm.pat.rev.reverb-HF,1F 00 06 0B,int4x4,4,"[32768, 32785]",32784,PatchCommonReverb,reverb:reverb,script,-32768,"[""200 Hz"", ""250 Hz"", ""315 Hz"", ""400 Hz"", ""500 Hz"", ""630 Hz"", ""800 Hz"", ""1000 Hz"", ""1250 Hz"", ""1600 Hz"", ""2000 Hz"", ""2500 Hz"", ""3150 Hz"", ""4000 Hz"", ""5000 Hz"", ""6300 Hz"", ""8000 Hz"", ""BYPASS""]",,,"[""enum labels ui-derived from stringTable freq200-BypassTable""]","{""file"": ""original-roland-files/Script/A8EE/Script.xml"", ""line"": 10327}"
fm.pat.rev.reverb-fb,1F 00 06 0F,int4x4,4,"[32768, 32895]",32768,PatchCommonReverb,reverb:reverb,script,-32768,,,,[],"{""file"": ""original-roland-files/Script/A8EE/Script.xml"", ""line"": 10335}"
fm.pat.rev.srvRoom-dly,1F 00 06 03,int4x4,4,"[32768, 32893]",32778,PatchCommonReverb,reverb:srvRoom,script,-32768,"[""0.0 ms"", ""0.1 ms"", ""0.2 ms"", ""0.3 ms"", ""0.4 ms"", ""0.5 ms"", ""0.6 ms"", ""0.7 ms"", ""0.8 ms"", ""0.9 ms"", ""1.0 ms"", ""1.1 ms"", ""1.2 ms"", ""1.3 ms"", ""1.4 ms"", ""1.5 ms"", ""1.6 ms"", ""1.7 ms"", ""1.8 ms"", ""1.9 ms"", ""2.0 ms"", ""2.1 ms"", ""2.2 ms"", ""2.3 ms"", ""2.4 ms"", ""2.5 ms"", ""2.6 ms"", ""2.7 ms"", ""2.8 ms"", ""2.9 ms"", ""3.0 ms"", ""3.1 ms"", ""3.2 ms"", ""3.3 ms"", ""3.4 ms"", ""3.5 ms"", ""3.6 ms"", ""3.7 ms"", ""3.8 ms"", ""3.9 ms"", ""4.0 ms"", ""4.1 ms"", ""4.2 ms"", ""4.3 ms"", ""4.4 ms"", ""4.5 ms"", ""4.6 ms"", ""4.7 ms"", ""4.8 ms"", ""4.9 ms"", ""5.0 ms"", ""5.5 ms"", ""6.0 ms"", ""6.5 ms"", ""7.0 ms"", ""7.5 ms"", ""8.0 ms"", ""8.5 ms"", ""9.0 ms"", ""9.5 ms"", ""10.0 ms"", ""11.0 ms"", ""12.0 ms"", ""13.0 ms"", ""14.0 ms"", ""15.0 ms"", ""16.0 ms"", ""17.0 ms"", ""18.0 ms"", ""19.0 ms"", ""20.0 ms"", ""21.0 ms"", ""22.0 ms"", ""23.0 ms"", ""24.0 ms"", ""25.0 ms"", ""26.0 ms"", ""27.0 ms"", ""28.0 ms"", ""29.0 ms"", ""30.0 ms"", ""31.0 ms"", ""32.0 ms"", ""33.0 ms"", ""34.0 ms"", ""35.0 ms"", ""36.0 ms"", ""37.0 ms"", ""38.0 ms"", ""39.0 ms"", ""40.0 ms"", ""41.0 ms"", ""42.0 ms"", ""43.0 ms"", ""44.0 ms"", ""45.0 ms"", ""46.0 ms"", ""47.0 ms"", ""48.0 ms"", ""49.0 ms"", ""50.0 ms"", ""52.0 ms"", ""54.0 ms"", ""56.0 ms"", ""58.0 ms"", ""60.0 ms"", ""62.0 ms"", ""64.0 ms"", ""66.0 ms"", ""68.0 ms"", ""70.0 ms"", ""72.0 ms"", ""74.0 ms"", ""76.0 ms"", ""78.0 ms"", ""80.0 ms"", ""82.0 ms"", ""84.0 ms"", ""86.0 ms"", ""88.0 ms"", ""90.0 ms"", ""92.0 ms"", ""94.0 ms"", ""96.0 ms"", ""98.0 ms"", ""100.0 ms""]",,,"[""enum labels ui-derived from stringTable delayTime0-100Table""]","{""file"": ""original-roland-files/Script/A8EE/Script.xml"", ""line"": 10343}"
fm.pat.rev.srvRoom-tm,1F 00 06 07,int4x4,4,"[32768, 32895]",32832,PatchCommonReverb,reverb:srvRoom,script,-32768,,,,[],"{""file"": ""original-roland-files/Script/A8EE/Script.xml"", ""line"": 10351}"
fm.pat.rev.srvRoom-size,1F 00 06 0B,int4x4,4,"[32768, 32775]",32775,PatchCommonReverb,reverb:srvRoom,script,-32767,,,,[],"{""file"": ""original-roland-files/Script/A8EE/Script.xml"", ""line"": 10359}"
fm.pat.rev.srvRoom-hicut,1F 00 06 0F,int4x4,4,"[32768, 32788]",32787,PatchCommonReverb,reverb:srvRoom,script,-32768,"[""160 Hz"", ""200 Hz"", ""250 Hz"", ""320 Hz"", ""400 Hz"", ""500 Hz"", ""640 Hz"", ""800 Hz"", ""1000 Hz"", ""1250 Hz"", ""1600 Hz"", ""2000 Hz"", ""2500 Hz"", ""3200 Hz"", ""4000 Hz"", ""5000 Hz"", ""6400 Hz"", ""8000 Hz"", ""10000 Hz"", ""12500 Hz"", ""BYPASS""]",,,"[""enum labels ui-derived from stringTable hiCutTable""]","{""file"": ""original-roland-files/Script/A8EE/Script.xml"", ""line"": 10367}"
fm.pat.rev.srvRoom-dnsty,1F 00 06 13,int4x4,4,"[32768, 32895]",32895,PatchCommonReverb,reverb:srvRoom,script,-32768,,,,[],"{""file"": ""original-roland-files/Script/A8EE/Script.xml"", ""line"": 10375}"
fm.pat.rev.srvRoom-dfsn,1F 00 06 17,int4x4,4,"[32768, 32895]",32895,PatchCommonReverb,reverb:srvRoom,script,-32768,,,,[],"{""file"": ""original-roland-files/Script/A8EE/Script.xml"", ""line"": 10383}"
fm.pat.rev.srvRoom-lfdmpf,1F 00 06 1B,int4x4,4,"[32768, 32787]",32787,PatchCommonReverb,reverb:srvRoom,script,-32768,"[""50 Hz"", ""64 Hz"", ""80 Hz"", ""100 Hz"", ""125 Hz"", ""160 Hz"", ""200 Hz"", ""250 Hz"", ""320 Hz"", ""400 Hz"", ""500 Hz"", ""640 Hz"", ""800 Hz"", ""1000 Hz"", ""1250 Hz"", ""1600 Hz"", ""2000 Hz"", ""2500 Hz"", ""3200 Hz"", ""4000 Hz""]",,,"[""enum labels ui-derived from stringTable lfDampFreqTable""]","{""file"": ""original-roland-files/Script/A8EE/Script.xml"", ""line"": 10391}"
fm.pat.rev.srvRoom-lfdmpg,1F 00 06 1F,int4x4,4,"[32768, 32804]",32804,PatchCommonReverb,reverb:srvRoom,script,-32768,"[""-36 dB"", ""-35 dB"", ""-34 dB"", ""-33 dB"", ""-32 dB"", ""-31 dB"", ""-30 dB"", ""-29 dB"", ""-28 dB"", ""-27 dB"", ""-26 dB"", ""-25 dB"", ""-24 dB"", ""-23 dB"", ""-22 dB"", ""-21 dB"", ""-20 dB"", ""-19 dB"", ""-18 dB"", ""-17 dB"", ""-16 dB"", ""-15 dB"", ""-14 dB"", ""-13 dB"", ""-12 dB"", ""-11 dB"", ""-10 dB"", ""-9 dB"", ""-8 dB"", ""-7 dB"", ""-6 dB"", ""-5 dB"", ""-4 dB"", ""-3 dB"", ""-2 dB"", ""-1 dB"", ""0 dB""]",,,"[""enum labels ui-derived from stringTable dampGainTable""]","{""file"": ""original-roland-files/Script/A8EE/Script.xml"", ""line"": 10399}"
fm.pat.rev.srvRoom-HFDmpF,1F 00 06 23,int4x4,4,"[32768, 32773]",32768,PatchCommonReverb,reverb:srvRoom,script,-32768,"[""4000 Hz"", ""5000 Hz"", ""6400 Hz"", ""8000 Hz"", ""10000 Hz"", ""12500 Hz""]",,,"[""enum labels ui-derived from stringTable hfDampFreqTable""]","{""file"": ""original-roland-files/Script/A8EE/Script.xml"", ""line"": 10407}"
fm.pat.rev.srvRoom-HFDmpG,1F 00 06 27,int4x4,4,"[32768, 32804]",32804,PatchCommonReverb,reverb:srvRoom,script,-32768,"[""-36 dB"", ""-35 dB"", ""-34 dB"", ""-33 dB"", ""-32 dB"", ""-31 dB"", ""-30 dB"", ""-29 dB"", ""-28 dB"", ""-27 dB"", ""-26 dB"", ""-25 dB"", ""-24 dB"", ""-23 dB"", ""-22 dB"", ""-21 dB"", ""-20 dB"", ""-19 dB"", ""-18 dB"", ""-17 dB"", ""-16 dB"", ""-15 dB"", ""-14 dB"", ""-13 dB"", ""-12 dB"", ""-11 dB"", ""-10 dB"", ""-9 dB"", ""-8 dB"", ""-7 dB"", ""-6 dB"", ""-5 dB"", ""-4 dB"", ""-3 dB"", ""-2 dB"", ""-1 dB"", ""0 dB""]",,,"[""enum labels ui-derived from stringTable dampGainTable""]","{""file"": ""original-roland-files/Script/A8EE/Script.xml"", ""line"": 10415}"
fm.pat.rev.srvHall-dly,1F 00 06 03,int4x4,4,"[32768, 32893]",32778,PatchCommonReverb,reverb:srvHall,script,-32768,"[""0.0 ms"", ""0.1 ms"", ""0.2 ms"", ""0.3 ms"", ""0.4 ms"", ""0.5 ms"", ""0.6 ms"", ""0.7 ms"", ""0.8 ms"", ""0.9 ms"", ""1.0 ms"", ""1.1 ms"", ""1.2 ms"", ""1.3 ms"", ""1.4 ms"", ""1.5 ms"", ""1.6 ms"", ""1.7 ms"", ""1.8 ms"", ""1.9 ms"", ""2.0 ms"", ""2.1 ms"", ""2.2 ms"", ""2.3 ms"", ""2.4 ms"", ""2.5 ms"", ""2.6 ms"", ""2.7 ms"", ""2.8 ms"", ""2.9 ms"", ""3.0 ms"", ""3.1 ms"", ""3.2 ms"", ""3.3 ms"", ""3.4 ms"", ""3.5 ms"", ""3.6 ms"", ""3.7 ms"", ""3.8 ms"", ""3.9 ms"", ""4.0 ms"", ""4.1 ms"", ""4.2 ms"", ""4.3 ms"", ""4.4 ms"", ""4.5 ms"", ""4.6 ms"", ""4.7 ms"", ""4.8 ms"", ""4.9 ms"", ""5.0 ms"", ""5.5 ms"", ""6.0 ms"", ""6.5 ms"", ""7.0 ms"", ""7.5 ms"", ""8.0 ms"", ""8.5 ms"", ""9.0 ms"", ""9.5 ms"", ""10.0 ms"", ""11.0 ms"", ""12.0 ms"", ""13.0 ms"", ""14.0 ms"", ""15.0 ms"", ""16.0 ms"", ""17.0 ms"", ""18.0 ms"", ""19.0 ms"", ""20.0 ms"", ""21.0 ms"", ""22.0 ms"", ""23.0 ms"", ""24.0 ms"", ""25.0 ms"", ""26.0 ms"", ""27.0 ms"", ""28.0 ms"", ""29.0 ms"", ""30.0 ms"", ""31.0 ms"", ""32.0 ms"", ""33.0 ms"", ""34.0 ms"", ""35.0 ms"", ""36.0 ms"", ""37.0 ms"", ""38.0 ms"", ""39.0 ms"", ""40.0 ms"", ""41.0 ms"", ""42.0 ms"", ""43.0 ms"", ""44.0 ms"", ""45.0 ms"", ""46.0 ms"", ""47.0 ms"", ""48.0 ms"", ""49.0 ms"", ""50.0 ms"", ""52.0 ms"", ""54.0 ms"", ""56.0 ms"", ""58.0 ms"", ""60.0 ms"", ""62.0 ms"", ""64.0 ms"", ""66.0 ms"", ""68.0 ms"", ""70.0 ms"", ""72.0 ms"", ""74.0 ms"", ""76.0 ms"", ""78.0 ms"", ""80.0 ms"", ""82.0 ms"", ""84.0 ms"", ""86.0 ms"", ""88.0 ms"", ""90.0 ms"", ""92.0 ms"", ""94.0 ms"", ""96.0 ms"", ""98.0 ms"", ""100.0 ms""]",,,"[""enum labels ui-derived from stringTable delayTime0-100Table""]","{""file"": ""original-roland-files/Script/A8EE/Script.xml"", ""line"": 10423}"
fm.pat.rev.srvHall-tm,1F 00 06 07,int4x4,4,"[32768, 32895]",32832,PatchCommonReverb,reverb:srvHall,script,-32768,,,,[],"{""file"": ""original-roland-files/Script/A8EE/Script.xml"", ""line"": 10431}"
fm.pat.rev.srvHall-size,1F 00 06 0B,int4x4,4,"[32768, 32775]",32775,PatchCommonReverb,reverb:srvHall,script,-32767,,,,[],"{""file"": ""original-roland-files/Script/A8EE/Script.xml"", ""line"": 10439}"
fm.pat.rev.srvHall-hicut,1F 00 06 0F,int4x4,4,"[32768, 32788]",32787,PatchCommonReverb,reverb:srvHall,script,-32768,"[""160 Hz"", ""200 Hz"", ""250 Hz"", ""320 Hz"", ""400 Hz"", ""500 Hz"", ""640 Hz"", ""800 Hz"", ""1000 Hz"", ""1250 Hz"", ""1600 Hz"", ""2000 Hz"", ""2500 Hz"", ""3200 Hz"", ""4000 Hz"", ""5000 Hz"", ""6400 Hz"", ""8000 Hz"", ""10000 Hz"", ""12500 Hz"", ""BYPASS""]",,,"[""enum labels ui-derived from stringTable hiCutTable""]","{""file"": ""original-roland-files/Script/A8EE/Script.xml"", ""line"": 10447}"
fm.pat.rev.srvHall-dnsty,1F 00 06 13,int4x4,4,"[32768, 32895]",32895,PatchCommonReverb,reverb:srvHall,script,-32768,,,,[],"{""file"": ""original-roland-files/Script/A8EE/Script.xml"", ""line"": 10455}"
fm.pat.rev.srvHall-dfsn,1F 00 06 17,int4x4,4,"[32768, 32895]",32895,PatchCommonReverb,reverb:srvHall,script,-32768,,,,[],"{""file"": ""original-roland-files/Script/A8EE/Script.xml"", ""line"": 10463}"
fm.pat.rev.srvHall-lfdmpf,1F 00 06 1B,int4x4,4,"[32768, 32787]",32787,PatchCommonReverb,reverb:srvHall,script,-32768,"[""50 Hz"", ""64 Hz"", ""80 Hz"", ""100 Hz"", ""125 Hz"", ""160 Hz"", ""200 Hz"", ""250 Hz"", ""320 Hz"", ""400 Hz"", ""500 Hz"", ""640 Hz"", ""800 Hz"", ""1000 Hz"", ""1250 Hz"", ""1600 Hz"", ""2000 Hz"", ""2500 Hz"", ""3200 Hz"", ""4000 Hz""]",,,"[""enum labels ui-derived from stringTable lfDampFreqTable""]","{""file"": ""original-roland-files/Script/A8EE/Script.xml"", ""line"": 10471}"
fm.pat.rev.srvHall-lfdmpg,1F 00 06 1F,int4x4,4,"[32768, 32804]",32804,PatchCommonReverb,reverb:srvHall,script,-32768,"[""-36 dB"", ""-35 dB"", ""-34 dB"", ""-33 dB"", ""-32 dB"", ""-31 dB"", ""-30 dB"", ""-29 dB"", ""-28 dB"", ""-27 dB"", ""-26 dB"", ""-25 dB"", ""-24 dB"", ""-23 dB"", ""-22 dB"", ""-21 dB"", ""-20 dB"", ""-19 dB"", ""-18 dB"", ""-17 dB"", ""-16 dB"", ""-15 dB"", ""-14 dB"", ""-13 dB"", ""-12 dB"", ""-11 dB"", ""-10 dB"", ""-9 dB"", ""-8 dB"", ""-7 dB"", ""-6 dB"", ""-5 dB"", ""-4 dB"", ""-3 dB"", ""-2 dB"", ""-1 dB"", ""0 dB""]",,,"[""enum labels ui-derived from stringTable dampGainTable""]","{""file"": ""original-roland-files/Script/A8EE/Script.xml"", ""line"": 10479}"
fm.pat.rev.srvHall-HFDmpF,1F 00 06 23,int4x4,4,"[32768, 32773]",32768,PatchCommonReverb,reverb:srvHall,script,-32768,"[""4000 Hz"", ""5000 Hz"", ""6400 Hz"", ""8000 Hz"", ""10000 Hz"", ""12500 Hz""]",,,"[""enum labels ui-derived from stringTable hfDampFreqTable""]","{""file"": ""original-roland-files/Script/A8EE/Script.xml"", ""line"": 10487}"
fm.pat.rev.srvHall-HFDmpG,1F 00 06 27,int4x4,4,"[32768, 32804]",32804,PatchCommonReverb,reverb:srvHall,script,-32768,"[""-36 dB"", ""-35 dB"", ""-34 dB"", ""-33 dB"", ""-32 dB"", ""-31 dB"", ""-30 dB"", ""-29 dB"", ""-28 dB"", ""-27 dB"", ""-26 dB"", ""-25 dB"", ""-24 dB"", ""-23 dB"", ""-22 dB"", ""-21 dB"", ""-20 dB"", ""-19 dB"", ""-18 dB"", ""-17 dB"", ""-16 dB"", ""-15 dB"", ""-14 dB"", ""-13 dB"", ""-12 dB"", ""-11 dB"", ""-10 dB"", ""-9 dB"", ""-8 dB"", ""-7 dB"", ""-6 dB"", ""-5 dB"", ""-4 dB"", ""-3 dB"", ""-2 dB"", ""-1 dB"", ""0 dB""]",,,"[""enum labels ui-derived from stringTable dampGainTable""]","{""file"": ""original-roland-files/Script/A8EE/Script.xml"", ""line"": 10495}"
fm.pat.rev.srvPlate-dly,1F 00 06 03,int4x4,4,"[32768, 32893]",32778,PatchCommonReverb,reverb:srvPlate,script,-32768,"[""0.0 ms"", ""0.1 ms"", ""0.2 ms"", ""0.3 ms"", ""0.4 ms"", ""0.5 ms"", ""0.6 ms"", ""0.7 ms"", ""0.8 ms"", ""0.9 ms"", ""1.0 ms"", ""1.1 ms"", ""1.2 ms"", ""1.3 ms"", ""1.4 ms"", ""1.5 ms"", ""1.6 ms"", ""1.7 ms"", ""1.8 ms"", ""1.9 ms"", ""2.0 ms"", ""2.1 ms"", ""2.2 ms"", ""2.3 ms"", ""2.4 ms"", ""2.5 ms"", ""2.6 ms"", ""2.7 ms"", ""2.8 ms"", ""2.9 ms"", ""3.0 ms"", ""3.1 ms"", ""3.2 ms"", ""3.3 ms"", ""3.4 ms"", ""3.5 ms"", ""3.6 ms"", ""3.7 ms"", ""3.8 ms"", ""3.9 ms"", ""4.0 ms"", ""4.1 ms"", ""4.2 ms"", ""4.3 ms"", ""4.4 ms"", ""4.5 ms"", ""4.6 ms"", ""4.7 ms"", ""4.8 ms"", ""4.9 ms"", ""5.0 ms"", ""5.5 ms"", ""6.0 ms"", ""6.5 ms"", ""7.0 ms"", ""7.5 ms"", ""8.0 ms"", ""8.5 ms"", ""9.0 ms"", ""9.5 ms"", ""10.0 ms"", ""11.0 ms"", ""12.0 ms"", ""13.0 ms"", ""14.0 ms"", ""15.0 ms"", ""16.0 ms"", ""17.0 ms"", ""18.0 ms"", ""19.0 ms"", ""20.0 ms"", ""21.0 ms"", ""22.0 ms"", ""23.0 ms"", ""24.0 ms"", ""25.0 ms"", ""26.0 ms"", ""27.0 ms"", ""28.0 ms"", ""29.0 ms"", ""30.0 ms"", ""31.0 ms"", ""32.0 ms"", ""33.0 ms"", ""34.0 ms"", ""35.0 ms"", ""36.0 ms"", ""37.0 ms"", ""38.0 ms"", ""39.0 ms"", ""40.0 ms"", ""41.0 ms"", ""42.0 ms"", ""43.0 ms"", ""44.0 ms"", ""45.0 ms"", ""46.0 ms"", ""47.0 ms"", ""48.0 ms"", ""49.0 ms"", ""50.0 ms"", ""52.0 ms"", ""54.0 ms"", ""56.0 ms"", ""58.0 ms"", ""60.0 ms"", ""62.0 ms"", ""64.0 ms"", ""66.0 ms"", ""68.0 ms"", ""70.0 ms"", ""72.0 ms"", ""74.0 ms"", ""76.0 ms"", ""78.0 ms"", ""80.0 ms"", ""82.0 ms"", ""84.0 ms"", ""86.0 ms"", ""88.0 ms"", ""90.0 ms"", ""92.0 ms"", ""94.0 ms"", ""96.0 ms"", ""98.0 ms"", ""100.0 ms""]",,,"[""enum labels ui-derived from stringTable delayTime0-100Table""]","{""file"": ""original-roland-files/Script/A8EE/Script.xml"", ""line"": 10503}"
fm.pat.rev.srvPlate-tm,1F 00 06 07,int4x4,4,"[32768, 32895]",32832,PatchCommonReverb,reverb:srvPlate,script,-32768,,,,[],"{""file"": ""original-roland-files/Script/A8EE/Script.xml"", ""line"": 10511}"
fm.pat.rev.srvPlate-size,1F 00 06 0B,int4x4,4,"[32768, 32775]",32775,PatchCommonReverb,reverb:srvPlate,script,-32767,,,,[],"{""file"": ""original-roland-files/Script/A8EE/Script.xml"", ""line"": 10519}"
fm.pat.rev.srvPlate-hicut,1F 00 06 0F,int4x4,4,"[32768, 32788]",32787,PatchCommonReverb,reverb:srvPlate,script,-32768,"[""160 Hz"", ""200 Hz"", ""250 Hz"", ""320 Hz"", ""400 Hz"", ""500 Hz"", ""640 Hz"", ""800 Hz"", ""1000 Hz"", ""1250 Hz"", ""1600 Hz"", ""2000 Hz"", ""2500 Hz"", ""3200 Hz"", ""4000 Hz"", ""5000 Hz"", ""6400 Hz"", ""8000 Hz"", ""10000 Hz"", ""12500 Hz"", ""BYPASS""]",,,"[""enum labels ui-derived from stringTable hiCutTable""]","{""file"": ""original-roland-files/Script/A8EE/Script.xml"", ""line"": 10527}"
fm.pat.rev.srvPlate-dnsty,1F 00 06 13,int4x4,4,"[32768, 32895]",32895,PatchCommonReverb,reverb:srvPlate,script,-32768,,,,[],"{""file"": ""original-roland-files/Script/A8EE/Script.xml"", ""line"": 10535}"
fm.pat.rev.srvPlate-dfsn,1F 00 06 17,int4x4,4,"[32768, 32895]",32895,PatchCommonReverb,reverb:srvPlate,script,-32768,,,,[],"{""file"": ""original-roland-files/Script/A8EE/Script.xml"", ""line"": 10543}"
fm.pat.rev.srvPlate-lfdmpf,1F 00 06 1B,int4x4,4,"[32768, 32787]",32787,PatchCommonReverb,reverb:srvPlate,script,-32768,"[""50 Hz"", ""64 Hz"", ""80 Hz"", ""100 Hz"", ""125 Hz"", ""160 Hz"", ""200 Hz"", ""250 Hz"", ""320 Hz"", ""400 Hz"", ""500 Hz"", ""640 Hz"", ""800 Hz"", ""1000 Hz"", ""1250 Hz"", ""1600 Hz"", ""2000 Hz"", ""2500 Hz"", ""3200 Hz"", ""4000 Hz""]",,,"[""enum labels ui-derived from stringTable lfDampFreqTable""]","{""file"": ""original-roland-files/Script/A8EE/Script.xml"", ""line"": 10551}"
fm.pat.rev.srvPlate-lfdmpg,1F 00 06 1F,int4x4,4,"[32768, 32804]",32804,PatchCommonReverb,reverb:srvPlate,script,-32768,"[""-36 dB"", ""-35 dB"", ""-34 dB"", ""-33 dB"", ""-32 dB"", ""-31 dB"", ""-30 dB"", ""-29 dB"", ""-28 dB"", ""-27 dB"", ""-26 dB"", ""-25 dB"", ""-24 dB"", ""-23 dB"", ""-22 dB"", ""-21 dB"", ""-20 dB"", ""-19 dB"", ""-18 dB"", ""-17 dB"", ""-16 dB"", ""-15 dB"", ""-14 dB"", ""-13 dB"", ""-12 dB"", ""-11 dB"", ""-10 dB"", ""-9 dB"", ""-8 dB"", ""-7 dB"", ""-6 dB"", ""-5 dB"", ""-4 dB"", ""-3 dB"", ""-2 dB"", ""-1 dB"", ""0 dB""]",,,"[""enum labels ui-derived from stringTable dampGainTable""]","{""file"": ""original-roland-files/Script/A8EE/Script.xml"", ""line"": 10559}"
fm.pat.rev.srvPlate-HFDmpF,1F 00 06 23,int4x4,4,"[32768, 32773]",32768,PatchCommonReverb,reverb:srvPlate,script,-32768,"[""4000 Hz"", ""5000 Hz"", ""6400 Hz"", ""8000 Hz"", ""10000 Hz"", ""12500 Hz""]",,,"[""enum labels ui-derived from stringTable hfDampFreqTable""]","{""file"": ""original-roland-files/Script/A8EE/Script.xml"", ""line"": 10567}"
fm.pat.rev.srvPlate-HFDmpG,1F 00 06 27,int4x4,4,"[32768, 32804]",32804,PatchCommonReverb,reverb:srvPlate,script,-32768,"[""-36 dB"", ""-35 dB"", ""-34 dB"", ""-33 dB"", ""-32 dB"", ""-31 dB"", ""-30 dB"", ""-29 dB"", ""-28 dB"", ""-27 dB"", ""-26 dB"", ""-25 dB"", ""-24 dB"", ""-23 dB"", ""-22 dB"", ""-21 dB"", ""-20 dB"", ""-19 dB"", ""-18 dB"", ""-17 dB"", ""-16 dB"", ""-15 dB"", ""-14 dB"", ""-13 dB"", ""-12 dB"", ""-11 dB"", ""-10 dB"", ""-9 dB"", ""-8 dB"", ""-7 dB"", ""-6 dB"", ""-5 dB"", ""-4 dB"", ""-3 dB"", ""-2 dB"", ""-1 dB"", ""0 dB""]",,,"[""enum labels ui-derived from stringTable dampGainTable""]","{""file"": ""original-roland-files/Script/A8EE/Script.xml"", ""line"": 10575}"
fm.pat.rev.gm2Reverb-char,1F 00 06 03,int4x4,4,"[32768, 32775]",32772,PatchCommonReverb,,script,,,,,"[""unreachable: in no *ValuePathTable group; outside effect-type range""]","{""file"": ""original-roland-files/Script/A8EE/Script.xml"", ""line"": 10583}"
fm.pat.rev.gm2Reverb-preLpf,1F 00 06 07,int4x4,4,"[32768, 32775]",32768,PatchCommonReverb,,script,,,,,"[""unreachable: in no *ValuePathTable group; outside effect-type range""]","{""file"": ""original-roland-files/Script/A8EE/Script.xml"", ""line"": 10591}"
fm.pat.rev.gm2Reverb-level,1F 00 06 0B,int4x4,4,"[32768, 32895]",32832,PatchCommonReverb,,script,,,,,"[""unreachable: in no *ValuePathTable group; outside effect-type range""]","{""file"": ""original-roland-files/Script/A8EE/Script.xml"", ""line"": 10599}"
fm.pat.rev.gm2Reverb-time,1F 00 06 0F,int4x4,4,"[32768, 32895]",32832,PatchCommonReverb,,script,,,,,"[""unreachable: in no *ValuePathTable group; outside effect-type range""]","{""file"": ""original-roland-files/Script/A8EE/Script.xml"", ""line"": 10607}"
fm.pat.rev.gm2Reverb-fb,1F 00 06 13,int4x4,4,"[32768, 32895]",32768,PatchCommonReverb,,script,,,,,"[""unreachable: in no *ValuePathTable group; outside effect-type range""]","{""file"": ""original-roland-files/Script/A8EE/Script.xml"", ""line"": 10615}"
fm.pat.tmt.structureType12,1F 00 10 00,int1x7,1,"[0, 9]",0,PatchTMT,,script+doc,1,,,Structure Type 1 & 2 (0~9),[],"{""file"": ""original-roland-files/Script/A8EE/Script.xml"", ""line"": 10631}"
fm.pat.tmt.booster12,1F 00 10 01,int1x7,1,"[0, 3]",0,PatchTMT,,script+doc,,"[""0"", ""+6"", ""+12"", ""+18""]",,Booster 1 & 2 (0~3),"[""enum labels ui-derived from stringTable gain0-6Table""]","{""file"": ""original-roland-files/Script/A8EE/Script.xml"", ""line"": 10639}"
fm.pat.tmt.structureType34,1F 00 10 02,int1x7,1,"[0, 9]",0,PatchTMT,,script+doc,1,,,Structure Type 3 & 4 (0~9),[],"{""file"": ""original-roland-files/Script/A8EE/Script.xml"", ""line"": 10647}"
fm.pat.tmt.booster34,1F 00 10 03,int1x7,1,"[0, 3]",0,PatchTMT,,script+doc,,"[""0"", ""+6"", ""+12"", ""+18""]",,Booster 3 & 4 (0~3),"[""enum labels ui-derived from stringTable gain0-6Table""]","{""file"": ""original-roland-files/Script/A8EE/Script.xml"", ""line"": 10655}"
fm.pat.tmt.tmtVelocityControl,1F 00 10 04,int1x7,1,"[0, 3]",1,PatchTMT,,script+doc,,"[""OFF"", ""ON"", ""RANDOM"", ""CYCLE""]",,TMT Velocity Control (0~3),"[""enum labels ui-derived from stringTable tmtVelocityControlTable""]","{""file"": ""original-roland-files/Script/A8EE/Script.xml"", ""line"": 10663}"
fm.pat.tmt.tmtToneSwitch[0],1F 00 10 05,int1x7,1,"[0, 1]",1,PatchTMT,,script+doc,,,,TMT1 Tone Switch (0~1),[],"{""file"": ""original-roland-files/Script/A8EE/Script.xml"", ""line"": 10671}"
fm.pat.tmt.tmtKeyboardRangeLower[0],1F 00 10 06,int1x7,1,"[0, 127]",0,PatchTMT,,script+doc,,"[""C-1"", ""C#-1"", ""D-1"", ""Eb-1"", ""E-1"", ""F-1"", ""F#-1"", ""G-1"", ""G#-1"", ""A-1"", ""Bb-1"", ""B-1"", ""C0"", ""C#0"", ""D0"", ""Eb0"", ""E0"", ""F0"", ""F#0"", ""G0"", ""G#0"", ""A0"", ""Bb0"", ""B0"", ""C1"", ""C#1"", ""D1"", ""Eb1"", ""E1"", ""F1"", ""F#1"", ""G1"", ""G#1"", ""A1"", ""Bb1"", ""B1"", ""C2"", ""C#2"", ""D2"", ""Eb2"", ""E2"", ""F2"", ""F#2"", ""G2"", ""G#2"", ""A2"", ""Bb2"", ""B2"", ""C3"", ""C#3"", ""D3"", ""Eb3"", ""E3"", ""F3"", ""F#3"", ""G3"", ""G#3"", ""A3"", ""Bb3"", ""B3"", ""C4"", ""C#4"", ""D4"", ""Eb4"", ""E4"", ""F4"", ""F#4"", ""G4"", ""G#4"", ""A4"", ""Bb4"", ""B4"", ""C5"", ""C#5"", ""D5"", ""Eb5"", ""E5"", ""F5"", ""F#5"", ""G5"", ""G#5"", ""A5"", ""Bb5"", ""B5"", ""C6"", ""C#6"", ""D6"", ""Eb6"", ""E6"", ""F6"", ""F#6"", ""G6"", ""G#6"", ""A6"", ""Bb6"", ""B6"", ""C7"", ""C#7"", ""D7"", ""Eb7"", ""E7"", ""F7"", ""F#7"", ""G7"", ""G#7"", ""A7"", ""Bb7"", ""B7"", ""C8"", ""C#8"", ""D8"", ""Eb8"", ""E8"", ""F8"", ""F#8"", ""G8"", ""G#8"", ""A8"", ""Bb8"", ""B8"", ""C9"", ""C#9"", ""D9"", ""Eb9"", ""E9"", ""F9"", ""F#9"", ""G9""]",,TMT1 Keyboard Range Lower (0~127),"[""enum labels ui-derived from stringTable noteTable""]","{""file"": ""original-roland-files/Script/A8EE/Script.xml"", ""line"": 10679}"
fm.pat.tmt.tmtKeyboardRangeUpper[0],1F 00 10 07,int1x7,1,"[0, 127]",127,PatchTMT,,script+doc,,"[""C-1"", ""C#-1"", ""D-1"", ""Eb-1"", ""E-1"", ""F-1"", ""F#-1"", ""G-1"", ""G#-1"", ""A-1"", ""Bb-1"", ""B-1"", ""C0"", ""C#0"", ""D0"", ""Eb0"", ""E0"", ""F0"", ""F#0"", ""G0"", ""G#0"", ""A0"", ""Bb0"", ""B0"", ""C1"", ""C#1"", ""D1"", ""Eb1"", ""E1"", ""F1"", ""F#1"", ""G1"", ""G#1"", ""A1"", ""Bb1"", ""B1"", ""C2"", ""C#2"", ""D2"", ""Eb2"", ""E2"", ""F2"", ""F#2"", ""G2"", ""G#2"", ""A2"", ""Bb2"", ""B2"", ""C3"", ""C#3"", ""D3"", ""Eb3"", ""E3"", ""F3"", ""F#3"", ""G3"", ""G#3"", ""A3"", ""Bb3"", ""B3"", ""C4"", ""C#4"", ""D4"", ""Eb4"", ""E4"", ""F4"", ""F#4"", ""G4"", ""G#4"", ""A4"", ""Bb4"", ""B4"", ""C5"", ""C#5"", ""D5"", ""Eb5"", ""E5"", ""F5"", ""F#5"", ""G5"", ""G#5"", ""A5"", ""Bb5"", ""B5"", ""C6"", ""C#6"", ""D6"", ""Eb6"", ""E6"", ""F6"", ""F#6"", ""G6"", ""G#6"", ""A6"", ""Bb6"", ""B6"", ""C7"", ""C#7"", ""D7"", ""Eb7"", ""E7"", ""F7"", ""F#7"", ""G7"", ""G#7"", ""A7"", ""Bb7"", ""B7"", ""C8"", ""C#8"", ""D8"", ""Eb8"", ""E8"", ""F8"", ""F#8"", ""G8"", ""G#8"", ""A8"", ""Bb8"", ""B8"", ""C9"", ""C#9"", ""D9"", ""Eb9"", ""E9"", ""F9"", ""F#9"", ""G9""]",,TMT1 Keyboard Range Upper (0~127),"[""enum labels ui-derived from stringTable noteTable""]","{""file"": ""original-roland-files/Script/A8EE/Script.xml"", ""line"": 10687}"
fm.pat.tmt.tmtKeyboardFadeWidthLower[0],1F 00 10 08,int1x7,1,"[0, 127]",0,PatchTMT,,script+doc,,,,TMT1 Keyboard Fade Width Lower (0~127),[],"{""file"": ""original-roland-files/Script/A8EE/Script.xml"", ""line"": 10695}"
fm.pat.tmt.tmtKeyboardFadeWidthUpper[0],1F 00 10 09,int1x7,1,"[0, 127]",0,PatchTMT,,script+doc,,,,TMT1 Keyboard Fade Width Upper (0~127),[],"{""file"": ""original-roland-files/Script/A8EE/Script.xml"", ""line"": 10703}"
fm.pat.tmt.tmtVelocityRangeLower[0],1F 00 10 0A,int1x7,1,"[1, 127]",1,PatchTMT,,script+doc,,,,TMT1 Velocity Range Lower (1~127),[],"{""file"": ""original-roland-files/Script/A8EE/Script.xml"", ""line"": 10711}"
fm.pat.tmt.tmtVelocityRangeUpper[0],1F 00 10 0B,int1x7,1,"[1, 127]",127,PatchTMT,,script+doc,,,,TMT1 Velocity Range Upper (1~127),[],"{""file"": ""original-roland-files/Script/A8EE/Script.xml"", ""line"": 10719}"
fm.pat.tmt.tmtVelocityFadeWidthLower[0],1F 00 10 0C,int1x7,1,"[0, 127]",0,PatchTMT,,script+doc,,,,TMT1 Velocity Fade Width Lower (0~127),[],"{""file"": ""original-roland-files/Script/A8EE/Script.xml"", ""line"": 10727}"
fm.pat.tmt.tmtVelocityFadeWidthUpper[0],1F 00 10 0D,int1x7,1,"[0, 127]",0,PatchTMT,,script+doc,,,,TMT1 Velocity Fade Width Upper (0~127),[],"{""file"": ""original-roland-files/Script/A8EE/Script.xml"", ""line"": 10735}"
fm.pat.tmt.tmtToneSwitch[1],1F 00 10 0E,int1x7,1,"[0, 1]",0,PatchTMT,,script+doc,,,,TMT2 Tone Switch (0~1),[],"{""file"": ""original-roland-files/Script/A8EE/Script.xml"", ""line"": 10743}"
fm.pat.tmt.tmtKeyboardRangeLower[1],1F 00 10 0F,int1x7,1,"[0, 127]",0,PatchTMT,,script+doc,,"[""C-1"", ""C#-1"", ""D-1"", ""Eb-1"", ""E-1"", ""F-1"", ""F#-1"", ""G-1"", ""G#-1"", ""A-1"", ""Bb-1"", ""B-1"", ""C0"", ""C#0"", ""D0"", ""Eb0"", ""E0"", ""F0"", ""F#0"", ""G0"", ""G#0"", ""A0"", ""Bb0"", ""B0"", ""C1"", ""C#1"", ""D1"", ""Eb1"", ""E1"", ""F1"", ""F#1"", ""G1"", ""G#1"", ""A1"", ""Bb1"", ""B1"", ""C2"", ""C#2"", ""D2"", ""Eb2"", ""E2"", ""F2"", ""F#2"", ""G2"", ""G#2"", ""A2"", ""Bb2"", ""B2"", ""C3"", ""C#3"", ""D3"", ""Eb3"", ""E3"", ""F3"", ""F#3"", ""G3"", ""G#3"", ""A3"", ""Bb3"", ""B3"", ""C4"", ""C#4"", ""D4"", ""Eb4"", ""E4"", ""F4"", ""F#4"", ""G4"", ""G#4"", ""A4"", ""Bb4"", ""B4"", ""C5"", ""C#5"", ""D5"", ""Eb5"", ""E5"", ""F5"", ""F#5"", ""G5"", ""G#5"", ""A5"", ""Bb5"", ""B5"", ""C6"", ""C#6"", ""D6"", ""Eb6"", ""E6"", ""F6"", ""F#6"", ""G6"", ""G#6"", ""A6"", ""Bb6"", ""B6"", ""C7"", ""C#7"", ""D7"", ""Eb7"", ""E7"", ""F7"", ""F#7"", ""G7"", ""G#7"", ""A7"", ""Bb7"", ""B7"", ""C8"", ""C#8"", ""D8"", ""Eb8"", ""E8"", ""F8"", ""F#8"", ""G8"", ""G#8"", ""A8"", ""Bb8"", ""B8"", ""C9"", ""C#9"", ""D9"", ""Eb9"", ""E9"", ""F9"", ""F#9"", ""G9""]",,TMT2 Keyboard Range Lower (0~127),"[""enum labels ui-derived from stringTable noteTable""]","{""file"": ""original-roland-files/Script/A8EE/Script.xml"", ""line"": 10751}"
fm.pat.tmt.tmtKeyboardRangeUpper[1],1F 00 10 10,int1x7,1,"[0, 127]",127,PatchTMT,,script+doc,,"[""C-1"", ""C#-1"", ""D-1"", ""Eb-1"", ""E-1"", ""F-1"", ""F#-1"", ""G-1"", ""G#-1"", ""A-1"", ""Bb-1"", ""B-1"", ""C0"", ""C#0"", ""D0"", ""Eb0"", ""E0"", ""F0"", ""F#0"", ""G0"", ""G#0"", ""A0"", ""Bb0"", ""B0"", ""C1"", ""C#1"", ""D1"", ""Eb1"", ""E1"", ""F1"", ""F#1"", ""G1"", ""G#1"", ""A1"", ""Bb1"", ""B1"", ""C2"", ""C#2"", ""D2"", ""Eb2"", ""E2"", ""F2"", ""F#2"", ""G2"", ""G#2"", ""A2"", ""Bb2"", ""B2"", ""C3"", ""C#3"", ""D3"", ""Eb3"", ""E3"", ""F3"", ""F#3"", ""G3"", ""G#3"", ""A3"", ""Bb3"", ""B3"", ""C4"", ""C#4"", ""D4"", ""Eb4"", ""E4"", ""F4"", ""F#4"", ""G4"", ""G#4"", ""A4"", ""Bb4"", ""B4"", ""C5"", ""C#5"", ""D5"", ""Eb5"", ""E5"", ""F5"", ""F#5"", ""G5"", ""G#5"", ""A5"", ""Bb5"", ""B5"", ""C6"", ""C#6"", ""D6"", ""Eb6"", ""E6"", ""F6"", ""F#6"", ""G6"", ""G#6"", ""A6"", ""Bb6"", ""B6"", ""C7"", ""C#7"", ""D7"", ""Eb7"", ""E7"", ""F7"", ""F#7"", ""G7"", ""G#7"", ""A7"", ""Bb7"", ""B7"", ""C8"", ""C#8"", ""D8"", ""Eb8"", ""E8"", ""F8"", ""F#8"", ""G8"", ""G#8"", ""A8"", ""Bb8"", ""B8"", ""C9"", ""C#9"", ""D9"", ""Eb9"", ""E9"", ""F9"", ""F#9"", ""G9""]",,TMT2 Keyboard Range Upper (0~127),"[""enum labels ui-derived from stringTable noteTable""]","{""file"": ""original-roland-files/Script/A8EE/Script.xml"", ""line"": 10759}"
fm.pat.tmt.tmtKeyboardFadeWidthLower[1],1F 00 10 11,int1x7,1,"[0, 127]",0,PatchTMT,,script+doc,,,,TMT2 Keyboard Fade Width Lower (0~127),[],"{""file"": ""original-roland-files/Script/A8EE/Script.xml"", ""line"": 10767}"
fm.pat.tmt.tmtKeyboardFadeWidthUpper[1],1F 00 10 12,int1x7,1,"[0, 127]",0,PatchTMT,,script+doc,,,,TMT2 Keyboard Fade Width Upper (0~127),[],"{""file"": ""original-roland-files/Script/A8EE/Script.xml"", ""line"": 10775}"
fm.pat.tmt.tmtVelocityRangeLower[1],1F 00 10 13,int1x7,1,"[1, 127]",1,PatchTMT,,script,,,,TMT2 Velocity Range Lower (0~127),"[""doc cross-check: range differs (doc [0, 127])""]","{""file"": ""original-roland-files/Script/A8EE/Script.xml"", ""line"": 10783}"
fm.pat.tmt.tmtVelocityRangeUpper[1],1F 00 10 14,int1x7,1,"[1, 127]",127,PatchTMT,,script+doc,,,,TMT2 Velocity Range Upper (1~127),[],"{""file"": ""original-roland-files/Script/A8EE/Script.xml"", ""line"": 10791}"
fm.pat.tmt.tmtVelocityFadeWidthLower[1],1F 00 10 15,int1x7,1,"[0, 127]",0,PatchTMT,,script+doc,,,,TMT2 Velocity Fade Width Lower (0~127),[],"{""file"": ""original-roland-files/Script/A8EE/Script.xml"", ""line"": 10799}"
fm.pat.tmt.tmtVelocityFadeWidthUpper[1],1F 00 10 16,int1x7,1,"[0, 127]",0,PatchTMT,,script+doc,,,,TMT2 Velocity Fade Width Upper (0~127),[],"{""file"": ""original-roland-files/Script/A8EE/Script.xml"", ""line"": 10807}"
fm.pat.tmt.tmtToneSwitch[2],1F 00 10 17,int1x7,1,"[0, 1]",0,PatchTMT,,script+doc,,,,TMT3 Tone Switch (0~1),[],"{""file"": ""original-roland-files/Script/A8EE/Script.xml"", ""line"": 10815}"
fm.pat.tmt.tmtKeyboardRangeLower[2],1F 00 10 18,int1x7,1,"[0, 127]",0,PatchTMT,,script+doc,,"[""C-1"", ""C#-1"", ""D-1"", ""Eb-1"", ""E-1"", ""F-1"", ""F#-1"", ""G-1"", ""G#-1"", ""A-1"", ""Bb-1"", ""B-1"", ""C0"", ""C#0"", ""D0"", ""Eb0"", ""E0"", ""F0"", ""F#0"", ""G0"", ""G#0"", ""A0"", ""Bb0"", ""B0"", ""C1"", ""C#1"", ""D1"", ""Eb1"", ""E1"", ""F1"", ""F#1"", ""G1"", ""G#1"", ""A1"", ""Bb1"", ""B1"", ""C2"", ""C#2"", ""D2"", ""Eb2"", ""E2"", ""F2"", ""F#2"", ""G2"", ""G#2"", ""A2"", ""Bb2"", ""B2"", ""C3"", ""C#3"", ""D3"", ""Eb3"", ""E3"", ""F3"", ""F#3"", ""G3"", ""G#3"", ""A3"", ""Bb3"", ""B3"", ""C4"", ""C#4"", ""D4"", ""Eb4"", ""E4"", ""F4"", ""F#4"", ""G4"", ""G#4"", ""A4"", ""Bb4"", ""B4"", ""C5"", ""C#5"", ""D5"", ""Eb5"", ""E5"", ""F5"", ""F#5"", ""G5"", ""G#5"", ""A5"", ""Bb5"", ""B5"", ""C6"", ""C#6"", ""D6"", ""Eb6"", ""E6"", ""F6"", ""F#6"", ""G6"", ""G#6"", ""A6"", ""Bb6"", ""B6"", ""C7"", ""C#7"", ""D7"", ""Eb7"", ""E7"", ""F7"", ""F#7"", ""G7"", ""G#7"", ""A7"", ""Bb7"", ""B7"", ""C8"", ""C#8"", ""D8"", ""Eb8"", ""E8"", ""F8"", ""F#8"", ""G8"", ""G#8"", ""A8"", ""Bb8"", ""B8"", ""C9"", ""C#9"", ""D9"", ""Eb9"", ""E9"", ""F9"", ""F#9"", ""G9""]",,TMT3 Keyboard Range Lower (0~127),"[""enum labels ui-derived from stringTable noteTable""]","{""file"": ""original-roland-files/Script/A8EE/Script.xml"", ""line"": 10823}"
fm.pat.tmt.tmtKeyboardRangeUpper[2],1F 00 10 19,int1x7,1,"[0, 127]",127,PatchTMT,,script+doc,,"[""C-1"", ""C#-1"", ""D-1"", ""Eb-1"", ""E-1"", ""F-1"", ""F#-1"", ""G-1"", ""G#-1"", ""A-1"", ""Bb-1"", ""B-1"", ""C0"", ""C#0"", ""D0"", ""Eb0"", ""E0"", ""F0"", ""F#0"", ""G0"", ""G#0"", ""A0"", ""Bb0"", ""B0"", ""C1"", ""C#1"", ""D1"", ""Eb1"", ""E1"", ""F1"", ""F#1"", ""G1"", ""G#1"", ""A1"", ""Bb1"", ""B1"", ""C2"", ""C#2"", ""D2"", ""Eb2"", ""E2"", ""F2"", ""F#2"", ""G2"", ""G#2"", ""A2"", ""Bb2"", ""B2"", ""C3"", ""C#3"", ""D3"", ""Eb3"", ""E3"", ""F3"", ""F#3"", ""G3"", ""G#3"", ""A3"", ""Bb3"", ""B3"", ""C4"", ""C#4"", ""D4"", ""Eb4"", ""E4"", ""F4"", ""F#4"", ""G4"", ""G#4"", ""A4"", ""Bb4"", ""B4"", ""C5"", ""C#5"", ""D5"", ""Eb5"", ""E5"", ""F5"", ""F#5"", ""G5"", ""G#5"", ""A5"", ""Bb5"", ""B5"", ""C6"", ""C#6"", ""D6"", ""Eb6"", ""E6"", ""F6"", ""F#6"", ""G6"", ""G#6"", ""A6"", ""Bb6"", ""B6"", ""C7"", ""C#7"", ""D7"", ""Eb7"", ""E7"", ""F7"", ""F#7"", ""G7"", ""G#7"", ""A7"", ""Bb7"", ""B7"", ""C8"", ""C#8"", ""D8"", ""Eb8"", ""E8"", ""F8"", ""F#8"", ""G8"", ""G#8"", ""A8"", ""Bb8"", ""B8"", ""C9"", ""C#9"", ""D9"", ""Eb9"", ""E9"", ""F9"", ""F#9"", ""G9""]",,TMT3 Keyboard Range Upper (0~127),"[""enum labels ui-derived from stringTable noteTable""]","{""file"": ""original-roland-files/Script/A8EE/Script.xml"", ""line"": 10831}"
fm.pat.tmt.tmtKeyboardFadeWidthLower[2],1F 00 10 1A,int1x7,1,"[0, 127]",0,PatchTMT,,script+doc,,,,TMT3 Keyboard Fade Width Lower (0~127),[],"{""file"": ""original-roland-files/Script/A8EE/Script.xml"", ""line"": 10839}"
fm.pat.tmt.tmtKeyboardFadeWidthUpper[2],1F 00 10 1B,int1x7,1,"[0, 127]",0,PatchTMT,,script+doc,,,,TMT3 Keyboard Fade Width Upper (0~127),[],"{""file"": ""original-roland-files/Script/A8EE/Script.xml"", ""line"": 10847}"
fm.pat.tmt.tmtVelocityRangeLower[2],1F 00 10 1C,int1x7,1,"[1, 127]",1,PatchTMT,,script+doc,,,,TMT3 Velocity Range Lower (1~127),[],"{""file"": ""original-roland-files/Script/A8EE/Script.xml"", ""line"": 10855}"
fm.pat.tmt.tmtVelocityRangeUpper[2],1F 00 10 1D,int1x7,1,"[1, 127]",127,PatchTMT,,script+doc,,,,TMT3 Velocity Range Upper (1~127),[],"{""file"": ""original-roland-files/Script/A8EE/Script.xml"", ""line"": 10863}"
fm.pat.tmt.tmtVelocityFadeWidthLower[2],1F 00 10 1E,int1x7,1,"[0, 127]",0,PatchTMT,,script+doc,,,,TMT3 Velocity Fade Width Lower (0~127),[],"{""file"": ""original-roland-files/Script/A8EE/Script.xml"", ""line"": 10871}"
fm.pat.tmt.tmtVelocityFadeWidthUpper[2],1F 00 10 1F,int1x7,1,"[0, 127]",0,PatchTMT,,script+doc,,,,TMT3 Velocity Fade Width Upper (0~127),[],"{""file"": ""original-roland-files/Script/A8EE/Script.xml"", ""line"": 10879}"
fm.pat.tmt.tmtToneSwitch[3],1F 00 10 20,int1x7,1,"[0, 1]",0,PatchTMT,,script+doc,,,,TMT4 Tone Switch (0~1),[],"{""file"": ""original-roland-files/Script/A8EE/Script.xml"", ""line"": 10887}"
fm.pat.tmt.tmtKeyboardRangeLower[3],1F 00 10 21,int1x7,1,"[0, 127]",0,PatchTMT,,script+doc,,"[""C-1"", ""C#-1"", ""D-1"", ""Eb-1"", ""E-1"", ""F-1"", ""F#-1"", ""G-1"", ""G#-1"", ""A-1"", ""Bb-1"", ""B-1"", ""C0"", ""C#0"", ""D0"", ""Eb0"", ""E0"", ""F0"", ""F#0"", ""G0"", ""G#0"", ""A0"", ""Bb0"", ""B0"", ""C1"", ""C#1"", ""D1"", ""Eb1"", ""E1"", ""F1"", ""F#1"", ""G1"", ""G#1"", ""A1"", ""Bb1"", ""B1"", ""C2"", ""C#2"", ""D2"", ""Eb2"", ""E2"", ""F2"", ""F#2"", ""G2"", ""G#2"", ""A2"", ""Bb2"", ""B2"", ""C3"", ""C#3"", ""D3"", ""Eb3"", ""E3"", ""F3"", ""F#3"", ""G3"", ""G#3"", ""A3"", ""Bb3"", ""B3"", ""C4"", ""C#4"", ""D4"", ""Eb4"", ""E4"", ""F4"", ""F#4"", ""G4"", ""G#4"", ""A4"", ""Bb4"", ""B4"", ""C5"", ""C#5"", ""D5"", ""Eb5"", ""E5"", ""F5"", ""F#5"", ""G5"", ""G#5"", ""A5"", ""Bb5"", ""B5"", ""C6"", ""C#6"", ""D6"", ""Eb6"", ""E6"", ""F6"", ""F#6"", ""G6"", ""G#6"", ""A6"", ""Bb6"", ""B6"", ""C7"", ""C#7"", ""D7"", ""Eb7"", ""E7"", ""F7"", ""F#7"", ""G7"", ""G#7"", ""A7"", ""Bb7"", ""B7"", ""C8"", ""C#8"", ""D8"", ""Eb8"", ""E8"", ""F8"", ""F#8"", ""G8"", ""G#8"", ""A8"", ""Bb8"", ""B8"", ""C9"", ""C#9"", ""D9"", ""Eb9"", ""E9"", ""F9"", ""F#9"", ""G9""]",,TMT4 Keyboard Range Lower (0~127),"[""enum labels ui-derived from stringTable noteTable""]","{""file"": ""original-roland-files/Script/A8EE/Script.xml"", ""line"": 10895}"
fm.pat.tmt.tmtKeyboardRangeUpper[3],1F 00 10 22,int1x7,1,"[0, 127]",127,PatchTMT,,script+doc,,"[""C-1"", ""C#-1"", ""D-1"", ""Eb-1"", ""E-1"", ""F-1"", ""F#-1"", ""G-1"", ""G#-1"", ""A-1"", ""Bb-1"", ""B-1"", ""C0"", ""C#0"", ""D0"", ""Eb0"", ""E0"", ""F0"", ""F#0"", ""G0"", ""G#0"", ""A0"", ""Bb0"", ""B0"", ""C1"", ""C#1"", ""D1"", ""Eb1"", ""E1"", ""F1"", ""F#1"", ""G1"", ""G#1"", ""A1"", ""Bb1"", ""B1"", ""C2"", ""C#2"", ""D2"", ""Eb2"", ""E2"", ""F2"", ""F#2"", ""G2"", ""G#2"", ""A2"", ""Bb2"", ""B2"", ""C3"", ""C#3"", ""D3"", ""Eb3"", ""E3"", ""F3"", ""F#3"", ""G3"", ""G#3"", ""A3"", ""Bb3"", ""B3"", ""C4"", ""C#4"", ""D4"", ""Eb4"", ""E4"", ""F4"", ""F#4"", ""G4"", ""G#4"", ""A4"", ""Bb4"", ""B4"", ""C5"", ""C#5"", ""D5"", ""Eb5"", ""E5"", ""F5"", ""F#5"", ""G5"", ""G#5"", ""A5"", ""Bb5"", ""B5"", ""C6"", ""C#6"", ""D6"", ""Eb6"", ""E6"", ""F6"", ""F#6"", ""G6"", ""G#6"", ""A6"", ""Bb6"", ""B6"", ""C7"", ""C#7"", ""D7"", ""Eb7"", ""E7"", ""F7"", ""F#7"", ""G7"", ""G#7"", ""A7"", ""Bb7"", ""B7"", ""C8"", ""C#8"", ""D8"", ""Eb8"", ""E8"", ""F8"", ""F#8"", ""G8"", ""G#8"", ""A8"", ""Bb8"", ""B8"", ""C9"", ""C#9"", ""D9"", ""Eb9"", ""E9"", ""F9"", ""F#9"", ""G9""]",,TMT4 Keyboard Range Upper (0~127),"[""enum labels ui-derived from stringTable noteTable""]","{""file"": ""original-roland-files/Script/A8EE/Script.xml"", ""line"": 10903}"
fm.pat.tmt.tmtKeyboardFadeWidthLower[3],1F 00 10 23,int1x7,1,"[0, 127]",0,PatchTMT,,script+doc,,,,TMT4 Keyboard Fade Width Lower (0~127),[],"{""file"": ""original-roland-files/Script/A8EE/Script.xml"", ""line"": 10911}"
fm.pat.tmt.tmtKeyboardFadeWidthUpper[3],1F 00 10 24,int1x7,1,"[0, 127]",0,PatchTMT,,script+doc,,,,TMT4 Keyboard Fade Width Upper (0~127),[],"{""file"": ""original-roland-files/Script/A8EE/Script.xml"", ""line"": 10919}"
fm.pat.tmt.tmtVelocityRangeLower[3],1F 00 10 25,int1x7,1,"[1, 127]",1,PatchTMT,,script+doc,,,,TMT4 Velocity Range Lower (1~127),[],"{""file"": ""original-roland-files/Script/A8EE/Script.xml"", ""line"": 10927}"
fm.pat.tmt.tmtVelocityRangeUpper[3],1F 00 10 26,int1x7,1,"[1, 127]",127,PatchTMT,,script+doc,,,,TMT4 Velocity Range Upper (1~127),[],"{""file"": ""original-roland-files/Script/A8EE/Script.xml"", ""line"": 10935}"
fm.pat.tmt.tmtVelocityFadeWidthLower[3],1F 00 10 27,int1x7,1,"[0, 127]",0,PatchTMT,,script+doc,,,,TMT4 Velocity Fade Width Lower (0~127),[],"{""file"": ""original-roland-files/Script/A8EE/Script.xml"", ""line"": 10943}"
fm.pat.tmt.tmtVelocityFadeWidthUpper[3],1F 00 10 28,int1x7,1,"[0, 127]",0,PatchTMT,,script+doc,,,,TMT4 Velocity Fade Width Upper (0~127),[],"{""file"": ""original-roland-files/Script/A8EE/Script.xml"", ""line"": 10951}"
fm.pat.tone[0].toneLevel,1F 00 20 00,int1x7,1,"[0, 127]",127,PatchTone,,script+doc,,,,Tone Level (0~127),[],"{""file"": ""original-roland-files/Script/A8EE/Script.xml"", ""line"": 10967}"
fm.pat.tone[0].toneCoarseTune,1F 00 20 01,int1x7,1,"[16, 112]",64,PatchTone,,script+doc,-64,,,Tone Coarse Tune (16 - 112),[],"{""file"": ""original-roland-files/Script/A8EE/Script.xml"", ""line"": 10975}"
fm.pat.tone[0].toneFineTune,1F 00 20 02,int1x7,1,"[14, 114]",64,PatchTone,,script+doc,-64,,,Tone Fine Tune (14 - 114),[],"{""file"": ""original-roland-files/Script/A8EE/Script.xml"", ""line"": 10983}"
fm.pat.tone[0].toneRandomPitchDepth,1F 00 20 03,int1x7,1,"[0, 30]",0,PatchTone,,script+doc,,"[""0"", ""1"", ""2"", ""3"", ""4"", ""5"", ""6"", ""7"", ""8"", ""9"", ""10"", ""20"", ""30"", ""40"", ""50"", ""60"", ""70"", ""80"", ""90"", ""100"", ""200"", ""300"", ""400"", ""500"", ""600"", ""700"", ""800"", ""900"", ""1000"", ""1100"", ""1200""]",,Tone Random Pitch Depth (0~30),"[""enum labels ui-derived from stringTable toneRandomPitchDepthTable""]","{""file"": ""original-roland-files/Script/A8EE/Script.xml"", ""line"": 10991}"
fm.pat.tone[0].tonePan,1F 00 20 04,int1x7,1,"[0, 127]",64,PatchTone,,script+doc,,"[""L64"", ""L63"", ""L62"", ""L61"", ""L60"", ""L59"", ""L58"", ""L57"", ""L56"", ""L55"", ""L54"", ""L53"", ""L52"", ""L51"", ""L50"", ""L49"", ""L48"", ""L47"", ""L46"", ""L45"", ""L44"", ""L43"", ""L42"", ""L41"", ""L40"", ""L39"", ""L38"", ""L37"", ""L36"", ""L35"", ""L34"", ""L33"", ""L32"", ""L31"", ""L30"", ""L29"", ""L28"", ""L27"", ""L26"", ""L25"", ""L24"", ""L23"", ""L22"", ""L21"", ""L20"", ""L19"", ""L18"", ""L17"", ""L16"", ""L15"", ""L14"", ""L13"", ""L12"", ""L11"", ""L10"", ""L09"", ""L08"", ""L07"", ""L06"", ""L05"", ""L04"", ""L03"", ""L02"", ""L01"", ""0"", ""01R"", ""02R"", ""03R"", ""04R"", ""05R"", ""06R"", ""07R"", ""08R"", ""09R"", ""10R"", ""11R"", ""12R"", ""13R"", ""14R"", ""15R"", ""16R"", ""17R"", ""18R"", ""19R"", ""20R"", ""21R"", ""22R"", ""23R"", ""24R"", ""25R"", ""26R"", ""27R"", ""28R"", ""29R"", ""30R"", ""31R"", ""32R"", ""33R"", ""34R"", ""35R"", ""36R"", ""37R"", ""38R"", ""39R"", ""40R"", ""41R"", ""42R"", ""43R"", ""44R"", ""45R"", ""46R"", ""47R"", ""48R"", ""49R"", ""50R"", ""51R"", ""52R"", ""53R"", ""54R"", ""55R"", ""56R"", ""57R"", ""58R"", ""59R"", ""60R"", ""61R"", ""62R"", ""63R""]",,Tone Pan (0~127),"[""enum labels ui-derived from stringTable panTable""]","{""file"": ""original-roland-files/Script/A8EE/Script.xml"", ""line"": 10999}"
fm.pat.tone[0].tonePanKeyfollow,1F 00 20 05,int1x7,1,"[54, 74]",64,PatchTone,,script+doc,-54,"[""-100"", ""-90"", ""-80"", ""-70"", ""-60"", ""-50"", ""-40"", ""-30"", ""-20"", ""-10"", ""0"", ""+10"", ""+20"", ""+30"", ""+40"", ""+50"", ""+60"", ""+70"", ""+80"", ""+90"", ""+100""]",,Tone Pan Keyfollow (54~74),"[""enum labels ui-derived from stringTable kf-100-10Table""]","{""file"": ""original-roland-files/Script/A8EE/Script.xml"", ""line"": 11007}"
fm.pat.tone[0].toneRandomPanDepth,1F 00 20 06,int1x7,1,"[0, 63]",0,PatchTone,,script+doc,,,,Tone Random Pan Depth (0~63),[],"{""file"": ""original-roland-files/Script/A8EE/Script.xml"", ""line"": 11015}"
fm.pat.tone[0].toneAlternatePanDepth,1F 00 20 07,int1x7,1,"[1, 127]",64,PatchTone,,script+doc,,"[""L63"", ""L62"", ""L61"", ""L60"", ""L59"", ""L58"", ""L57"", ""L56"", ""L55"", ""L54"", ""L53"", ""L52"", ""L51"", ""L50"", ""L49"", ""L48"", ""L47"", ""L46"", ""L45"", ""L44"", ""L43"", ""L42"", ""L41"", ""L40"", ""L39"", ""L38"", ""L37"", ""L36"", ""L35"", ""L34"", ""L33"", ""L32"", ""L31"", ""L30"", ""L29"", ""L28"", ""L27"", ""L26"", ""L25"", ""L24"", ""L23"", ""L22"", ""L21"", ""L20"", ""L19"", ""L18"", ""L17"", ""L16"", ""L15"", ""L14"", ""L13"", ""L12"", ""L11"", ""L10"", ""L09"", ""L08"", ""L07"", ""L06"", ""L05"", ""L04"", ""L03"", ""L02"", ""L01"", ""0"", ""01R"", ""02R"", ""03R"", ""04R"", ""05R"", ""06R"", ""07R"", ""08R"", ""09R"", ""10R"", ""11R"", ""12R"", ""13R"", ""14R"", ""15R"", ""16R"", ""17R"", ""18R"", ""19R"", ""20R"", ""21R"", ""22R"", ""23R"", ""24R"", ""25R"", ""26R"", ""27R"", ""28R"", ""29R"", ""30R"", ""31R"", ""32R"", ""33R"", ""34R"", ""35R"", ""36R"", ""37R"", ""38R"", ""39R"", ""40R"", ""41R"", ""42R"", ""43R"", ""44R"", ""45R"", ""46R"", ""47R"", ""48R"", ""49R"", ""50R"", ""51R"", ""52R"", ""53R"", ""54R"", ""55R"", ""56R"", ""57R"", ""58R"", ""59R"", ""60R"", ""61R"", ""62R"", ""63R""]",,Tone Alternate Pan Depth (1~127),"[""enum labels ui-derived from stringTable panTableL63""]","{""file"": ""original-roland-files/Script/A8EE/Script.xml"", ""line"": 11023}"
fm.pat.tone[0].toneEnvMode,1F 00 20 08,int1x7,1,"[0, 1]",1,PatchTone,,script+doc,,,,Tone Env Mode (0~1),[],"{""file"": ""original-roland-files/Script/A8EE/Script.xml"", ""line"": 11031}"
fm.pat.tone[0].toneDelayMode,1F 00 20 09,int1x7,1,"[0, 3]",0,PatchTone,,script+doc,,,,Tone Delay Mode (0~3),[],"{""file"": ""original-roland-files/Script/A8EE/Script.xml"", ""line"": 11039}"
fm.pat.tone[0].toneDelayTime,1F 00 20 0A,int2x4,2,"[0, 127]",0,PatchTone,,script+doc,,,,,[],"{""file"": ""original-roland-files/Script/A8EE/Script.xml"", ""line"": 11047}"
fm.pat.tone[0].toneDrySendLevel,1F 00 20 0C,int1x7,1,"[0, 127]",127,PatchTone,,script+doc,,,,Tone Dry Send Level (0~127),[],"{""file"": ""original-roland-files/Script/A8EE/Script.xml"", ""line"": 11055}"
fm.pat.tone[0].toneChorusSendLevelMFX,1F 00 20 0D,int1x7,1,"[0, 127]",0,PatchTone,,script+doc,,,,Tone Chorus Send Level (MFX) (0~127),[],"{""file"": ""original-roland-files/Script/A8EE/Script.xml"", ""line"": 11063}"
fm.pat.tone[0].toneReverbSendLevelMFX,1F 00 20 0E,int1x7,1,"[0, 127]",0,PatchTone,,script+doc,,,,Tone Reverb Send Level (MFX) (0~127),[],"{""file"": ""original-roland-files/Script/A8EE/Script.xml"", ""line"": 11071}"
fm.pat.tone[0].toneChorusSendLevelNonMFX,1F 00 20 0F,int1x7,1,"[0, 127]",127,PatchTone,,script+doc,,,,Tone Chorus Send Level (non MFX) (0~127),[],"{""file"": ""original-roland-files/Script/A8EE/Script.xml"", ""line"": 11079}"
fm.pat.tone[0].toneReverbSendLevelNonMFX,1F 00 20 10,int1x7,1,"[0, 127]",127,PatchTone,,script+doc,,,,Tone Reverb Send Level (non MFX) (0~127),[],"{""file"": ""original-roland-files/Script/A8EE/Script.xml"", ""line"": 11087}"
fm.pat.tone[0].toneOutputAssign,1F 00 20 11,int1x7,1,"[0, 12]",0,PatchTone,,script+doc,,"[""MFX"", ""L+R"", ""L"", ""R""]","[0, 1, 5, 6]",Tone Output Assign ) (0~12,"[""enum labels ui-derived from stringTable toneOutputAssignTable""]","{""file"": ""original-roland-files/Script/A8EE/Script.xml"", ""line"": 11095}"
fm.pat.tone[0].toneReceiveBender,1F 00 20 12,int1x7,1,"[0, 1]",1,PatchTone,,script+doc,,,,Tone Receive Bender (0~1),[],"{""file"": ""original-roland-files/Script/A8EE/Script.xml"", ""line"": 11104}"
fm.pat.tone[0].toneReceiveExpression,1F 00 20 13,int1x7,1,"[0, 1]",1,PatchTone,,script+doc,,,,Tone Receive Expression (0~1),[],"{""file"": ""original-roland-files/Script/A8EE/Script.xml"", ""line"": 11112}"
fm.pat.tone[0].toneReceiveHold-1,1F 00 20 14,int1x7,1,"[0, 1]",1,PatchTone,,script+doc,,,,Tone Receive Hold-1 (0~1),[],"{""file"": ""original-roland-files/Script/A8EE/Script.xml"", ""line"": 11120}"
fm.pat.tone[0].toneReceivePanMode,1F 00 20 15,int1x7,1,"[0, 1]",0,PatchTone,,script+doc,,,,Tone Receive Pan Mode (0~1),[],"{""file"": ""original-roland-files/Script/A8EE/Script.xml"", ""line"": 11128}"
fm.pat.tone[0].toneRedamperSwitch,1F 00 20 16,int1x7,1,"[0, 1]",0,PatchTone,,script+doc,,,,Tone Redamper Switch (0~1),[],"{""file"": ""original-roland-files/Script/A8EE/Script.xml"", ""line"": 11136}"
fm.pat.tone[0].toneControl1Switch1,1F 00 20 17,int1x7,1,"[0, 2]",1,PatchTone,,script+doc,,,,Tone Control 1 Switch 1 (0~2),[],"{""file"": ""original-roland-files/Script/A8EE/Script.xml"", ""line"": 11144}"
fm.pat.tone[0].toneControl1Switch2,1F 00 20 18,int1x7,1,"[0, 2]",1,PatchTone,,script+doc,,,,Tone Control 1 Switch 2 (0~2) (0~2),[],"{""file"": ""original-roland-files/Script/A8EE/Script.xml"", ""line"": 11152}"
fm.pat.tone[0].toneControl1Switch3,1F 00 20 19,int1x7,1,"[0, 2]",1,PatchTone,,script+doc,,,,Tone Control 1 Switch 3 (0~2),[],"{""file"": ""original-roland-files/Script/A8EE/Script.xml"", ""line"": 11160}"
fm.pat.tone[0].toneControl1Switch4,1F 00 20 1A,int1x7,1,"[0, 2]",1,PatchTone,,script+doc,,,,Tone Control 1 Switch 4 (0~2),[],"{""file"": ""original-roland-files/Script/A8EE/Script.xml"", ""line"": 11168}"
fm.pat.tone[0].toneControl2Switch1,1F 00 20 1B,int1x7,1,"[0, 2]",1,PatchTone,,script+doc,,,,Tone Control 2 Switch 1 (0~2),[],"{""file"": ""original-roland-files/Script/A8EE/Script.xml"", ""line"": 11176}"
fm.pat.tone[0].toneControl2Switch2,1F 00 20 1C,int1x7,1,"[0, 2]",1,PatchTone,,script+doc,,,,Tone Control 2 Switch 2 (0~2),[],"{""file"": ""original-roland-files/Script/A8EE/Script.xml"", ""line"": 11184}"
fm.pat.tone[0].toneControl2Switch3,1F 00 20 1D,int1x7,1,"[0, 2]",1,PatchTone,,script+doc,,,,Tone Control 2 Switch 3 (0~2),[],"{""file"": ""original-roland-files/Script/A8EE/Script.xml"", ""line"": 11192}"
fm.pat.tone[0].toneControl2Switch4,1F 00 20 1E,int1x7,1,"[0, 2]",1,PatchTone,,script+doc,,,,Tone Control 2 Switch 4 (0~2),[],"{""file"": ""original-roland-files/Script/A8EE/Script.xml"", ""line"": 11200}"
fm.pat.tone[0].toneControl3Switch1,1F 00 20 1F,int1x7,1,"[0, 2]",1,PatchTone,,script+doc,,,,Tone Control 3 Switch 1 (0~2),[],"{""file"": ""original-roland-files/Script/A8EE/Script.xml"", ""line"": 11208}"
fm.pat.tone[0].toneControl3Switch2,1F 00 20 20,int1x7,1,"[0, 2]",1,PatchTone,,script+doc,,,,Tone Control 3 Switch 2 (0~2),[],"{""file"": ""original-roland-files/Script/A8EE/Script.xml"", ""line"": 11216}"
fm.pat.tone[0].toneControl3Switch3,1F 00 20 21,int1x7,1,"[0, 2]",1,PatchTone,,script+doc,,,,Tone Control 3 Switch 3 (0~2),[],"{""file"": ""original-roland-files/Script/A8EE/Script.xml"", ""line"": 11224}"
fm.pat.tone[0].toneControl3Switch4,1F 00 20 22,int1x7,1,"[0, 2]",1,PatchTone,,script+doc,,,,Tone Control 3 Switch 4 (0~2),[],"{""file"": ""original-roland-files/Script/A8EE/Script.xml"", ""line"": 11232}"
fm.pat.tone[0].toneControl4Switch1,1F 00 20 23,int1x7,1,"[0, 2]",1,PatchTone,,script+doc,,,,Tone Control 4 Switch 1 (0~2),[],"{""file"": ""original-roland-files/Script/A8EE/Script.xml"", ""line"": 11240}"
fm.pat.tone[0].toneControl4Switch2,1F 00 20 24,int1x7,1,"[0, 2]",1,PatchTone,,script+doc,,,,Tone Control 4 Switch 2 (0~2),[],"{""file"": ""original-roland-files/Script/A8EE/Script.xml"", ""line"": 11248}"
fm.pat.tone[0].toneControl4Switch3,1F 00 20 25,int1x7,1,"[0, 2]",1,PatchTone,,script+doc,,,,Tone Control 4 Switch 3 (0~2),[],"{""file"": ""original-roland-files/Script/A8EE/Script.xml"", ""line"": 11256}"
fm.pat.tone[0].toneControl4Switch4,1F 00 20 26,int1x7,1,"[0, 2]",1,PatchTone,,script+doc,,,,Tone Control 4 Switch 4 (0~2),[],"{""file"": ""original-roland-files/Script/A8EE/Script.xml"", ""line"": 11264}"
fm.pat.tone[0].waveGroupType,1F 00 20 27,int1x7,1,"[0, 3]",1,PatchTone,,script+doc,,,,Wave Group Type (0~3),[],"{""file"": ""original-roland-files/Script/A8EE/Script.xml"", ""line"": 11272}"
fm.pat.tone[0].waveGroupID,1F 00 20 28,int4x4,4,"[0, 16384]",23,PatchTone,,script+doc,,,,,[],"{""file"": ""original-roland-files/Script/A8EE/Script.xml"", ""line"": 11280}"
fm.pat.tone[0].waveNumberL,1F 00 20 2C,int4x4,4,"[0, 16384]",1,PatchTone,,script+doc,,,,,[],"{""file"": ""original-roland-files/Script/A8EE/Script.xml"", ""line"": 11288}"
fm.pat.tone[0].waveNumberR,1F 00 20 30,int4x4,4,"[0, 16384]",0,PatchTone,,script+doc,,,,,[],"{""file"": ""original-roland-files/Script/A8EE/Script.xml"", ""line"": 11296}"
fm.pat.tone[0].waveGain,1F 00 20 34,int1x7,1,"[0, 3]",1,PatchTone,,script+doc,,"[""-6"", ""0"", ""+6"", ""+12""]",,Wave Gain (0~3),"[""enum labels ui-derived from stringTable gain-6-6Table""]","{""file"": ""original-roland-files/Script/A8EE/Script.xml"", ""line"": 11304}"
fm.pat.tone[0].waveFXMSwitch,1F 00 20 35,int1x7,1,"[0, 1]",0,PatchTone,,script+doc,,,,Wave FXM Switch (0~1),[],"{""file"": ""original-roland-files/Script/A8EE/Script.xml"", ""line"": 11312}"
fm.pat.tone[0].waveFXMColor,1F 00 20 36,int1x7,1,"[0, 3]",0,PatchTone,,script+doc,1,,,Wave FXM Color (0~3),[],"{""file"": ""original-roland-files/Script/A8EE/Script.xml"", ""line"": 11320}"
fm.pat.tone[0].waveFXMDepth,1F 00 20 37,int1x7,1,"[0, 16]",0,PatchTone,,script+doc,,,,Wave FXM Depth (0~16),[],"{""file"": ""original-roland-files/Script/A8EE/Script.xml"", ""line"": 11328}"
fm.pat.tone[0].reserve38,1F 00 20 38,int1x7,1,"[0, 1]",0,PatchTone,,script+doc,,,,(reserve) (0~1),[],"{""file"": ""original-roland-files/Script/A8EE/Script.xml"", ""line"": 11336}"
fm.pat.tone[0].wavePitchKeyfollow,1F 00 20 39,int1x7,1,"[44, 84]",74,PatchTone,,script+doc,-44,"[""-200"", ""-190"", ""-180"", ""-170"", ""-160"", ""-150"", ""-140"", ""-130"", ""-120"", ""-110"", ""-100"", ""-90"", ""-80"", ""-70"", ""-60"", ""-50"", ""-40"", ""-30"", ""-20"", ""-10"", ""0"", ""+10"", ""+20"", ""+30"", ""+40"", ""+50"", ""+60"", ""+70"", ""+80"", ""+90"", ""+100"", ""+110"", ""+120"", ""+130"", ""+140"", ""+150"", ""+160"", ""+170"", ""+180"", ""+190"", ""+200""]",,Wave Pitch Keyfollow (44 ~84),"[""enum labels ui-derived from stringTable kf-200-10Table""]","{""file"": ""original-roland-files/Script/A8EE/Script.xml"", ""line"": 11344}"
fm.pat.tone[0].pitchEnvDepth,1F 00 20 3A,int1x7,1,"[52, 76]",64,PatchTone,,script+doc,-64,,,Pitch Env Depth (52 - 76),[],"{""file"": ""original-roland-files/Script/A8EE/Script.xml"", ""line"": 11352}"
fm.pat.tone[0].pitchEnvVelocitySens,1F 00 20 3B,int1x7,1,"[1, 127]",64,PatchTone,,script+doc,-64,,,Pitch Env Velocity Sens (1~127),[],"{""file"": ""original-roland-files/Script/A8EE/Script.xml"", ""line"": 11360}"
fm.pat.tone[0].pitchEnvTime1VelocitySens,1F 00 20 3C,int1x7,1,"[1, 127]",64,PatchTone,,script+doc,-64,,,Pitch Env Time 1 Velocity Sens (1~127),[],"{""file"": ""original-roland-files/Script/A8EE/Script.xml"", ""line"": 11368}"
fm.pat.tone[0].pitchEnvTime4VelocitySens,1F 00 20 3D,int1x7,1,"[1, 127]",64,PatchTone,,script+doc,-64,,,Pitch Env Time 4 Velocity Sens (1~127),[],"{""file"": ""original-roland-files/Script/A8EE/Script.xml"", ""line"": 11376}"
fm.pat.tone[0].pitchEnvTimeKeyFollow,1F 00 20 3E,int1x7,1,"[54, 74]",64,PatchTone,,script+doc,-54,"[""-100"", ""-90"", ""-80"", ""-70"", ""-60"", ""-50"", ""-40"", ""-30"", ""-20"", ""-10"", ""0"", ""+10"", ""+20"", ""+30"", ""+40"", ""+50"", ""+60"", ""+70"", ""+80"", ""+90"", ""+100""]",,Pitch Env Time Keyfollow (54~ 74),"[""enum labels ui-derived from stringTable kf-100-10Table""]","{""file"": ""original-roland-files/Script/A8EE/Script.xml"", ""line"": 11384}"
fm.pat.tone[0].pitchEnvTime1,1F 00 20 3F,int1x7,1,"[0, 127]",40,PatchTone,,script+doc,,,,Pitch Env Time 1 (0~127),[],"{""file"": ""original-roland-files/Script/A8EE/Script.xml"", ""line"": 11392}"
fm.pat.tone[0].pitchEnvTime2,1F 00 20 40,int1x7,1,"[0, 127]",80,PatchTone,,script+doc,,,,Pitch Env Time 2 (0~127),[],"{""file"": ""original-roland-files/Script/A8EE/Script.xml"", ""line"": 11400}"
fm.pat.tone[0].pitchEnvTime3,1F 00 20 41,int1x7,1,"[0, 127]",40,PatchTone,,script+doc,,,,Pitch Env Time 3 (0~127),[],"{""file"": ""original-roland-files/Script/A8EE/Script.xml"", ""line"": 11408}"
fm.pat.tone[0].pitchEnvTime4,1F 00 20 42,int1x7,1,"[0, 127]",0,PatchTone,,script+doc,,,,Pitch Env Time 4 (0~127),[],"{""file"": ""original-roland-files/Script/A8EE/Script.xml"", ""line"": 11416}"
fm.pat.tone[0].pitchEnvLevel0,1F 00 20 43,int1x7,1,"[1, 127]",64,PatchTone,,script+doc,-64,,,Pitch Env Level 0 (1~127),[],"{""file"": ""original-roland-files/Script/A8EE/Script.xml"", ""line"": 11424}"
fm.pat.tone[0].pitchEnvLevel1,1F 00 20 44,int1x7,1,"[1, 127]",34,PatchTone,,script+doc,-64,,,Pitch Env Level 1 (1~127),[],"{""file"": ""original-roland-files/Script/A8EE/Script.xml"", ""line"": 11432}"
fm.pat.tone[0].pitchEnvLevel2,1F 00 20 45,int1x7,1,"[1, 127]",94,PatchTone,,script+doc,-64,,,Pitch Env Level 2 (1~127),[],"{""file"": ""original-roland-files/Script/A8EE/Script.xml"", ""line"": 11440}"
fm.pat.tone[0].pitchEnvLevel3,1F 00 20 46,int1x7,1,"[1, 127]",64,PatchTone,,script+doc,-64,,,Pitch Env Level 3 (1~127),[],"{""file"": ""original-roland-files/Script/A8EE/Script.xml"", ""line"": 11448}"
fm.pat.tone[0].pitchEnvLevel4,1F 00 20 47,int1x7,1,"[1, 127]",64,PatchTone,,script+doc,-64,,,Pitch Env Level 4 (1~127),[],"{""file"": ""original-roland-files/Script/A8EE/Script.xml"", ""line"": 11456}"
fm.pat.tone[0].tvfFilterType,1F 00 20 48,int1x7,1,"[0, 6]",1,PatchTone,,script+doc,,"[""OFF"", ""LPF"", ""BPF"", ""HPF"", ""PKG"", ""LPF2"", ""LPF3""]",,TVF Filter Type (0~6),"[""enum labels ui-derived from stringTable filterTypeTable""]","{""file"": ""original-roland-files/Script/A8EE/Script.xml"", ""line"": 11464}"
fm.pat.tone[0].tvfCutoffFrequency,1F 00 20 49,int1x7,1,"[0, 127]",127,PatchTone,,script+doc,,,,TVF Cutoff Frequency (0~127),[],"{""file"": ""original-roland-files/Script/A8EE/Script.xml"", ""line"": 11472}"
fm.pat.tone[0].tvfCutoffKeyfollow,1F 00 20 4A,int1x7,1,"[44, 84]",64,PatchTone,,script+doc,-44,"[""-200"", ""-190"", ""-180"", ""-170"", ""-160"", ""-150"", ""-140"", ""-130"", ""-120"", ""-110"", ""-100"", ""-90"", ""-80"", ""-70"", ""-60"", ""-50"", ""-40"", ""-30"", ""-20"", ""-10"", ""0"", ""+10"", ""+20"", ""+30"", ""+40"", ""+50"", ""+60"", ""+70"", ""+80"", ""+90"", ""+100"", ""+110"", ""+120"", ""+130"", ""+140"", ""+150"", ""+160"", ""+170"", ""+180"", ""+190"", ""+200""]",,TVF Cutoff Keyfollow (44~ 84),"[""enum labels ui-derived from stringTable kf-200-10Table""]","{""file"": ""original-roland-files/Script/A8EE/Script.xml"", ""line"": 11480}"
fm.pat.tone[0].tvfCutoffVelocityCurve,1F 00 20 4B,int1x7,1,"[0, 7]",1,PatchTone,,script+doc,,"[""FIX."", ""1"", ""2"", ""3"", ""4"", ""5"", ""6"", ""7""]",,TVF Cutoff Velocity Curve (0~7),"[""enum labels ui-derived from stringTable velocityCurveTable""]","{""file"": ""original-roland-files/Script/A8EE/Script.xml"", ""line"": 11488}"
fm.pat.tone[0].tvfCutoffVelocitySens,1F 00 20 4C,int1x7,1,"[1, 127]",64,PatchTone,,script+doc,-64,,,TVF Cutoff Velocity Sens (1~127),[],"{""file"": ""original-roland-files/Script/A8EE/Script.xml"", ""line"": 11496}"
fm.pat.tone[0].tvfResonance,1F 00 20 4D,int1x7,1,"[0, 127]",0,PatchTone,,script+doc,,,,TVF Resonance (0~127),[],"{""file"": ""original-roland-files/Script/A8EE/Script.xml"", ""line"": 11504}"
fm.pat.tone[0].tvfResonanceVelocitySens,1F 00 20 4E,int1x7,1,"[1, 127]",64,PatchTone,,script+doc,-64,,,TVF Resonance Velocity Sens (1~127),[],"{""file"": ""original-roland-files/Script/A8EE/Script.xml"", ""line"": 11512}"
fm.pat.tone[0].tvfEnvDepth,1F 00 20 4F,int1x7,1,"[1, 127]",64,PatchTone,,script+doc,-64,,,TVF Env Depth (1~127),[],"{""file"": ""original-roland-files/Script/A8EE/Script.xml"", ""line"": 11520}"
fm.pat.tone[0].tvfEnvVelocityCurve,1F 00 20 50,int1x7,1,"[0, 7]",1,PatchTone,,script+doc,,"[""FIX."", ""1"", ""2"", ""3"", ""4"", ""5"", ""6"", ""7""]",,TVF Env Velocity Curve (0~7),"[""enum labels ui-derived from stringTable velocityCurveTable""]","{""file"": ""original-roland-files/Script/A8EE/Script.xml"", ""line"": 11528}"
fm.pat.tone[0].tvfEnvVelocitySens,1F 00 20 51,int1x7,1,"[1, 127]",64,PatchTone,,script+doc,-64,,,TVF Env Velocity Sens (1~127),[],"{""file"": ""original-roland-files/Script/A8EE/Script.xml"", ""line"": 11536}"
fm.pat.tone[0].tvfEnvTime1VelocitySens,1F 00 20 52,int1x7,1,"[1, 127]",64,PatchTone,,script+doc,-64,,,TVF Env Time 1 Velocity Sens (1~127),[],"{""file"": ""original-roland-files/Script/A8EE/Script.xml"", ""line"": 11544}"
fm.pat.tone[0].tvfEnvTime4VelocitySens,1F 00 20 53,int1x7,1,"[1, 127]",64,PatchTone,,script+doc,-64,,,TVF Env Time 4 Velocity Sens (1~127),[],"{""file"": ""original-roland-files/Script/A8EE/Script.xml"", ""line"": 11552}"
fm.pat.tone[0].tvfEnvTimeKeyfollow,1F 00 20 54,int1x7,1,"[54, 74]",64,PatchTone,,script+doc,-54,"[""-100"", ""-90"", ""-80"", ""-70"", ""-60"", ""-50"", ""-40"", ""-30"", ""-20"", ""-10"", ""0"", ""+10"", ""+20"", ""+30"", ""+40"", ""+50"", ""+60"", ""+70"", ""+80"", ""+90"", ""+100""]",,TVF Env Time Keyfollow (54~74),"[""enum labels ui-derived from stringTable kf-100-10Table""]","{""file"": ""original-roland-files/Script/A8EE/Script.xml"", ""line"": 11560}"
fm.pat.tone[0].tvfEnvTime1,1F 00 20 55,int1x7,1,"[0, 127]",0,PatchTone,,script+doc,,,,TVF Env Time 1 (0~127),[],"{""file"": ""original-roland-files/Script/A8EE/Script.xml"", ""line"": 11568}"
fm.pat.tone[0].tvfEnvTime2,1F 00 20 56,int1x7,1,"[0, 127]",10,PatchTone,,script+doc,,,,TVF Env Time 2 (0~127),[],"{""file"": ""original-roland-files/Script/A8EE/Script.xml"", ""line"": 11576}"
fm.pat.tone[0].tvfEnvTime3,1F 00 20 57,int1x7,1,"[0, 127]",10,PatchTone,,script+doc,,,,TVF Env Time 3 (0~127),[],"{""file"": ""original-roland-files/Script/A8EE/Script.xml"", ""line"": 11584}"
fm.pat.tone[0].tvfEnvTime4,1F 00 20 58,int1x7,1,"[0, 127]",64,PatchTone,,script+doc,,,,TVF Env Time 4 (0~127),[],"{""file"": ""original-roland-files/Script/A8EE/Script.xml"", ""line"": 11592}"
fm.pat.tone[0].tvfEnvLevel0,1F 00 20 59,int1x7,1,"[0, 127]",0,PatchTone,,script+doc,,,,TVF Env Level 0 (0~127),[],"{""file"": ""original-roland-files/Script/A8EE/Script.xml"", ""line"": 11600}"
fm.pat.tone[0].tvfEnvLevel1,1F 00 20 5A,int1x7,1,"[0, 127]",127,PatchTone,,script+doc,,,,TVF Env Level 1 (0~127),[],"{""file"": ""original-roland-files/Script/A8EE/Script.xml"", ""line"": 11608}"
fm.pat.tone[0].tvfEnvLevel2,1F 00 20 5B,int1x7,1,"[0, 127]",127,PatchTone,,script+doc,,,,TVF Env Level 2 (0~127),[],"{""file"": ""original-roland-files/Script/A8EE/Script.xml"", ""line"": 11616}"
fm.pat.tone[0].tvfEnvLevel3,1F 00 20 5C,int1x7,1,"[0, 127]",127,PatchTone,,script+doc,,,,TVF Env Level 3 (0~127),[],"{""file"": ""original-roland-files/Script/A8EE/Script.xml"", ""line"": 11624}"
fm.pat.tone[0].tvfEnvLevel4,1F 00 20 5D,int1x7,1,"[0, 127]",0,PatchTone,,script+doc,,,,TVF Env Level 4 (0~127),[],"{""file"": ""original-roland-files/Script/A8EE/Script.xml"", ""line"": 11632}"
fm.pat.tone[0].biasLevel,1F 00 20 5E,int1x7,1,"[54, 74]",64,PatchTone,,script+doc,,"[""-100"", ""-90"", ""-80"", ""-70"", ""-60"", ""-50"", ""-40"", ""-30"", ""-20"", ""-10"", ""0"", ""+10"", ""+20"", ""+30"", ""+40"", ""+50"", ""+60"", ""+70"", ""+80"", ""+90"", ""+100""]",,Bias Level (54~74),"[""enum labels ui-derived from stringTable kf-100-10Table""]","{""file"": ""original-roland-files/Script/A8EE/Script.xml"", ""line"": 11640}"
fm.pat.tone[0].biasPosition,1F 00 20 5F,int1x7,1,"[0, 127]",60,PatchTone,,script+doc,,"[""C-1"", ""C#-1"", ""D-1"", ""Eb-1"", ""E-1"", ""F-1"", ""F#-1"", ""G-1"", ""G#-1"", ""A-1"", ""Bb-1"", ""B-1"", ""C0"", ""C#0"", ""D0"", ""Eb0"", ""E0"", ""F0"", ""F#0"", ""G0"", ""G#0"", ""A0"", ""Bb0"", ""B0"", ""C1"", ""C#1"", ""D1"", ""Eb1"", ""E1"", ""F1"", ""F#1"", ""G1"", ""G#1"", ""A1"", ""Bb1"", ""B1"", ""C2"", ""C#2"", ""D2"", ""Eb2"", ""E2"", ""F2"", ""F#2"", ""G2"", ""G#2"", ""A2"", ""Bb2"", ""B2"", ""C3"", ""C#3"", ""D3"", ""Eb3"", ""E3"", ""F3"", ""F#3"", ""G3"", ""G#3"", ""A3"", ""Bb3"", ""B3"", ""C4"", ""C#4"", ""D4"", ""Eb4"", ""E4"", ""F4"", ""F#4"", ""G4"", ""G#4"", ""A4"", ""Bb4"", ""B4"", ""C5"", ""C#5"", ""D5"", ""Eb5"", ""E5"", ""F5"", ""F#5"", ""G5"", ""G#5"", ""A5"", ""Bb5"", ""B5"", ""C6"", ""C#6"", ""D6"", ""Eb6"", ""E6"", ""F6"", ""F#6"", ""G6"", ""G#6"", ""A6"", ""Bb6"", ""B6"", ""C7"", ""C#7"", ""D7"", ""Eb7"", ""E7"", ""F7"", ""F#7"", ""G7"", ""G#7"", ""A7"", ""Bb7"", ""B7"", ""C8"", ""C#8"", ""D8"", ""Eb8"", ""E8"", ""F8"", ""F#8"", ""G8"", ""G#8"", ""A8"", ""Bb8"", ""B8"", ""C9"", ""C#9"", ""D9"", ""Eb9"", ""E9"", ""F9"", ""F#9"", ""G9""]",,Bias Position (0~127),"[""enum labels ui-derived from stringTable noteTable""]","{""file"": ""original-roland-files/Script/A8EE/Script.xml"", ""line"": 11648}"
fm.pat.tone[0].biasDirection,1F 00 20 60,int1x7,1,"[0, 3]",3,PatchTone,,script+doc,,"[""LOWER"", ""UPPER"", ""LO&UP"", ""ALL""]",,Bias Direction (0~3),"[""enum labels ui-derived from stringTable biasDirectionTable""]","{""file"": ""original-roland-files/Script/A8EE/Script.xml"", ""line"": 11656}"
fm.pat.tone[0].tvaLevelVelocityCurve,1F 00 20 61,int1x7,1,"[0, 7]",1,PatchTone,,script+doc,,"[""FIX."", ""1"", ""2"", ""3"", ""4"", ""5"", ""6"", ""7""]",,TVA Level Velocity Curve (0~7),"[""enum labels ui-derived from stringTable velocityCurveTable""]","{""file"": ""original-roland-files/Script/A8EE/Script.xml"", ""line"": 11664}"
fm.pat.tone[0].tvaLevelVelocitySens,1F 00 20 62,int1x7,1,"[1, 127]",96,PatchTone,,script+doc,-64,,,TVA Level Velocity Sens (1~127),[],"{""file"": ""original-roland-files/Script/A8EE/Script.xml"", ""line"": 11672}"
fm.pat.tone[0].tvaEnvTime1VelocitySens,1F 00 20 63,int1x7,1,"[1, 127]",64,PatchTone,,script+doc,-64,,,TVA Env Time 1 Velocity Sens (1~127),[],"{""file"": ""original-roland-files/Script/A8EE/Script.xml"", ""line"": 11680}"
fm.pat.tone[0].tvaEnvTime4VelocitySens,1F 00 20 64,int1x7,1,"[1, 127]",64,PatchTone,,script+doc,-64,,,TVA Env Time 4 Velocity Sens (1~127),[],"{""file"": ""original-roland-files/Script/A8EE/Script.xml"", ""line"": 11688}"
fm.pat.tone[0].tvaEnvTimeKeyfollow,1F 00 20 65,int1x7,1,"[54, 74]",64,PatchTone,,script+doc,-54,"[""-100"", ""-90"", ""-80"", ""-70"", ""-60"", ""-50"", ""-40"", ""-30"", ""-20"", ""-10"", ""0"", ""+10"", ""+20"", ""+30"", ""+40"", ""+50"", ""+60"", ""+70"", ""+80"", ""+90"", ""+100""]",,TVA Env Time Keyfollow (54~74),"[""enum labels ui-derived from stringTable kf-100-10Table""]","{""file"": ""original-roland-files/Script/A8EE/Script.xml"", ""line"": 11696}"
fm.pat.tone[0].tvaEnvTime1,1F 00 20 66,int1x7,1,"[0, 127]",0,PatchTone,,script+doc,,,,TVA Env Time 1 (0~127),[],"{""file"": ""original-roland-files/Script/A8EE/Script.xml"", ""line"": 11704}"
fm.pat.tone[0].tvaEnvTime2,1F 00 20 67,int1x7,1,"[0, 127]",10,PatchTone,,script+doc,,,,TVA Env Time 2 (0~127),[],"{""file"": ""original-roland-files/Script/A8EE/Script.xml"", ""line"": 11712}"
fm.pat.tone[0].tvaEnvTime3,1F 00 20 68,int1x7,1,"[0, 127]",10,PatchTone,,script+doc,,,,TVA Env Time 3 (0~127),[],"{""file"": ""original-roland-files/Script/A8EE/Script.xml"", ""line"": 11720}"
fm.pat.tone[0].tvaEnvTime4,1F 00 20 69,int1x7,1,"[0, 127]",10,PatchTone,,script+doc,,,,TVA Env Time 4 (0~127),[],"{""file"": ""original-roland-files/Script/A8EE/Script.xml"", ""line"": 11728}"
fm.pat.tone[0].tvaEnvLevel1,1F 00 20 6A,int1x7,1,"[0, 127]",127,PatchTone,,script+doc,,,,TVA Env Level 1 (0~127),[],"{""file"": ""original-roland-files/Script/A8EE/Script.xml"", ""line"": 11736}"
fm.pat.tone[0].tvaEnvLevel2,1F 00 20 6B,int1x7,1,"[0, 127]",127,PatchTone,,script+doc,,,,TVA Env Level 2 (0~127),[],"{""file"": ""original-roland-files/Script/A8EE/Script.xml"", ""line"": 11744}"
fm.pat.tone[0].tvaEnvLevel3,1F 00 20 6C,int1x7,1,"[0, 127]",127,PatchTone,,script+doc,,,,TVA Env Level 3 (0~127),[],"{""file"": ""original-roland-files/Script/A8EE/Script.xml"", ""line"": 11752}"
fm.pat.tone[0].lfoWaveForm[0],1F 00 20 6D,int1x7,1,"[0, 12]",1,PatchTone,,script+doc,,"[""SIN"", ""TRI"", ""SAW-UP"", ""SAW-DW"", ""SQR"", ""RND"", ""BEND-UP"", ""BEND-DW"", ""TRP"", ""S&H"", ""CHS"", ""VSIN"", ""STEP""]",,LFO1 Waveform (0~12),"[""enum labels ui-derived from stringTable lfoWaveFormTable""]","{""file"": ""original-roland-files/Script/A8EE/Script.xml"", ""line"": 11761}"
fm.pat.tone[0].lfoRate[0],1F 00 20 6E,int2x4,2,"[0, 127]",92,PatchTone,,script+doc,,,,,[],"{""file"": ""original-roland-files/Script/A8EE/Script.xml"", ""line"": 11769}"
fm.pat.tone[0].lfoOffset[0],1F 00 20 70,int1x7,1,"[0, 4]",2,PatchTone,,script+doc,,,,LFO1 Offset (0~4),[],"{""file"": ""original-roland-files/Script/A8EE/Script.xml"", ""line"": 11778}"
fm.pat.tone[0].lfoRateDetune[0],1F 00 20 71,int1x7,1,"[0, 127]",0,PatchTone,,script+doc,,,,LFO1 Rate Detune (0~127),[],"{""file"": ""original-roland-files/Script/A8EE/Script.xml"", ""line"": 11786}"
fm.pat.tone[0].lfoDelayTime[0],1F 00 20 72,int1x7,1,"[0, 127]",0,PatchTone,,script+doc,,,,LFO1 Delay Time (0~127),[],"{""file"": ""original-roland-files/Script/A8EE/Script.xml"", ""line"": 11794}"
fm.pat.tone[0].lfoDelayTimeKeyfollow[0],1F 00 20 73,int1x7,1,"[54, 74]",64,PatchTone,,script+doc,,,,LFO1 Delay Time Keyfollow (54~74),[],"{""file"": ""original-roland-files/Script/A8EE/Script.xml"", ""line"": 11802}"
fm.pat.tone[0].lfoFadeMode[0],1F 00 20 74,int1x7,1,"[0, 3]",0,PatchTone,,script+doc,,"[""ON-IN"", ""ON-OUT"", ""OFF-IN"", ""OFF-OUT""]",,LFO1 Fade Mode (0~3),"[""enum labels ui-derived from stringTable lfoFadeModeTable""]","{""file"": ""original-roland-files/Script/A8EE/Script.xml"", ""line"": 11810}"
fm.pat.tone[0].lfoFadeTime[0],1F 00 20 75,int1x7,1,"[0, 127]",0,PatchTone,,script+doc,,,,LFO1 Fade Time (0~127),[],"{""file"": ""original-roland-files/Script/A8EE/Script.xml"", ""line"": 11818}"
fm.pat.tone[0].lfoKeyTrigger[0],1F 00 20 76,int1x7,1,"[0, 1]",0,PatchTone,,script,,,,LFO1 Key Trigger (0~127) (0~127),"[""doc cross-check: range differs (doc [0, 127])""]","{""file"": ""original-roland-files/Script/A8EE/Script.xml"", ""line"": 11826}"
fm.pat.tone[0].lfoPitchDepth[0],1F 00 20 77,int1x7,1,"[1, 127]",64,PatchTone,,script+doc,-64,,,LFO1 Pitch Depth (1~127),[],"{""file"": ""original-roland-files/Script/A8EE/Script.xml"", ""line"": 11834}"
fm.pat.tone[0].lfoTvfDepth[0],1F 00 20 78,int1x7,1,"[1, 127]",64,PatchTone,,script+doc,-64,,,LFO1 TVF Depth (1~127),[],"{""file"": ""original-roland-files/Script/A8EE/Script.xml"", ""line"": 11842}"
fm.pat.tone[0].lfoTvaDepth[0],1F 00 20 79,int1x7,1,"[1, 127]",64,PatchTone,,script+doc,-64,,,LFO1 TVA Depth (1~127),[],"{""file"": ""original-roland-files/Script/A8EE/Script.xml"", ""line"": 11850}"
fm.pat.tone[0].lfoPanDepth[0],1F 00 20 7A,int1x7,1,"[1, 127]",64,PatchTone,,script+doc,-64,,,LFO1 Pan Depth (1~127),[],"{""file"": ""original-roland-files/Script/A8EE/Script.xml"", ""line"": 11858}"
fm.pat.tone[0].lfoWaveForm[1],1F 00 20 7B,int1x7,1,"[0, 12]",1,PatchTone,,script+doc,,"[""SIN"", ""TRI"", ""SAW-UP"", ""SAW-DW"", ""SQR"", ""RND"", ""BEND-UP"", ""BEND-DW"", ""TRP"", ""S&H"", ""CHS"", ""VSIN"", ""STEP""]",,LFO2 Waveform (0~12),"[""enum labels ui-derived from stringTable lfoWaveFormTable""]","{""file"": ""original-roland-files/Script/A8EE/Script.xml"", ""line"": 11867}"
fm.pat.tone[0].lfoRate[1],1F 00 20 7C,int2x4,2,"[0, 127]",92,PatchTone,,script+doc,,,,,[],"{""file"": ""original-roland-files/Script/A8EE/Script.xml"", ""line"": 11875}"
fm.pat.tone[0].lfoOffset[1],1F 00 20 7E,int1x7,1,"[0, 4]",2,PatchTone,,script+doc,,,,LFO2 Offset (0~4),[],"{""file"": ""original-roland-files/Script/A8EE/Script.xml"", ""line"": 11883}"
fm.pat.tone[0].lfoRateDetune[1],1F 00 20 7F,int1x7,1,"[0, 127]",0,PatchTone,,script+doc,,,,LFO2 Rate Detune (0~127),[],"{""file"": ""original-roland-files/Script/A8EE/Script.xml"", ""line"": 11891}"
fm.pat.tone[0].lfoDelayTime[1],1F 00 21 00,int1x7,1,"[0, 127]",0,PatchTone,,script+doc,,,,LFO2 Delay Time (0~127),[],"{""file"": ""original-roland-files/Script/A8EE/Script.xml"", ""line"": 11899}"
fm.pat.tone[0].lfoDelayTimeKeyfollow[1],1F 00 21 01,int1x7,1,"[54, 74]",64,PatchTone,,script+doc,,,,LFO2 Delay Time Keyfollow (54~74),[],"{""file"": ""original-roland-files/Script/A8EE/Script.xml"", ""line"": 11907}"
fm.pat.tone[0].lfoFadeMode[1],1F 00 21 02,int1x7,1,"[0, 3]",0,PatchTone,,script+doc,,"[""ON-IN"", ""ON-OUT"", ""OFF-IN"", ""OFF-OUT""]",,LFO2 Fade Mode (0~3),"[""enum labels ui-derived from stringTable lfoFadeModeTable""]","{""file"": ""original-roland-files/Script/A8EE/Script.xml"", ""line"": 11915}"
fm.pat.tone[0].lfoFadeTime[1],1F 00 21 03,int1x7,1,"[0, 127]",0,PatchTone,,script+doc,,,,LFO2 Fade Time (0~127),[],"{""file"": ""original-roland-files/Script/A8EE/Script.xml"", ""line"": 11923}"
fm.pat.tone[0].lfoKeyTrigger[1],1F 00 21 04,int1x7,1,"[0, 1]",0,PatchTone,,script+doc,,,,LFO2 Key Trigger (0~1),[],"{""file"": ""original-roland-files/Script/A8EE/Script.xml"", ""line"": 11931}"
fm.pat.tone[0].lfoPitchDepth[1],1F 00 21 05,int1x7,1,"[1, 127]",64,PatchTone,,script+doc,-64,,,LFO2 Pitch Depth (1~127),[],"{""file"": ""original-roland-files/Script/A8EE/Script.xml"", ""line"": 11939}"
fm.pat.tone[0].lfoTvfDepth[1],1F 00 21 06,int1x7,1,"[1, 127]",64,PatchTone,,script+doc,-64,,,LFO2 TVF Depth (1~127),[],"{""file"": ""original-roland-files/Script/A8EE/Script.xml"", ""line"": 11947}"
fm.pat.tone[0].lfoTvaDepth[1],1F 00 21 07,int1x7,1,"[1, 127]",64,PatchTone,,script+doc,-64,,,LFO2 TVA Depth (1~127),[],"{""file"": ""original-roland-files/Script/A8EE/Script.xml"", ""line"": 11955}"
fm.pat.tone[0].lfoPanDepth[1],1F 00 21 08,int1x7,1,"[1, 127]",64,PatchTone,,script+doc,-64,,,LFO2 Pan Depth (1~127),[],"{""file"": ""original-roland-files/Script/A8EE/Script.xml"", ""line"": 11963}"
fm.pat.tone[0].lfoStepType,1F 00 21 09,int1x7,1,"[0, 1]",0,PatchTone,,script+doc,,,,LFO Step Type (0~1),[],"{""file"": ""original-roland-files/Script/A8EE/Script.xml"", ""line"": 11972}"
fm.pat.tone[0].lfoStep1,1F 00 21 0A,int1x7,1,"[28, 100]",64,PatchTone,,script+doc,-64,,,LFO Step1 (28~100),[],"{""file"": ""original-roland-files/Script/A8EE/Script.xml"", ""line"": 11980}"
fm.pat.tone[0].lfoStep2,1F 00 21 0B,int1x7,1,"[28, 100]",64,PatchTone,,script+doc,-64,,,LFO Step2 (28~100),[],"{""file"": ""original-roland-files/Script/A8EE/Script.xml"", ""line"": 11988}"
fm.pat.tone[0].lfoStep3,1F 00 21 0C,int1x7,1,"[28, 100]",64,PatchTone,,script+doc,-64,,,LFO Step3 (28~100),[],"{""file"": ""original-roland-files/Script/A8EE/Script.xml"", ""line"": 11996}"
fm.pat.tone[0].lfoStep4,1F 00 21 0D,int1x7,1,"[28, 100]",64,PatchTone,,script+doc,-64,,,LFO Step4 (28~100),[],"{""file"": ""original-roland-files/Script/A8EE/Script.xml"", ""line"": 12004}"
fm.pat.tone[0].lfoStep5,1F 00 21 0E,int1x7,1,"[28, 100]",64,PatchTone,,script+doc,-64,,,LFO Step5 (28~100),[],"{""file"": ""original-roland-files/Script/A8EE/Script.xml"", ""line"": 12012}"
fm.pat.tone[0].lfoStep6,1F 00 21 0F,int1x7,1,"[28, 100]",64,PatchTone,,script+doc,-64,,,LFO Step6 (28~100),[],"{""file"": ""original-roland-files/Script/A8EE/Script.xml"", ""line"": 12020}"
fm.pat.tone[0].lfoStep7,1F 00 21 10,int1x7,1,"[28, 100]",64,PatchTone,,script+doc,-64,,,LFO Step7 (28~100),[],"{""file"": ""original-roland-files/Script/A8EE/Script.xml"", ""line"": 12028}"
fm.pat.tone[0].lfoStep8,1F 00 21 11,int1x7,1,"[28, 100]",64,PatchTone,,script+doc,-64,,,LFO Step8 (28~100),[],"{""file"": ""original-roland-files/Script/A8EE/Script.xml"", ""line"": 12036}"
fm.pat.tone[0].lfoStep9,1F 00 21 12,int1x7,1,"[28, 100]",64,PatchTone,,script+doc,-64,,,LFO Step9 (28~100),[],"{""file"": ""original-roland-files/Script/A8EE/Script.xml"", ""line"": 12044}"
fm.pat.tone[0].lfoStep10,1F 00 21 13,int1x7,1,"[28, 100]",64,PatchTone,,script+doc,-64,,,LFO Step10 (28~100),[],"{""file"": ""original-roland-files/Script/A8EE/Script.xml"", ""line"": 12052}"
fm.pat.tone[0].lfoStep11,1F 00 21 14,int1x7,1,"[28, 100]",64,PatchTone,,script+doc,-64,,,LFO Step11 (28~100),[],"{""file"": ""original-roland-files/Script/A8EE/Script.xml"", ""line"": 12060}"
fm.pat.tone[0].lfoStep12,1F 00 21 15,int1x7,1,"[28, 100]",64,PatchTone,,script+doc,-64,,,LFO Step12 (28~100),[],"{""file"": ""original-roland-files/Script/A8EE/Script.xml"", ""line"": 12068}"
fm.pat.tone[0].lfoStep13,1F 00 21 16,int1x7,1,"[28, 100]",64,PatchTone,,script+doc,-64,,,LFO Step13 (28~100),[],"{""file"": ""original-roland-files/Script/A8EE/Script.xml"", ""line"": 12076}"
fm.pat.tone[0].lfoStep14,1F 00 21 17,int1x7,1,"[28, 100]",64,PatchTone,,script+doc,-64,,,LFO Step14 (28~100),[],"{""file"": ""original-roland-files/Script/A8EE/Script.xml"", ""line"": 12084}"
fm.pat.tone[0].lfoStep15,1F 00 21 18,int1x7,1,"[28, 100]",64,PatchTone,,script+doc,-64,,,LFO Step15 (28~100),[],"{""file"": ""original-roland-files/Script/A8EE/Script.xml"", ""line"": 12092}"
fm.pat.tone[0].lfoStep16,1F 00 21 19,int1x7,1,"[28, 100]",64,PatchTone,,script+doc,-64,,,LFO Step16 (28~100),[],"{""file"": ""original-roland-files/Script/A8EE/Script.xml"", ""line"": 12100}"
fm.pat.tone[1].toneLevel,1F 00 22 00,int1x7,1,"[0, 127]",127,PatchTone,,script+doc,,,,Tone Level (0~127),[],"{""file"": ""original-roland-files/Script/A8EE/Script.xml"", ""line"": 10967}"
fm.pat.tone[1].toneCoarseTune,1F 00 22 01,int1x7,1,"[16, 112]",64,PatchTone,,script+doc,-64,,,Tone Coarse Tune (16 - 112),[],"{""file"": ""original-roland-files/Script/A8EE/Script.xml"", ""line"": 10975}"
fm.pat.tone[1].toneFineTune,1F 00 22 02,int1x7,1,"[14, 114]",64,PatchTone,,script+doc,-64,,,Tone Fine Tune (14 - 114),[],"{""file"": ""original-roland-files/Script/A8EE/Script.xml"", ""line"": 10983}"
fm.pat.tone[1].toneRandomPitchDepth,1F 00 22 03,int1x7,1,"[0, 30]",0,PatchTone,,script+doc,,"[""0"", ""1"", ""2"", ""3"", ""4"", ""5"", ""6"", ""7"", ""8"", ""9"", ""10"", ""20"", ""30"", ""40"", ""50"", ""60"", ""70"", ""80"", ""90"", ""100"", ""200"", ""300"", ""400"", ""500"", ""600"", ""700"", ""800"", ""900"", ""1000"", ""1100"", ""1200""]",,Tone Random Pitch Depth (0~30),"[""enum labels ui-derived from stringTable toneRandomPitchDepthTable""]","{""file"": ""original-roland-files/Script/A8EE/Script.xml"", ""line"": 10991}"
fm.pat.tone[1].tonePan,1F 00 22 04,int1x7,1,"[0, 127]",64,PatchTone,,script+doc,,"[""L64"", ""L63"", ""L62"", ""L61"", ""L60"", ""L59"", ""L58"", ""L57"", ""L56"", ""L55"", ""L54"", ""L53"", ""L52"", ""L51"", ""L50"", ""L49"", ""L48"", ""L47"", ""L46"", ""L45"", ""L44"", ""L43"", ""L42"", ""L41"", ""L40"", ""L39"", ""L38"", ""L37"", ""L36"", ""L35"", ""L34"", ""L33"", ""L32"", ""L31"", ""L30"", ""L29"", ""L28"", ""L27"", ""L26"", ""L25"", ""L24"", ""L23"", ""L22"", ""L21"", ""L20"", ""L19"", ""L18"", ""L17"", ""L16"", ""L15"", ""L14"", ""L13"", ""L12"", ""L11"", ""L10"", ""L09"", ""L08"", ""L07"", ""L06"", ""L05"", ""L04"", ""L03"", ""L02"", ""L01"", ""0"", ""01R"", ""02R"", ""03R"", ""04R"", ""05R"", ""06R"", ""07R"", ""08R"", ""09R"", ""10R"", ""11R"", ""12R"", ""13R"", ""14R"", ""15R"", ""16R"", ""17R"", ""18R"", ""19R"", ""20R"", ""21R"", ""22R"", ""23R"", ""24R"", ""25R"", ""26R"", ""27R"", ""28R"", ""29R"", ""30R"", ""31R"", ""32R"", ""33R"", ""34R"", ""35R"", ""36R"", ""37R"", ""38R"", ""39R"", ""40R"", ""41R"", ""42R"", ""43R"", ""44R"", ""45R"", ""46R"", ""47R"", ""48R"", ""49R"", ""50R"", ""51R"", ""52R"", ""53R"", ""54R"", ""55R"", ""56R"", ""57R"", ""58R"", ""59R"", ""60R"", ""61R"", ""62R"", ""63R""]",,Tone Pan (0~127),"[""enum labels ui-derived from stringTable panTable""]","{""file"": ""original-roland-files/Script/A8EE/Script.xml"", ""line"": 10999}"
fm.pat.tone[1].tonePanKeyfollow,1F 00 22 05,int1x7,1,"[54, 74]",64,PatchTone,,script+doc,-54,"[""-100"", ""-90"", ""-80"", ""-70"", ""-60"", ""-50"", ""-40"", ""-30"", ""-20"", ""-10"", ""0"", ""+10"", ""+20"", ""+30"", ""+40"", ""+50"", ""+60"", ""+70"", ""+80"", ""+90"", ""+100""]",,Tone Pan Keyfollow (54~74),"[""enum labels ui-derived from stringTable kf-100-10Table""]","{""file"": ""original-roland-files/Script/A8EE/Script.xml"", ""line"": 11007}"
fm.pat.tone[1].toneRandomPanDepth,1F 00 22 06,int1x7,1,"[0, 63]",0,PatchTone,,script+doc,,,,Tone Random Pan Depth (0~63),[],"{""file"": ""original-roland-files/Script/A8EE/Script.xml"", ""line"": 11015}"
fm.pat.tone[1].toneAlternatePanDepth,1F 00 22 07,int1x7,1,"[1, 127]",64,PatchTone,,script+doc,,"[""L63"", ""L62"", ""L61"", ""L60"", ""L59"", ""L58"", ""L57"", ""L56"", ""L55"", ""L54"", ""L53"", ""L52"", ""L51"", ""L50"", ""L49"", ""L48"", ""L47"", ""L46"", ""L45"", ""L44"", ""L43"", ""L42"", ""L41"", ""L40"", ""L39"", ""L38"", ""L37"", ""L36"", ""L35"", ""L34"", ""L33"", ""L32"", ""L31"", ""L30"", ""L29"", ""L28"", ""L27"", ""L26"", ""L25"", ""L24"", ""L23"", ""L22"", ""L21"", ""L20"", ""L19"", ""L18"", ""L17"", ""L16"", ""L15"", ""L14"", ""L13"", ""L12"", ""L11"", ""L10"", ""L09"", ""L08"", ""L07"", ""L06"", ""L05"", ""L04"", ""L03"", ""L02"", ""L01"", ""0"", ""01R"", ""02R"", ""03R"", ""04R"", ""05R"", ""06R"", ""07R"", ""08R"", ""09R"", ""10R"", ""11R"", ""12R"", ""13R"", ""14R"", ""15R"", ""16R"", ""17R"", ""18R"", ""19R"", ""20R"", ""21R"", ""22R"", ""23R"", ""24R"", ""25R"", ""26R"", ""27R"", ""28R"", ""29R"", ""30R"", ""31R"", ""32R"", ""33R"", ""34R"", ""35R"", ""36R"", ""37R"", ""38R"", ""39R"", ""40R"", ""41R"", ""42R"", ""43R"", ""44R"", ""45R"", ""46R"", ""47R"", ""48R"", ""49R"", ""50R"", ""51R"", ""52R"", ""53R"", ""54R"", ""55R"", ""56R"", ""57R"", ""58R"", ""59R"", ""60R"", ""61R"", ""62R"", ""63R""]",,Tone Alternate Pan Depth (1~127),"[""enum labels ui-derived from stringTable panTableL63""]","{""file"": ""original-roland-files/Script/A8EE/Script.xml"", ""line"": 11023}"
fm.pat.tone[1].toneEnvMode,1F 00 22 08,int1x7,1,"[0, 1]",1,PatchTone,,script+doc,,,,Tone Env Mode (0~1),[],"{""file"": ""original-roland-files/Script/A8EE/Script.xml"", ""line"": 11031}"
fm.pat.tone[1].toneDelayMode,1F 00 22 09,int1x7,1,"[0, 3]",0,PatchTone,,script+doc,,,,Tone Delay Mode (0~3),[],"{""file"": ""original-roland-files/Script/A8EE/Script.xml"", ""line"": 11039}"
fm.pat.tone[1].toneDelayTime,1F 00 22 0A,int2x4,2,"[0, 127]",0,PatchTone,,script+doc,,,,,[],"{""file"": ""original-roland-files/Script/A8EE/Script.xml"", ""line"": 11047}"
fm.pat.tone[1].toneDrySendLevel,1F 00 22 0C,int1x7,1,"[0, 127]",127,PatchTone,,script+doc,,,,Tone Dry Send Level (0~127),[],"{""file"": ""original-roland-files/Script/A8EE/Script.xml"", ""line"": 11055}"
fm.pat.tone[1].toneChorusSendLevelMFX,1F 00 22 0D,int1x7,1,"[0, 127]",0,PatchTone,,script+doc,,,,Tone Chorus Send Level (MFX) (0~127),[],"{""file"": ""original-roland-files/Script/A8EE/Script.xml"", ""line"": 11063}"
fm.pat.tone[1].toneReverbSendLevelMFX,1F 00 22 0E,int1x7,1,"[0, 127]",0,PatchTone,,script+doc,,,,Tone Reverb Send Level (MFX) (0~127),[],"{""file"": ""original-roland-files/Script/A8EE/Script.xml"", ""line"": 11071}"
fm.pat.tone[1].toneChorusSendLevelNonMFX,1F 00 22 0F,int1x7,1,"[0, 127]",127,PatchTone,,script+doc,,,,Tone Chorus Send Level (non MFX) (0~127),[],"{""file"": ""original-roland-files/Script/A8EE/Script.xml"", ""line"": 11079}"
fm.pat.tone[1].toneReverbSendLevelNonMFX,1F 00 22 10,int1x7,1,"[0, 127]",127,PatchTone,,script+doc,,,,Tone Reverb Send Level (non MFX) (0~127),[],"{""file"": ""original-roland-files/Script/A8EE/Script.xml"", ""line"": 11087}"
fm.pat.tone[1].toneOutputAssign,1F 00 22 11,int1x7,1,"[0, 12]",0,PatchTone,,script+doc,,"[""MFX"", ""L+R"", ""L"", ""R""]","[0, 1, 5, 6]",Tone Output Assign ) (0~12,"[""enum labels ui-derived from stringTable toneOutputAssignTable""]","{""file"": ""original-roland-files/Script/A8EE/Script.xml"", ""line"": 11095}"
fm.pat.tone[1].toneReceiveBender,1F 00 22 12,int1x7,1,"[0, 1]",1,PatchTone,,script+doc,,,,Tone Receive Bender (0~1),[],"{""file"": ""original-roland-files/Script/A8EE/Script.xml"", ""line"": 11104}"
fm.pat.tone[1].toneReceiveExpression,1F 00 22 13,int1x7,1,"[0, 1]",1,PatchTone,,script+doc,,,,Tone Receive Expression (0~1),[],"{""file"": ""original-roland-files/Script/A8EE/Script.xml"", ""line"": 11112}"
fm.pat.tone[1].toneReceiveHold-1,1F 00 22 14,int1x7,1,"[0, 1]",1,PatchTone,,script+doc,,,,Tone Receive Hold-1 (0~1),[],"{""file"": ""original-roland-files/Script/A8EE/Script.xml"", ""line"": 11120}"
fm.pat.tone[1].toneReceivePanMode,1F 00 22 15,int1x7,1,"[0, 1]",0,PatchTone,,script+doc,,,,Tone Receive Pan Mode (0~1),[],"{""file"": ""original-roland-files/Script/A8EE/Script.xml"", ""line"": 11128}"
fm.pat.tone[1].toneRedamperSwitch,1F 00 22 16,int1x7,1,"[0, 1]",0,PatchTone,,script+doc,,,,Tone Redamper Switch (0~1),[],"{""file"": ""original-roland-files/Script/A8EE/Script.xml"", ""line"": 11136}"
fm.pat.tone[1].toneControl1Switch1,1F 00 22 17,int1x7,1,"[0, 2]",1,PatchTone,,script+doc,,,,Tone Control 1 Switch 1 (0~2),[],"{""file"": ""original-roland-files/Script/A8EE/Script.xml"", ""line"": 11144}"
fm.pat.tone[1].toneControl1Switch2,1F 00 22 18,int1x7,1,"[0, 2]",1,PatchTone,,script+doc,,,,Tone Control 1 Switch 2 (0~2) (0~2),[],"{""file"": ""original-roland-files/Script/A8EE/Script.xml"", ""line"": 11152}"
fm.pat.tone[1].toneControl1Switch3,1F 00 22 19,int1x7,1,"[0, 2]",1,PatchTone,,script+doc,,,,Tone Control 1 Switch 3 (0~2),[],"{""file"": ""original-roland-files/Script/A8EE/Script.xml"", ""line"": 11160}"
fm.pat.tone[1].toneControl1Switch4,1F 00 22 1A,int1x7,1,"[0, 2]",1,PatchTone,,script+doc,,,,Tone Control 1 Switch 4 (0~2),[],"{""file"": ""original-roland-files/Script/A8EE/Script.xml"", ""line"": 11168}"
fm.pat.tone[1].toneControl2Switch1,1F 00 22 1B,int1x7,1,"[0, 2]",1,PatchTone,,script+doc,,,,Tone Control 2 Switch 1 (0~2),[],"{""file"": ""original-roland-files/Script/A8EE/Script.xml"", ""line"": 11176}"
fm.pat.tone[1].toneControl2Switch2,1F 00 22 1C,int1x7,1,"[0, 2]",1,PatchTone,,script+doc,,,,Tone Control 2 Switch 2 (0~2),[],"{""file"": ""original-roland-files/Script/A8EE/Script.xml"", ""line"": 11184}"
fm.pat.tone[1].toneControl2Switch3,1F 00 22 1D,int1x7,1,"[0, 2]",1,PatchTone,,script+doc,,,,Tone Control 2 Switch 3 (0~2),[],"{""file"": ""original-roland-files/Script/A8EE/Script.xml"", ""line"": 11192}"
fm.pat.tone[1].toneControl2Switch4,1F 00 22 1E,int1x7,1,"[0, 2]",1,PatchTone,,script+doc,,,,Tone Control 2 Switch 4 (0~2),[],"{""file"": ""original-roland-files/Script/A8EE/Script.xml"", ""line"": 11200}"
fm.pat.tone[1].toneControl3Switch1,1F 00 22 1F,int1x7,1,"[0, 2]",1,PatchTone,,script+doc,,,,Tone Control 3 Switch 1 (0~2),[],"{""file"": ""original-roland-files/Script/A8EE/Script.xml"", ""line"": 11208}"
fm.pat.tone[1].toneControl3Switch2,1F 00 22 20,int1x7,1,"[0, 2]",1,PatchTone,,script+doc,,,,Tone Control 3 Switch 2 (0~2),[],"{""file"": ""original-roland-files/Script/A8EE/Script.xml"", ""line"": 11216}"
fm.pat.tone[1].toneControl3Switch3,1F 00 22 21,int1x7,1,"[0, 2]",1,PatchTone,,script+doc,,,,Tone Control 3 Switch 3 (0~2),[],"{""file"": ""original-roland-files/Script/A8EE/Script.xml"", ""line"": 11224}"
fm.pat.tone[1].toneControl3Switch4,1F 00 22 22,int1x7,1,"[0, 2]",1,PatchTone,,script+doc,,,,Tone Control 3 Switch 4 (0~2),[],"{""file"": ""original-roland-files/Script/A8EE/Script.xml"", ""line"": 11232}"
fm.pat.tone[1].toneControl4Switch1,1F 00 22 23,int1x7,1,"[0, 2]",1,PatchTone,,script+doc,,,,Tone Control 4 Switch 1 (0~2),[],"{""file"": ""original-roland-files/Script/A8EE/Script.xml"", ""line"": 11240}"
fm.pat.tone[1].toneControl4Switch2,1F 00 22 24,int1x7,1,"[0, 2]",1,PatchTone,,script+doc,,,,Tone Control 4 Switch 2 (0~2),[],"{""file"": ""original-roland-files/Script/A8EE/Script.xml"", ""line"": 11248}"
fm.pat.tone[1].toneControl4Switch3,1F 00 22 25,int1x7,1,"[0, 2]",1,PatchTone,,script+doc,,,,Tone Control 4 Switch 3 (0~2),[],"{""file"": ""original-roland-files/Script/A8EE/Script.xml"", ""line"": 11256}"
fm.pat.tone[1].toneControl4Switch4,1F 00 22 26,int1x7,1,"[0, 2]",1,PatchTone,,script+doc,,,,Tone Control 4 Switch 4 (0~2),[],"{""file"": ""original-roland-files/Script/A8EE/Script.xml"", ""line"": 11264}"
fm.pat.tone[1].waveGroupType,1F 00 22 27,int1x7,1,"[0, 3]",1,PatchTone,,script+doc,,,,Wave Group Type (0~3),[],"{""file"": ""original-roland-files/Script/A8EE/Script.xml"", ""line"": 11272}"
fm.pat.tone[1].waveGroupID,1F 00 22 28,int4x4,4,"[0, 16384]",23,PatchTone,,script+doc,,,,,[],"{""file"": ""original-roland-files/Script/A8EE/Script.xml"", ""line"": 11280}"
fm.pat.tone[1].waveNumberL,1F 00 22 2C,int4x4,4,"[0, 16384]",1,PatchTone,,script+doc,,,,,[],"{""file"": ""original-roland-files/Script/A8EE/Script.xml"", ""line"": 11288}"
fm.pat.tone[1].waveNumberR,1F 00 22 30,int4x4,4,"[0, 16384]",0,PatchTone,,script+doc,,,,,[],"{""file"": ""original-roland-files/Script/A8EE/Script.xml"", ""line"": 11296}"
fm.pat.tone[1].waveGain,1F 00 22 34,int1x7,1,"[0, 3]",1,PatchTone,,script+doc,,"[""-6"", ""0"", ""+6"", ""+12""]",,Wave Gain (0~3),"[""enum labels ui-derived from stringTable gain-6-6Table""]","{""file"": ""original-roland-files/Script/A8EE/Script.xml"", ""line"": 11304}"
fm.pat.tone[1].waveFXMSwitch,1F 00 22 35,int1x7,1,"[0, 1]",0,PatchTone,,script+doc,,,,Wave FXM Switch (0~1),[],"{""file"": ""original-roland-files/Script/A8EE/Script.xml"", ""line"": 11312}"
fm.pat.tone[1].waveFXMColor,1F 00 22 36,int1x7,1,"[0, 3]",0,PatchTone,,script+doc,1,,,Wave FXM Color (0~3),[],"{""file"": ""original-roland-files/Script/A8EE/Script.xml"", ""line"": 11320}"
fm.pat.tone[1].waveFXMDepth,1F 00 22 37,int1x7,1,"[0, 16]",0,PatchTone,,script+doc,,,,Wave FXM Depth (0~16),[],"{""file"": ""original-roland-files/Script/A8EE/Script.xml"", ""line"": 11328}"
fm.pat.tone[1].reserve38,1F 00 22 38,int1x7,1,"[0, 1]",0,PatchTone,,script+doc,,,,(reserve) (0~1),[],"{""file"": ""original-roland-files/Script/A8EE/Script.xml"", ""line"": 11336}"
fm.pat.tone[1].wavePitchKeyfollow,1F 00 22 39,int1x7,1,"[44, 84]",74,PatchTone,,script+doc,-44,"[""-200"", ""-190"", ""-180"", ""-170"", ""-160"", ""-150"", ""-140"", ""-130"", ""-120"", ""-110"", ""-100"", ""-90"", ""-80"", ""-70"", ""-60"", ""-50"", ""-40"", ""-30"", ""-20"", ""-10"", ""0"", ""+10"", ""+20"", ""+30"", ""+40"", ""+50"", ""+60"", ""+70"", ""+80"", ""+90"", ""+100"", ""+110"", ""+120"", ""+130"", ""+140"", ""+150"", ""+160"", ""+170"", ""+180"", ""+190"", ""+200""]",,Wave Pitch Keyfollow (44 ~84),"[""enum labels ui-derived from stringTable kf-200-10Table""]","{""file"": ""original-roland-files/Script/A8EE/Script.xml"", ""line"": 11344}"
fm.pat.tone[1].pitchEnvDepth,1F 00 22 3A,int1x7,1,"[52, 76]",64,PatchTone,,script+doc,-64,,,Pitch Env Depth (52 - 76),[],"{""file"": ""original-roland-files/Script/A8EE/Script.xml"", ""line"": 11352}"
fm.pat.tone[1].pitchEnvVelocitySens,1F 00 22 3B,int1x7,1,"[1, 127]",64,PatchTone,,script+doc,-64,,,Pitch Env Velocity Sens (1~127),[],"{""file"": ""original-roland-files/Script/A8EE/Script.xml"", ""line"": 11360}"
fm.pat.tone[1].pitchEnvTime1VelocitySens,1F 00 22 3C,int1x7,1,"[1, 127]",64,PatchTone,,script+doc,-64,,,Pitch Env Time 1 Velocity Sens (1~127),[],"{""file"": ""original-roland-files/Script/A8EE/Script.xml"", ""line"": 11368}"
fm.pat.tone[1].pitchEnvTime4VelocitySens,1F 00 22 3D,int1x7,1,"[1, 127]",64,PatchTone,,script+doc,-64,,,Pitch Env Time 4 Velocity Sens (1~127),[],"{""file"": ""original-roland-files/Script/A8EE/Script.xml"", ""line"": 11376}"
fm.pat.tone[1].pitchEnvTimeKeyFollow,1F 00 22 3E,int1x7,1,"[54, 74]",64,PatchTone,,script+doc,-54,"[""-100"", ""-90"", ""-80"", ""-70"", ""-60"", ""-50"", ""-40"", ""-30"", ""-20"", ""-10"", ""0"", ""+10"", ""+20"", ""+30"", ""+40"", ""+50"", ""+60"", ""+70"", ""+80"", ""+90"", ""+100""]",,Pitch Env Time Keyfollow (54~ 74),"[""enum labels ui-derived from stringTable kf-100-10Table""]","{""file"": ""original-roland-files/Script/A8EE/Script.xml"", ""line"": 11384}"
fm.pat.tone[1].pitchEnvTime1,1F 00 22 3F,int1x7,1,"[0, 127]",40,PatchTone,,script+doc,,,,Pitch Env Time 1 (0~127),[],"{""file"": ""original-roland-files/Script/A8EE/Script.xml"", ""line"": 11392}"
fm.pat.tone[1].pitchEnvTime2,1F 00 22 40,int1x7,1,"[0, 127]",80,PatchTone,,script+doc,,,,Pitch Env Time 2 (0~127),[],"{""file"": ""original-roland-files/Script/A8EE/Script.xml"", ""line"": 11400}"
fm.pat.tone[1].pitchEnvTime3,1F 00 22 41,int1x7,1,"[0, 127]",40,PatchTone,,script+doc,,,,Pitch Env Time 3 (0~127),[],"{""file"": ""original-roland-files/Script/A8EE/Script.xml"", ""line"": 11408}"
fm.pat.tone[1].pitchEnvTime4,1F 00 22 42,int1x7,1,"[0, 127]",0,PatchTone,,script+doc,,,,Pitch Env Time 4 (0~127),[],"{""file"": ""original-roland-files/Script/A8EE/Script.xml"", ""line"": 11416}"
fm.pat.tone[1].pitchEnvLevel0,1F 00 22 43,int1x7,1,"[1, 127]",64,PatchTone,,script+doc,-64,,,Pitch Env Level 0 (1~127),[],"{""file"": ""original-roland-files/Script/A8EE/Script.xml"", ""line"": 11424}"
fm.pat.tone[1].pitchEnvLevel1,1F 00 22 44,int1x7,1,"[1, 127]",34,PatchTone,,script+doc,-64,,,Pitch Env Level 1 (1~127),[],"{""file"": ""original-roland-files/Script/A8EE/Script.xml"", ""line"": 11432}"
fm.pat.tone[1].pitchEnvLevel2,1F 00 22 45,int1x7,1,"[1, 127]",94,PatchTone,,script+doc,-64,,,Pitch Env Level 2 (1~127),[],"{""file"": ""original-roland-files/Script/A8EE/Script.xml"", ""line"": 11440}"
fm.pat.tone[1].pitchEnvLevel3,1F 00 22 46,int1x7,1,"[1, 127]",64,PatchTone,,script+doc,-64,,,Pitch Env Level 3 (1~127),[],"{""file"": ""original-roland-files/Script/A8EE/Script.xml"", ""line"": 11448}"
fm.pat.tone[1].pitchEnvLevel4,1F 00 22 47,int1x7,1,"[1, 127]",64,PatchTone,,script+doc,-64,,,Pitch Env Level 4 (1~127),[],"{""file"": ""original-roland-files/Script/A8EE/Script.xml"", ""line"": 11456}"
fm.pat.tone[1].tvfFilterType,1F 00 22 48,int1x7,1,"[0, 6]",1,PatchTone,,script+doc,,"[""OFF"", ""LPF"", ""BPF"", ""HPF"", ""PKG"", ""LPF2"", ""LPF3""]",,TVF Filter Type (0~6),"[""enum labels ui-derived from stringTable filterTypeTable""]","{""file"": ""original-roland-files/Script/A8EE/Script.xml"", ""line"": 11464}"
fm.pat.tone[1].tvfCutoffFrequency,1F 00 22 49,int1x7,1,"[0, 127]",127,PatchTone,,script+doc,,,,TVF Cutoff Frequency (0~127),[],"{""file"": ""original-roland-files/Script/A8EE/Script.xml"", ""line"": 11472}"
fm.pat.tone[1].tvfCutoffKeyfollow,1F 00 22 4A,int1x7,1,"[44, 84]",64,PatchTone,,script+doc,-44,"[""-200"", ""-190"", ""-180"", ""-170"", ""-160"", ""-150"", ""-140"", ""-130"", ""-120"", ""-110"", ""-100"", ""-90"", ""-80"", ""-70"", ""-60"", ""-50"", ""-40"", ""-30"", ""-20"", ""-10"", ""0"", ""+10"", ""+20"", ""+30"", ""+40"", ""+50"", ""+60"", ""+70"", ""+80"", ""+90"", ""+100"", ""+110"", ""+120"", ""+130"", ""+140"", ""+150"", ""+160"", ""+170"", ""+180"", ""+190"", ""+200""]",,TVF Cutoff Keyfollow (44~ 84),"[""enum labels ui-derived from stringTable kf-200-10Table""]","{""file"": ""original-roland-files/Script/A8EE/Script.xml"", ""line"": 11480}"
fm.pat.tone[1].tvfCutoffVelocityCurve,1F 00 22 4B,int1x7,1,"[0, 7]",1,PatchTone,,script+doc,,"[""FIX."", ""1"", ""2"", ""3"", ""4"", ""5"", ""6"", ""7""]",,TVF Cutoff Velocity Curve (0~7),"[""enum labels ui-derived from stringTable velocityCurveTable""]","{""file"": ""original-roland-files/Script/A8EE/Script.xml"", ""line"": 11488}"
fm.pat.tone[1].tvfCutoffVelocitySens,1F 00 22 4C,int1x7,1,"[1, 127]",64,PatchTone,,script+doc,-64,,,TVF Cutoff Velocity Sens (1~127),[],"{""file"": ""original-roland-files/Script/A8EE/Script.xml"", ""line"": 11496}"
fm.pat.tone[1].tvfResonance,1F 00 22 4D,int1x7,1,"[0, 127]",0,PatchTone,,script+doc,,,,TVF Resonance (0~127),[],"{""file"": ""original-roland-files/Script/A8EE/Script.xml"", ""line"": 11504}"
fm.pat.tone[1].tvfResonanceVelocitySens,1F 00 22 4E,int1x7,1,"[1, 127]",64,PatchTone,,script+doc,-64,,,TVF Resonance Velocity Sens (1~127),[],"{""file"": ""original-roland-files/Script/A8EE/Script.xml"", ""line"": 11512}"
fm.pat.tone[1].tvfEnvDepth,1F 00 22 4F,int1x7,1,"[1, 127]",64,PatchTone,,script+doc,-64,,,TVF Env Depth (1~127),[],"{""file"": ""original-roland-files/Script/A8EE/Script.xml"", ""line"": 11520}"
fm.pat.tone[1].tvfEnvVelocityCurve,1F 00 22 50,int1x7,1,"[0, 7]",1,PatchTone,,script+doc,,"[""FIX."", ""1"", ""2"", ""3"", ""4"", ""5"", ""6"", ""7""]",,TVF Env Velocity Curve (0~7),"[""enum labels ui-derived from stringTable velocityCurveTable""]","{""file"": ""original-roland-files/Script/A8EE/Script.xml"", ""line"": 11528}"
fm.pat.tone[1].tvfEnvVelocitySens,1F 00 22 51,int1x7,1,"[1, 127]",64,PatchTone,,script+doc,-64,,,TVF Env Velocity Sens (1~127),[],"{""file"": ""original-roland-files/Script/A8EE/Script.xml"", ""line"": 11536}"
fm.pat.tone[1].tvfEnvTime1VelocitySens,1F 00 22 52,int1x7,1,"[1, 127]",64,PatchTone,,script+doc,-64,,,TVF Env Time 1 Velocity Sens (1~127),[],"{""file"": ""original-roland-files/Script/A8EE/Script.xml"", ""line"": 11544}"
fm.pat.tone[1].tvfEnvTime4VelocitySens,1F 00 22 53,int1x7,1,"[1, 127]",64,PatchTone,,script+doc,-64,,,TVF Env Time 4 Velocity Sens (1~127),[],"{""file"": ""original-roland-files/Script/A8EE/Script.xml"", ""line"": 11552}"
fm.pat.tone[1].tvfEnvTimeKeyfollow,1F 00 22 54,int1x7,1,"[54, 74]",64,PatchTone,,script+doc,-54,"[""-100"", ""-90"", ""-80"", ""-70"", ""-60"", ""-50"", ""-40"", ""-30"", ""-20"", ""-10"", ""0"", ""+10"", ""+20"", ""+30"", ""+40"", ""+50"", ""+60"", ""+70"", ""+80"", ""+90"", ""+100""]",,TVF Env Time Keyfollow (54~74),"[""enum labels ui-derived from stringTable kf-100-10Table""]","{""file"": ""original-roland-files/Script/A8EE/Script.xml"", ""line"": 11560}"
fm.pat.tone[1].tvfEnvTime1,1F 00 22 55,int1x7,1,"[0, 127]",0,PatchTone,,script+doc,,,,TVF Env Time 1 (0~127),[],"{""file"": ""original-roland-files/Script/A8EE/Script.xml"", ""line"": 11568}"
fm.pat.tone[1].tvfEnvTime2,1F 00 22 56,int1x7,1,"[0, 127]",10,PatchTone,,script+doc,,,,TVF Env Time 2 (0~127),[],"{""file"": ""original-roland-files/Script/A8EE/Script.xml"", ""line"": 11576}"
fm.pat.tone[1].tvfEnvTime3,1F 00 22 57,int1x7,1,"[0, 127]",10,PatchTone,,script+doc,,,,TVF Env Time 3 (0~127),[],"{""file"": ""original-roland-files/Script/A8EE/Script.xml"", ""line"": 11584}"
fm.pat.tone[1].tvfEnvTime4,1F 00 22 58,int1x7,1,"[0, 127]",64,PatchTone,,script+doc,,,,TVF Env Time 4 (0~127),[],"{""file"": ""original-roland-files/Script/A8EE/Script.xml"", ""line"": 11592}"
fm.pat.tone[1].tvfEnvLevel0,1F 00 22 59,int1x7,1,"[0, 127]",0,PatchTone,,script+doc,,,,TVF Env Level 0 (0~127),[],"{""file"": ""original-roland-files/Script/A8EE/Script.xml"", ""line"": 11600}"
fm.pat.tone[1].tvfEnvLevel1,1F 00 22 5A,int1x7,1,"[0, 127]",127,PatchTone,,script+doc,,,,TVF Env Level 1 (0~127),[],"{""file"": ""original-roland-files/Script/A8EE/Script.xml"", ""line"": 11608}"
fm.pat.tone[1].tvfEnvLevel2,1F 00 22 5B,int1x7,1,"[0, 127]",127,PatchTone,,script+doc,,,,TVF Env Level 2 (0~127),[],"{""file"": ""original-roland-files/Script/A8EE/Script.xml"", ""line"": 11616}"
fm.pat.tone[1].tvfEnvLevel3,1F 00 22 5C,int1x7,1,"[0, 127]",127,PatchTone,,script+doc,,,,TVF Env Level 3 (0~127),[],"{""file"": ""original-roland-files/Script/A8EE/Script.xml"", ""line"": 11624}"
fm.pat.tone[1].tvfEnvLevel4,1F 00 22 5D,int1x7,1,"[0, 127]",0,PatchTone,,script+doc,,,,TVF Env Level 4 (0~127),[],"{""file"": ""original-roland-files/Script/A8EE/Script.xml"", ""line"": 11632}"
fm.pat.tone[1].biasLevel,1F 00 22 5E,int1x7,1,"[54, 74]",64,PatchTone,,script+doc,,"[""-100"", ""-90"", ""-80"", ""-70"", ""-60"", ""-50"", ""-40"", ""-30"", ""-20"", ""-10"", ""0"", ""+10"", ""+20"", ""+30"", ""+40"", ""+50"", ""+60"", ""+70"", ""+80"", ""+90"", ""+100""]",,Bias Level (54~74),"[""enum labels ui-derived from stringTable kf-100-10Table""]","{""file"": ""original-roland-files/Script/A8EE/Script.xml"", ""line"": 11640}"
fm.pat.tone[1].biasPosition,1F 00 22 5F,int1x7,1,"[0, 127]",60,PatchTone,,script+doc,,"[""C-1"", ""C#-1"", ""D-1"", ""Eb-1"", ""E-1"", ""F-1"", ""F#-1"", ""G-1"", ""G#-1"", ""A-1"", ""Bb-1"", ""B-1"", ""C0"", ""C#0"", ""D0"", ""Eb0"", ""E0"", ""F0"", ""F#0"", ""G0"", ""G#0"", ""A0"", ""Bb0"", ""B0"", ""C1"", ""C#1"", ""D1"", ""Eb1"", ""E1"", ""F1"", ""F#1"", ""G1"", ""G#1"", ""A1"", ""Bb1"", ""B1"", ""C2"", ""C#2"", ""D2"", ""Eb2"", ""E2"", ""F2"", ""F#2"", ""G2"", ""G#2"", ""A2"", ""Bb2"", ""B2"", ""C3"", ""C#3"", ""D3"", ""Eb3"", ""E3"", ""F3"", ""F#3"", ""G3"", ""G#3"", ""A3"", ""Bb3"", ""B3"", ""C4"", ""C#4"", ""D4"", ""Eb4"", ""E4"", ""F4"", ""F#4"", ""G4"", ""G#4"", ""A4"", ""Bb4"", ""B4"", ""C5"", ""C#5"", ""D5"", ""Eb5"", ""E5"", ""F5"", ""F#5"", ""G5"", ""G#5"", ""A5"", ""Bb5"", ""B5"", ""C6"", ""C#6"", ""D6"", ""Eb6"", ""E6"", ""F6"", ""F#6"", ""G6"", ""G#6"", ""A6"", ""Bb6"", ""B6"", ""C7"", ""C#7"", ""D7"", ""Eb7"", ""E7"", ""F7"", ""F#7"", ""G7"", ""G#7"", ""A7"", ""Bb7"", ""B7"", ""C8"", ""C#8"", ""D8"", ""Eb8"", ""E8"", ""F8"", ""F#8"", ""G8"", ""G#8"", ""A8"", ""Bb8"", ""B8"", ""C9"", ""C#9"", ""D9"", ""Eb9"", ""E9"", ""F9"", ""F#9"", ""G9""]",,Bias Position (0~127),"[""enum labels ui-derived from stringTable noteTable""]","{""file"": ""original-roland-files/Script/A8EE/Script.xml"", ""line"": 11648}"
fm.pat.tone[1].biasDirection,1F 00 22 60,int1x7,1,"[0, 3]",3,PatchTone,,script+doc,,"[""LOWER"", ""UPPER"", ""LO&UP"", ""ALL""]",,Bias Direction (0~3),"[""enum labels ui-derived from stringTable biasDirectionTable""]","{""file"": ""original-roland-files/Script/A8EE/Script.xml"", ""line"": 11656}"
fm.pat.tone[1].tvaLevelVelocityCurve,1F 00 22 61,int1x7,1,"[0, 7]",1,PatchTone,,script+doc,,"[""FIX."", ""1"", ""2"", ""3"", ""4"", ""5"", ""6"", ""7""]",,TVA Level Velocity Curve (0~7),"[""enum labels ui-derived from stringTable velocityCurveTable""]","{""file"": ""original-roland-files/Script/A8EE/Script.xml"", ""line"": 11664}"
fm.pat.tone[1].tvaLevelVelocitySens,1F 00 22 62,int1x7,1,"[1, 127]",96,PatchTone,,script+doc,-64,,,TVA Level Velocity Sens (1~127),[],"{""file"": ""original-roland-files/Script/A8EE/Script.xml"", ""line"": 11672}"
fm.pat.tone[1].tvaEnvTime1VelocitySens,1F 00 22 63,int1x7,1,"[1, 127]",64,PatchTone,,script+doc,-64,,,TVA Env Time 1 Velocity Sens (1~127),[],"{""file"": ""original-roland-files/Script/A8EE/Script.xml"", ""line"": 11680}"
fm.pat.tone[1].tvaEnvTime4VelocitySens,1F 00 22 64,int1x7,1,"[1, 127]",64,PatchTone,,script+doc,-64,,,TVA Env Time 4 Velocity Sens (1~127),[],"{""file"": ""original-roland-files/Script/A8EE/Script.xml"", ""line"": 11688}"
fm.pat.tone[1].tvaEnvTimeKeyfollow,1F 00 22 65,int1x7,1,"[54, 74]",64,PatchTone,,script+doc,-54,"[""-100"", ""-90"", ""-80"", ""-70"", ""-60"", ""-50"", ""-40"", ""-30"", ""-20"", ""-10"", ""0"", ""+10"", ""+20"", ""+30"", ""+40"", ""+50"", ""+60"", ""+70"", ""+80"", ""+90"", ""+100""]",,TVA Env Time Keyfollow (54~74),"[""enum labels ui-derived from stringTable kf-100-10Table""]","{""file"": ""original-roland-files/Script/A8EE/Script.xml"", ""line"": 11696}"
fm.pat.tone[1].tvaEnvTime1,1F 00 22 66,int1x7,1,"[0, 127]",0,PatchTone,,script+doc,,,,TVA Env Time 1 (0~127),[],"{""file"": ""original-roland-files/Script/A8EE/Script.xml"", ""line"": 11704}"
fm.pat.tone[1].tvaEnvTime2,1F 00 22 67,int1x7,1,"[0, 127]",10,PatchTone,,script+doc,,,,TVA Env Time 2 (0~127),[],"{""file"": ""original-roland-files/Script/A8EE/Script.xml"", ""line"": 11712}"
fm.pat.tone[1].tvaEnvTime3,1F 00 22 68,int1x7,1,"[0, 127]",10,PatchTone,,script+doc,,,,TVA Env Time 3 (0~127),[],"{""file"": ""original-roland-files/Script/A8EE/Script.xml"", ""line"": 11720}"
fm.pat.tone[1].tvaEnvTime4,1F 00 22 69,int1x7,1,"[0, 127]",10,PatchTone,,script+doc,,,,TVA Env Time 4 (0~127),[],"{""file"": ""original-roland-files/Script/A8EE/Script.xml"", ""line"": 11728}"
fm.pat.tone[1].tvaEnvLevel1,1F 00 22 6A,int1x7,1,"[0, 127]",127,PatchTone,,script+doc,,,,TVA Env Level 1 (0~127),[],"{""file"": ""original-roland-files/Script/A8EE/Script.xml"", ""line"": 11736}"
fm.pat.tone[1].tvaEnvLevel2,1F 00 22 6B,int1x7,1,"[0, 127]",127,PatchTone,,script+doc,,,,TVA Env Level 2 (0~127),[],"{""file"": ""original-roland-files/Script/A8EE/Script.xml"", ""line"": 11744}"
fm.pat.tone[1].tvaEnvLevel3,1F 00 22 6C,int1x7,1,"[0, 127]",127,PatchTone,,script+doc,,,,TVA Env Level 3 (0~127),[],"{""file"": ""original-roland-files/Script/A8EE/Script.xml"", ""line"": 11752}"
fm.pat.tone[1].lfoWaveForm[0],1F 00 22 6D,int1x7,1,"[0, 12]",1,PatchTone,,script+doc,,"[""SIN"", ""TRI"", ""SAW-UP"", ""SAW-DW"", ""SQR"", ""RND"", ""BEND-UP"", ""BEND-DW"", ""TRP"", ""S&H"", ""CHS"", ""VSIN"", ""STEP""]",,LFO1 Waveform (0~12),"[""enum labels ui-derived from stringTable lfoWaveFormTable""]","{""file"": ""original-roland-files/Script/A8EE/Script.xml"", ""line"": 11761}"
fm.pat.tone[1].lfoRate[0],1F 00 22 6E,int2x4,2,"[0, 127]",92,PatchTone,,script+doc,,,,,[],"{""file"": ""original-roland-files/Script/A8EE/Script.xml"", ""line"": 11769}"
fm.pat.tone[1].lfoOffset[0],1F 00 22 70,int1x7,1,"[0, 4]",2,PatchTone,,script+doc,,,,LFO1 Offset (0~4),[],"{""file"": ""original-roland-files/Script/A8EE/Script.xml"", ""line"": 11778}"
fm.pat.tone[1].lfoRateDetune[0],1F 00 22 71,int1x7,1,"[0, 127]",0,PatchTone,,script+doc,,,,LFO1 Rate Detune (0~127),[],"{""file"": ""original-roland-files/Script/A8EE/Script.xml"", ""line"": 11786}"
fm.pat.tone[1].lfoDelayTime[0],1F 00 22 72,int1x7,1,"[0, 127]",0,PatchTone,,script+doc,,,,LFO1 Delay Time (0~127),[],"{""file"": ""original-roland-files/Script/A8EE/Script.xml"", ""line"": 11794}"
fm.pat.tone[1].lfoDelayTimeKeyfollow[0],1F 00 22 73,int1x7,1,"[54, 74]",64,PatchTone,,script+doc,,,,LFO1 Delay Time Keyfollow (54~74),[],"{""file"": ""original-roland-files/Script/A8EE/Script.xml"", ""line"": 11802}"
fm.pat.tone[1].lfoFadeMode[0],1F 00 22 74,int1x7,1,"[0, 3]",0,PatchTone,,script+doc,,"[""ON-IN"", ""ON-OUT"", ""OFF-IN"", ""OFF-OUT""]",,LFO1 Fade Mode (0~3),"[""enum labels ui-derived from stringTable lfoFadeModeTable""]","{""file"": ""original-roland-files/Script/A8EE/Script.xml"", ""line"": 11810}"
fm.pat.tone[1].lfoFadeTime[0],1F 00 22 75,int1x7,1,"[0, 127]",0,PatchTone,,script+doc,,,,LFO1 Fade Time (0~127),[],"{""file"": ""original-roland-files/Script/A8EE/Script.xml"", ""line"": 11818}"
fm.pat.tone[1].lfoKeyTrigger[0],1F 00 22 76,int1x7,1,"[0, 1]",0,PatchTone,,script,,,,LFO1 Key Trigger (0~127) (0~127),"[""doc cross-check: range differs (doc [0, 127])""]","{""file"": ""original-roland-files/Script/A8EE/Script.xml"", ""line"": 11826}"
fm.pat.tone[1].lfoPitchDepth[0],1F 00 22 77,int1x7,1,"[1, 127]",64,PatchTone,,script+doc,-64,,,LFO1 Pitch Depth (1~127),[],"{""file"": ""original-roland-files/Script/A8EE/Script.xml"", ""line"": 11834}"
fm.pat.tone[1].lfoTvfDepth[0],1F 00 22 78,int1x7,1,"[1, 127]",64,PatchTone,,script+doc,-64,,,LFO1 TVF Depth (1~127),[],"{""file"": ""original-roland-files/Script/A8EE/Script.xml"", ""line"": 11842}"
fm.pat.tone[1].lfoTvaDepth[0],1F 00 22 79,int1x7,1,"[1, 127]",64,PatchTone,,script+doc,-64,,,LFO1 TVA Depth (1~127),[],"{""file"": ""original-roland-files/Script/A8EE/Script.xml"", ""line"": 11850}"
fm.pat.tone[1].lfoPanDepth[0],1F 00 22 7A,int1x7,1,"[1, 127]",64,PatchTone,,script+doc,-64,,,LFO1 Pan Depth (1~127),[],"{""file"": ""original-roland-files/Script/A8EE/Script.xml"", ""line"": 11858}"
fm.pat.tone[1].lfoWaveForm[1],1F 00 22 7B,int1x7,1,"[0, 12]",1,PatchTone,,script+doc,,"[""SIN"", ""TRI"", ""SAW-UP"", ""SAW-DW"", ""SQR"", ""RND"", ""BEND-UP"", ""BEND-DW"", ""TRP"", ""S&H"", ""CHS"", ""VSIN"", ""STEP""]",,LFO2 Waveform (0~12),"[""enum labels ui-derived from stringTable lfoWaveFormTable""]","{""file"": ""original-roland-files/Script/A8EE/Script.xml"", ""line"": 11867}"
fm.pat.tone[1].lfoRate[1],1F 00 22 7C,int2x4,2,"[0, 127]",92,PatchTone,,script+doc,,,,,[],"{""file"": ""original-roland-files/Script/A8EE/Script.xml"", ""line"": 11875}"
fm.pat.tone[1].lfoOffset[1],1F 00 22 7E,int1x7,1,"[0, 4]",2,PatchTone,,script+doc,,,,LFO2 Offset (0~4),[],"{""file"": ""original-roland-files/Script/A8EE/Script.xml"", ""line"": 11883}"
fm.pat.tone[1].lfoRateDetune[1],1F 00 22 7F,int1x7,1,"[0, 127]",0,PatchTone,,script+doc,,,,LFO2 Rate Detune (0~127),[],"{""file"": ""original-roland-files/Script/A8EE/Script.xml"", ""line"": 11891}"
fm.pat.tone[1].lfoDelayTime[1],1F 00 23 00,int1x7,1,"[0, 127]",0,PatchTone,,script+doc,,,,LFO2 Delay Time (0~127),[],"{""file"": ""original-roland-files/Script/A8EE/Script.xml"", ""line"": 11899}"
fm.pat.tone[1].lfoDelayTimeKeyfollow[1],1F 00 23 01,int1x7,1,"[54, 74]",64,PatchTone,,script+doc,,,,LFO2 Delay Time Keyfollow (54~74),[],"{""file"": ""original-roland-files/Script/A8EE/Script.xml"", ""line"": 11907}"
fm.pat.tone[1].lfoFadeMode[1],1F 00 23 02,int1x7,1,"[0, 3]",0,PatchTone,,script+doc,,"[""ON-IN"", ""ON-OUT"", ""OFF-IN"", ""OFF-OUT""]",,LFO2 Fade Mode (0~3),"[""enum labels ui-derived from stringTable lfoFadeModeTable""]","{""file"": ""original-roland-files/Script/A8EE/Script.xml"", ""line"": 11915}"
fm.pat.tone[1].lfoFadeTime[1],1F 00 23 03,int1x7,1,"[0, 127]",0,PatchTone,,script+doc,,,,LFO2 Fade Time (0~127),[],"{""file"": ""original-roland-files/Script/A8EE/Script.xml"", ""line"": 11923}"
fm.pat.tone[1].lfoKeyTrigger[1],1F 00 23 04,int1x7,1,"[0, 1]",0,PatchTone,,script+doc,,,,LFO2 Key Trigger (0~1),[],"{""file"": ""original-roland-files/Script/A8EE/Script.xml"", ""line"": 11931}"
fm.pat.tone[1].lfoPitchDepth[1],1F 00 23 05,int1x7,1,"[1, 127]",64,PatchTone,,script+doc,-64,,,LFO2 Pitch Depth (1~127),[],"{""file"": ""original-roland-files/Script/A8EE/Script.xml"", ""line"": 11939}"
fm.pat.tone[1].lfoTvfDepth[1],1F 00 23 06,int1x7,1,"[1, 127]",64,PatchTone,,script+doc,-64,,,LFO2 TVF Depth (1~127),[],"{""file"": ""original-roland-files/Script/A8EE/Script.xml"", ""line"": 11947}"
fm.pat.tone[1].lfoTvaDepth[1],1F 00 23 07,int1x7,1,"[1, 127]",64,PatchTone,,script+doc,-64,,,LFO2 TVA Depth (1~127),[],"{""file"": ""original-roland-files/Script/A8EE/Script.xml"", ""line"": 11955}"
fm.pat.tone[1].lfoPanDepth[1],1F 00 23 08,int1x7,1,"[1, 127]",64,PatchTone,,script+doc,-64,,,LFO2 Pan Depth (1~127),[],"{""file"": ""original-roland-files/Script/A8EE/Script.xml"", ""line"": 11963}"
fm.pat.tone[1].lfoStepType,1F 00 23 09,int1x7,1,"[0, 1]",0,PatchTone,,script+doc,,,,LFO Step Type (0~1),[],"{""file"": ""original-roland-files/Script/A8EE/Script.xml"", ""line"": 11972}"
fm.pat.tone[1].lfoStep1,1F 00 23 0A,int1x7,1,"[28, 100]",64,PatchTone,,script+doc,-64,,,LFO Step1 (28~100),[],"{""file"": ""original-roland-files/Script/A8EE/Script.xml"", ""line"": 11980}"
fm.pat.tone[1].lfoStep2,1F 00 23 0B,int1x7,1,"[28, 100]",64,PatchTone,,script+doc,-64,,,LFO Step2 (28~100),[],"{""file"": ""original-roland-files/Script/A8EE/Script.xml"", ""line"": 11988}"
fm.pat.tone[1].lfoStep3,1F 00 23 0C,int1x7,1,"[28, 100]",64,PatchTone,,script+doc,-64,,,LFO Step3 (28~100),[],"{""file"": ""original-roland-files/Script/A8EE/Script.xml"", ""line"": 11996}"
fm.pat.tone[1].lfoStep4,1F 00 23 0D,int1x7,1,"[28, 100]",64,PatchTone,,script+doc,-64,,,LFO Step4 (28~100),[],"{""file"": ""original-roland-files/Script/A8EE/Script.xml"", ""line"": 12004}"
fm.pat.tone[1].lfoStep5,1F 00 23 0E,int1x7,1,"[28, 100]",64,PatchTone,,script+doc,-64,,,LFO Step5 (28~100),[],"{""file"": ""original-roland-files/Script/A8EE/Script.xml"", ""line"": 12012}"
fm.pat.tone[1].lfoStep6,1F 00 23 0F,int1x7,1,"[28, 100]",64,PatchTone,,script+doc,-64,,,LFO Step6 (28~100),[],"{""file"": ""original-roland-files/Script/A8EE/Script.xml"", ""line"": 12020}"
fm.pat.tone[1].lfoStep7,1F 00 23 10,int1x7,1,"[28, 100]",64,PatchTone,,script+doc,-64,,,LFO Step7 (28~100),[],"{""file"": ""original-roland-files/Script/A8EE/Script.xml"", ""line"": 12028}"
fm.pat.tone[1].lfoStep8,1F 00 23 11,int1x7,1,"[28, 100]",64,PatchTone,,script+doc,-64,,,LFO Step8 (28~100),[],"{""file"": ""original-roland-files/Script/A8EE/Script.xml"", ""line"": 12036}"
fm.pat.tone[1].lfoStep9,1F 00 23 12,int1x7,1,"[28, 100]",64,PatchTone,,script+doc,-64,,,LFO Step9 (28~100),[],"{""file"": ""original-roland-files/Script/A8EE/Script.xml"", ""line"": 12044}"
fm.pat.tone[1].lfoStep10,1F 00 23 13,int1x7,1,"[28, 100]",64,PatchTone,,script+doc,-64,,,LFO Step10 (28~100),[],"{""file"": ""original-roland-files/Script/A8EE/Script.xml"", ""line"": 12052}"
fm.pat.tone[1].lfoStep11,1F 00 23 14,int1x7,1,"[28, 100]",64,PatchTone,,script+doc,-64,,,LFO Step11 (28~100),[],"{""file"": ""original-roland-files/Script/A8EE/Script.xml"", ""line"": 12060}"
fm.pat.tone[1].lfoStep12,1F 00 23 15,int1x7,1,"[28, 100]",64,PatchTone,,script+doc,-64,,,LFO Step12 (28~100),[],"{""file"": ""original-roland-files/Script/A8EE/Script.xml"", ""line"": 12068}"
fm.pat.tone[1].lfoStep13,1F 00 23 16,int1x7,1,"[28, 100]",64,PatchTone,,script+doc,-64,,,LFO Step13 (28~100),[],"{""file"": ""original-roland-files/Script/A8EE/Script.xml"", ""line"": 12076}"
fm.pat.tone[1].lfoStep14,1F 00 23 17,int1x7,1,"[28, 100]",64,PatchTone,,script+doc,-64,,,LFO Step14 (28~100),[],"{""file"": ""original-roland-files/Script/A8EE/Script.xml"", ""line"": 12084}"
fm.pat.tone[1].lfoStep15,1F 00 23 18,int1x7,1,"[28, 100]",64,PatchTone,,script+doc,-64,,,LFO Step15 (28~100),[],"{""file"": ""original-roland-files/Script/A8EE/Script.xml"", ""line"": 12092}"
fm.pat.tone[1].lfoStep16,1F 00 23 19,int1x7,1,"[28, 100]",64,PatchTone,,script+doc,-64,,,LFO Step16 (28~100),[],"{""file"": ""original-roland-files/Script/A8EE/Script.xml"", ""line"": 12100}"
fm.pat.tone[2].toneLevel,1F 00 24 00,int1x7,1,"[0, 127]",127,PatchTone,,script+doc,,,,Tone Level (0~127),[],"{""file"": ""original-roland-files/Script/A8EE/Script.xml"", ""line"": 10967}"
fm.pat.tone[2].toneCoarseTune,1F 00 24 01,int1x7,1,"[16, 112]",64,PatchTone,,script+doc,-64,,,Tone Coarse Tune (16 - 112),[],"{""file"": ""original-roland-files/Script/A8EE/Script.xml"", ""line"": 10975}"
fm.pat.tone[2].toneFineTune,1F 00 24 02,int1x7,1,"[14, 114]",64,PatchTone,,script+doc,-64,,,Tone Fine Tune (14 - 114),[],"{""file"": ""original-roland-files/Script/A8EE/Script.xml"", ""line"": 10983}"
fm.pat.tone[2].toneRandomPitchDepth,1F 00 24 03,int1x7,1,"[0, 30]",0,PatchTone,,script+doc,,"[""0"", ""1"", ""2"", ""3"", ""4"", ""5"", ""6"", ""7"", ""8"", ""9"", ""10"", ""20"", ""30"", ""40"", ""50"", ""60"", ""70"", ""80"", ""90"", ""100"", ""200"", ""300"", ""400"", ""500"", ""600"", ""700"", ""800"", ""900"", ""1000"", ""1100"", ""1200""]",,Tone Random Pitch Depth (0~30),"[""enum labels ui-derived from stringTable toneRandomPitchDepthTable""]","{""file"": ""original-roland-files/Script/A8EE/Script.xml"", ""line"": 10991}"
fm.pat.tone[2].tonePan,1F 00 24 04,int1x7,1,"[0, 127]",64,PatchTone,,script+doc,,"[""L64"", ""L63"", ""L62"", ""L61"", ""L60"", ""L59"", ""L58"", ""L57"", ""L56"", ""L55"", ""L54"", ""L53"", ""L52"", ""L51"", ""L50"", ""L49"", ""L48"", ""L47"", ""L46"", ""L45"", ""L44"", ""L43"", ""L42"", ""L41"", ""L40"", ""L39"", ""L38"", ""L37"", ""L36"", ""L35"", ""L34"", ""L33"", ""L32"", ""L31"", ""L30"", ""L29"", ""L28"", ""L27"", ""L26"", ""L25"", ""L24"", ""L23"", ""L22"", ""L21"", ""L20"", ""L19"", ""L18"", ""L17"", ""L16"", ""L15"", ""L14"", ""L13"", ""L12"", ""L11"", ""L10"", ""L09"", ""L08"", ""L07"", ""L06"", ""L05"", ""L04"", ""L03"", ""L02"", ""L01"", ""0"", ""01R"", ""02R"", ""03R"", ""04R"", ""05R"", ""06R"", ""07R"", ""08R"", ""09R"", ""10R"", ""11R"", ""12R"", ""13R"", ""14R"", ""15R"", ""16R"", ""17R"", ""18R"", ""19R"", ""20R"", ""21R"", ""22R"", ""23R"", ""24R"", ""25R"", ""26R"", ""27R"", ""28R"", ""29R"", ""30R"", ""31R"", ""32R"", ""33R"", ""34R"", ""35R"", ""36R"", ""37R"", ""38R"", ""39R"", ""40R"", ""41R"", ""42R"", ""43R"", ""44R"", ""45R"", ""46R"", ""47R"", ""48R"", ""49R"", ""50R"", ""51R"", ""52R"", ""53R"", ""54R"", ""55R"", ""56R"", ""57R"", ""58R"", ""59R"", ""60R"", ""61R"", ""62R"", ""63R""]",,Tone Pan (0~127),"[""enum labels ui-derived from stringTable panTable""]","{""file"": ""original-roland-files/Script/A8EE/Script.xml"", ""line"": 10999}"
fm.pat.tone[2].tonePanKeyfollow,1F 00 24 05,int1x7,1,"[54, 74]",64,PatchTone,,script+doc,-54,"[""-100"", ""-90"", ""-80"", ""-70"", ""-60"", ""-50"", ""-40"", ""-30"", ""-20"", ""-10"", ""0"", ""+10"", ""+20"", ""+30"", ""+40"", ""+50"", ""+60"", ""+70"", ""+80"", ""+90"", ""+100""]",,Tone Pan Keyfollow (54~74),"[""enum labels ui-derived from stringTable kf-100-10Table""]","{""file"": ""original-roland-files/Script/A8EE/Script.xml"", ""line"": 11007}"
fm.pat.tone[2].toneRandomPanDepth,1F 00 24 06,int1x7,1,"[0, 63]",0,PatchTone,,script+doc,,,,Tone Random Pan Depth (0~63),[],"{""file"": ""original-roland-files/Script/A8EE/Script.xml"", ""line"": 11015}"
fm.pat.tone[2].toneAlternatePanDepth,1F 00 24 07,int1x7,1,"[1, 127]",64,PatchTone,,script+doc,,"[""L63"", ""L62"", ""L61"", ""L60"", ""L59"", ""L58"", ""L57"", ""L56"", ""L55"", ""L54"", ""L53"", ""L52"", ""L51"", ""L50"", ""L49"", ""L48"", ""L47"", ""L46"", ""L45"", ""L44"", ""L43"", ""L42"", ""L41"", ""L40"", ""L39"", ""L38"", ""L37"", ""L36"", ""L35"", ""L34"", ""L33"", ""L32"", ""L31"", ""L30"", ""L29"", ""L28"", ""L27"", ""L26"", ""L25"", ""L24"", ""L23"", ""L22"", ""L21"", ""L20"", ""L19"", ""L18"", ""L17"", ""L16"", ""L15"", ""L14"", ""L13"", ""L12"", ""L11"", ""L10"", ""L09"", ""L08"", ""L07"", ""L06"", ""L05"", ""L04"", ""L03"", ""L02"", ""L01"", ""0"", ""01R"", ""02R"", ""03R"", ""04R"", ""05R"", ""06R"", ""07R"", ""08R"", ""09R"", ""10R"", ""11R"", ""12R"", ""13R"", ""14R"", ""15R"", ""16R"", ""17R"", ""18R"", ""19R"", ""20R"", ""21R"", ""22R"", ""23R"", ""24R"", ""25R"", ""26R"", ""27R"", ""28R"", ""29R"", ""30R"", ""31R"", ""32R"", ""33R"", ""34R"", ""35R"", ""36R"", ""37R"", ""38R"", ""39R"", ""40R"", ""41R"", ""42R"", ""43R"", ""44R"", ""45R"", ""46R"", ""47R"", ""48R"", ""49R"", ""50R"", ""51R"", ""52R"", ""53R"", ""54R"", ""55R"", ""56R"", ""57R"", ""58R"", ""59R"", ""60R"", ""61R"", ""62R"", ""63R""]",,Tone Alternate Pan Depth (1~127),"[""enum labels ui-derived from stringTable panTableL63""]","{""file"": ""original-roland-files/Script/A8EE/Script.xml"", ""line"": 11023}"
fm.pat.tone[2].toneEnvMode,1F 00 24 08,int1x7,1,"[0, 1]",1,PatchTone,,script+doc,,,,Tone Env Mode (0~1),[],"{""file"": ""original-roland-files/Script/A8EE/Script.xml"", ""line"": 11031}"
fm.pat.tone[2].toneDelayMode,1F 00 24 09,int1x7,1,"[0, 3]",0,PatchTone,,script+doc,,,,Tone Delay Mode (0~3),[],"{""file"": ""original-roland-files/Script/A8EE/Script.xml"", ""line"": 11039}"
fm.pat.tone[2].toneDelayTime,1F 00 24 0A,int2x4,2,"[0, 127]",0,PatchTone,,script+doc,,,,,[],"{""file"": ""original-roland-files/Script/A8EE/Script.xml"", ""line"": 11047}"
fm.pat.tone[2].toneDrySendLevel,1F 00 24 0C,int1x7,1,"[0, 127]",127,PatchTone,,script+doc,,,,Tone Dry Send Level (0~127),[],"{""file"": ""original-roland-files/Script/A8EE/Script.xml"", ""line"": 11055}"
fm.pat.tone[2].toneChorusSendLevelMFX,1F 00 24 0D,int1x7,1,"[0, 127]",0,PatchTone,,script+doc,,,,Tone Chorus Send Level (MFX) (0~127),[],"{""file"": ""original-roland-files/Script/A8EE/Script.xml"", ""line"": 11063}"
fm.pat.tone[2].toneReverbSendLevelMFX,1F 00 24 0E,int1x7,1,"[0, 127]",0,PatchTone,,script+doc,,,,Tone Reverb Send Level (MFX) (0~127),[],"{""file"": ""original-roland-files/Script/A8EE/Script.xml"", ""line"": 11071}"
fm.pat.tone[2].toneChorusSendLevelNonMFX,1F 00 24 0F,int1x7,1,"[0, 127]",127,PatchTone,,script+doc,,,,Tone Chorus Send Level (non MFX) (0~127),[],"{""file"": ""original-roland-files/Script/A8EE/Script.xml"", ""line"": 11079}"
fm.pat.tone[2].toneReverbSendLevelNonMFX,1F 00 24 10,int1x7,1,"[0, 127]",127,PatchTone,,script+doc,,,,Tone Reverb Send Level (non MFX) (0~127),[],"{""file"": ""original-roland-files/Script/A8EE/Script.xml"", ""line"": 11087}"
fm.pat.tone[2].toneOutputAssign,1F 00 24 11,int1x7,1,"[0, 12]",0,PatchTone,,script+doc,,"[""MFX"", ""L+R"", ""L"", ""R""]","[0, 1, 5, 6]",Tone Output Assign ) (0~12,"[""enum labels ui-derived from stringTable toneOutputAssignTable""]","{""file"": ""original-roland-files/Script/A8EE/Script.xml"", ""line"": 11095}"
fm.pat.tone[2].toneReceiveBender,1F 00 24 12,int1x7,1,"[0, 1]",1,PatchTone,,script+doc,,,,Tone Receive Bender (0~1),[],"{""file"": ""original-roland-files/Script/A8EE/Script.xml"", ""line"": 11104}"
fm.pat.tone[2].toneReceiveExpression,1F 00 24 13,int1x7,1,"[0, 1]",1,PatchTone,,script+doc,,,,Tone Receive Expression (0~1),[],"{""file"": ""original-roland-files/Script/A8EE/Script.xml"", ""line"": 11112}"
fm.pat.tone[2].toneReceiveHold-1,1F 00 24 14,int1x7,1,"[0, 1]",1,PatchTone,,script+doc,,,,Tone Receive Hold-1 (0~1),[],"{""file"": ""original-roland-files/Script/A8EE/Script.xml"", ""line"": 11120}"
fm.pat.tone[2].toneReceivePanMode,1F 00 24 15,int1x7,1,"[0, 1]",0,PatchTone,,script+doc,,,,Tone Receive Pan Mode (0~1),[],"{""file"": ""original-roland-files/Script/A8EE/Script.xml"", ""line"": 11128}"
fm.pat.tone[2].toneRedamperSwitch,1F 00 24 16,int1x7,1,"[0, 1]",0,PatchTone,,script+doc,,,,Tone Redamper Switch (0~1),[],"{""file"": ""original-roland-files/Script/A8EE/Script.xml"", ""line"": 11136}"
fm.pat.tone[2].toneControl1Switch1,1F 00 24 17,int1x7,1,"[0, 2]",1,PatchTone,,script+doc,,,,Tone Control 1 Switch 1 (0~2),[],"{""file"": ""original-roland-files/Script/A8EE/Script.xml"", ""line"": 11144}"
fm.pat.tone[2].toneControl1Switch2,1F 00 24 18,int1x7,1,"[0, 2]",1,PatchTone,,script+doc,,,,Tone Control 1 Switch 2 (0~2) (0~2),[],"{""file"": ""original-roland-files/Script/A8EE/Script.xml"", ""line"": 11152}"
fm.pat.tone[2].toneControl1Switch3,1F 00 24 19,int1x7,1,"[0, 2]",1,PatchTone,,script+doc,,,,Tone Control 1 Switch 3 (0~2),[],"{""file"": ""original-roland-files/Script/A8EE/Script.xml"", ""line"": 11160}"
fm.pat.tone[2].toneControl1Switch4,1F 00 24 1A,int1x7,1,"[0, 2]",1,PatchTone,,script+doc,,,,Tone Control 1 Switch 4 (0~2),[],"{""file"": ""original-roland-files/Script/A8EE/Script.xml"", ""line"": 11168}"
fm.pat.tone[2].toneControl2Switch1,1F 00 24 1B,int1x7,1,"[0, 2]",1,PatchTone,,script+doc,,,,Tone Control 2 Switch 1 (0~2),[],"{""file"": ""original-roland-files/Script/A8EE/Script.xml"", ""line"": 11176}"
fm.pat.tone[2].toneControl2Switch2,1F 00 24 1C,int1x7,1,"[0, 2]",1,PatchTone,,script+doc,,,,Tone Control 2 Switch 2 (0~2),[],"{""file"": ""original-roland-files/Script/A8EE/Script.xml"", ""line"": 11184}"
fm.pat.tone[2].toneControl2Switch3,1F 00 24 1D,int1x7,1,"[0, 2]",1,PatchTone,,script+doc,,,,Tone Control 2 Switch 3 (0~2),[],"{""file"": ""original-roland-files/Script/A8EE/Script.xml"", ""line"": 11192}"
fm.pat.tone[2].toneControl2Switch4,1F 00 24 1E,int1x7,1,"[0, 2]",1,PatchTone,,script+doc,,,,Tone Control 2 Switch 4 (0~2),[],"{""file"": ""original-roland-files/Script/A8EE/Script.xml"", ""line"": 11200}"
fm.pat.tone[2].toneControl3Switch1,1F 00 24 1F,int1x7,1,"[0, 2]",1,PatchTone,,script+doc,,,,Tone Control 3 Switch 1 (0~2),[],"{""file"": ""original-roland-files/Script/A8EE/Script.xml"", ""line"": 11208}"
fm.pat.tone[2].toneControl3Switch2,1F 00 24 20,int1x7,1,"[0, 2]",1,PatchTone,,script+doc,,,,Tone Control 3 Switch 2 (0~2),[],"{""file"": ""original-roland-files/Script/A8EE/Script.xml"", ""line"": 11216}"
fm.pat.tone[2].toneControl3Switch3,1F 00 24 21,int1x7,1,"[0, 2]",1,PatchTone,,script+doc,,,,Tone Control 3 Switch 3 (0~2),[],"{""file"": ""original-roland-files/Script/A8EE/Script.xml"", ""line"": 11224}"
fm.pat.tone[2].toneControl3Switch4,1F 00 24 22,int1x7,1,"[0, 2]",1,PatchTone,,script+doc,,,,Tone Control 3 Switch 4 (0~2),[],"{""file"": ""original-roland-files/Script/A8EE/Script.xml"", ""line"": 11232}"
fm.pat.tone[2].toneControl4Switch1,1F 00 24 23,int1x7,1,"[0, 2]",1,PatchTone,,script+doc,,,,Tone Control 4 Switch 1 (0~2),[],"{""file"": ""original-roland-files/Script/A8EE/Script.xml"", ""line"": 11240}"
fm.pat.tone[2].toneControl4Switch2,1F 00 24 24,int1x7,1,"[0, 2]",1,PatchTone,,script+doc,,,,Tone Control 4 Switch 2 (0~2),[],"{""file"": ""original-roland-files/Script/A8EE/Script.xml"", ""line"": 11248}"
fm.pat.tone[2].toneControl4Switch3,1F 00 24 25,int1x7,1,"[0, 2]",1,PatchTone,,script+doc,,,,Tone Control 4 Switch 3 (0~2),[],"{""file"": ""original-roland-files/Script/A8EE/Script.xml"", ""line"": 11256}"
fm.pat.tone[2].toneControl4Switch4,1F 00 24 26,int1x7,1,"[0, 2]",1,PatchTone,,script+doc,,,,Tone Control 4 Switch 4 (0~2),[],"{""file"": ""original-roland-files/Script/A8EE/Script.xml"", ""line"": 11264}"
fm.pat.tone[2].waveGroupType,1F 00 24 27,int1x7,1,"[0, 3]",1,PatchTone,,script+doc,,,,Wave Group Type (0~3),[],"{""file"": ""original-roland-files/Script/A8EE/Script.xml"", ""line"": 11272}"
fm.pat.tone[2].waveGroupID,1F 00 24 28,int4x4,4,"[0, 16384]",23,PatchTone,,script+doc,,,,,[],"{""file"": ""original-roland-files/Script/A8EE/Script.xml"", ""line"": 11280}"
fm.pat.tone[2].waveNumberL,1F 00 24 2C,int4x4,4,"[0, 16384]",1,PatchTone,,script+doc,,,,,[],"{""file"": ""original-roland-files/Script/A8EE/Script.xml"", ""line"": 11288}"
fm.pat.tone[2].waveNumberR,1F 00 24 30,int4x4,4,"[0, 16384]",0,PatchTone,,script+doc,,,,,[],"{""file"": ""original-roland-files/Script/A8EE/Script.xml"", ""line"": 11296}"
fm.pat.tone[2].waveGain,1F 00 24 34,int1x7,1,"[0, 3]",1,PatchTone,,script+doc,,"[""-6"", ""0"", ""+6"", ""+12""]",,Wave Gain (0~3),"[""enum labels ui-derived from stringTable gain-6-6Table""]","{""file"": ""original-roland-files/Script/A8EE/Script.xml"", ""line"": 11304}"
fm.pat.tone[2].waveFXMSwitch,1F 00 24 35,int1x7,1,"[0, 1]",0,PatchTone,,script+doc,,,,Wave FXM Switch (0~1),[],"{""file"": ""original-roland-files/Script/A8EE/Script.xml"", ""line"": 11312}"
fm.pat.tone[2].waveFXMColor,1F 00 24 36,int1x7,1,"[0, 3]",0,PatchTone,,script+doc,1,,,Wave FXM Color (0~3),[],"{""file"": ""original-roland-files/Script/A8EE/Script.xml"", ""line"": 11320}"
fm.pat.tone[2].waveFXMDepth,1F 00 24 37,int1x7,1,"[0, 16]",0,PatchTone,,script+doc,,,,Wave FXM Depth (0~16),[],"{""file"": ""original-roland-files/Script/A8EE/Script.xml"", ""line"": 11328}"
fm.pat.tone[2].reserve38,1F 00 24 38,int1x7,1,"[0, 1]",0,PatchTone,,script+doc,,,,(reserve) (0~1),[],"{""file"": ""original-roland-files/Script/A8EE/Script.xml"", ""line"": 11336}"
fm.pat.tone[2].wavePitchKeyfollow,1F 00 24 39,int1x7,1,"[44, 84]",74,PatchTone,,script+doc,-44,"[""-200"", ""-190"", ""-180"", ""-170"", ""-160"", ""-150"", ""-140"", ""-130"", ""-120"", ""-110"", ""-100"", ""-90"", ""-80"", ""-70"", ""-60"", ""-50"", ""-40"", ""-30"", ""-20"", ""-10"", ""0"", ""+10"", ""+20"", ""+30"", ""+40"", ""+50"", ""+60"", ""+70"", ""+80"", ""+90"", ""+100"", ""+110"", ""+120"", ""+130"", ""+140"", ""+150"", ""+160"", ""+170"", ""+180"", ""+190"", ""+200""]",,Wave Pitch Keyfollow (44 ~84),"[""enum labels ui-derived from stringTable kf-200-10Table""]","{""file"": ""original-roland-files/Script/A8EE/Script.xml"", ""line"": 11344}"
fm.pat.tone[2].pitchEnvDepth,1F 00 24 3A,int1x7,1,"[52, 76]",64,PatchTone,,script+doc,-64,,,Pitch Env Depth (52 - 76),[],"{""file"": ""original-roland-files/Script/A8EE/Script.xml"", ""line"": 11352}"
fm.pat.tone[2].pitchEnvVelocitySens,1F 00 24 3B,int1x7,1,"[1, 127]",64,PatchTone,,script+doc,-64,,,Pitch Env Velocity Sens (1~127),[],"{""file"": ""original-roland-files/Script/A8EE/Script.xml"", ""line"": 11360}"
fm.pat.tone[2].pitchEnvTime1VelocitySens,1F 00 24 3C,int1x7,1,"[1, 127]",64,PatchTone,,script+doc,-64,,,Pitch Env Time 1 Velocity Sens (1~127),[],"{""file"": ""original-roland-files/Script/A8EE/Script.xml"", ""line"": 11368}"
fm.pat.tone[2].pitchEnvTime4VelocitySens,1F 00 24 3D,int1x7,1,"[1, 127]",64,PatchTone,,script+doc,-64,,,Pitch Env Time 4 Velocity Sens (1~127),[],"{""file"": ""original-roland-files/Script/A8EE/Script.xml"", ""line"": 11376}"
fm.pat.tone[2].pitchEnvTimeKeyFollow,1F 00 24 3E,int1x7,1,"[54, 74]",64,PatchTone,,script+doc,-54,"[""-100"", ""-90"", ""-80"", ""-70"", ""-60"", ""-50"", ""-40"", ""-30"", ""-20"", ""-10"", ""0"", ""+10"", ""+20"", ""+30"", ""+40"", ""+50"", ""+60"", ""+70"", ""+80"", ""+90"", ""+100""]",,Pitch Env Time Keyfollow (54~ 74),"[""enum labels ui-derived from stringTable kf-100-10Table""]","{""file"": ""original-roland-files/Script/A8EE/Script.xml"", ""line"": 11384}"
fm.pat.tone[2].pitchEnvTime1,1F 00 24 3F,int1x7,1,"[0, 127]",40,PatchTone,,script+doc,,,,Pitch Env Time 1 (0~127),[],"{""file"": ""original-roland-files/Script/A8EE/Script.xml"", ""line"": 11392}"
fm.pat.tone[2].pitchEnvTime2,1F 00 24 40,int1x7,1,"[0, 127]",80,PatchTone,,script+doc,,,,Pitch Env Time 2 (0~127),[],"{""file"": ""original-roland-files/Script/A8EE/Script.xml"", ""line"": 11400}"
fm.pat.tone[2].pitchEnvTime3,1F 00 24 41,int1x7,1,"[0, 127]",40,PatchTone,,script+doc,,,,Pitch Env Time 3 (0~127),[],"{""file"": ""original-roland-files/Script/A8EE/Script.xml"", ""line"": 11408}"
fm.pat.tone[2].pitchEnvTime4,1F 00 24 42,int1x7,1,"[0, 127]",0,PatchTone,,script+doc,,,,Pitch Env Time 4 (0~127),[],"{""file"": ""original-roland-files/Script/A8EE/Script.xml"", ""line"": 11416}"
fm.pat.tone[2].pitchEnvLevel0,1F 00 24 43,int1x7,1,"[1, 127]",64,PatchTone,,script+doc,-64,,,Pitch Env Level 0 (1~127),[],"{""file"": ""original-roland-files/Script/A8EE/Script.xml"", ""line"": 11424}"
fm.pat.tone[2].pitchEnvLevel1,1F 00 24 44,int1x7,1,"[1, 127]",34,PatchTone,,script+doc,-64,,,Pitch Env Level 1 (1~127),[],"{""file"": ""original-roland-files/Script/A8EE/Script.xml"", ""line"": 11432}"
fm.pat.tone[2].pitchEnvLevel2,1F 00 24 45,int1x7,1,"[1, 127]",94,PatchTone,,script+doc,-64,,,Pitch Env Level 2 (1~127),[],"{""file"": ""original-roland-files/Script/A8EE/Script.xml"", ""line"": 11440}"
fm.pat.tone[2].pitchEnvLevel3,1F 00 24 46,int1x7,1,"[1, 127]",64,PatchTone,,script+doc,-64,,,Pitch Env Level 3 (1~127),[],"{""file"": ""original-roland-files/Script/A8EE/Script.xml"", ""line"": 11448}"
fm.pat.tone[2].pitchEnvLevel4,1F 00 24 47,int1x7,1,"[1, 127]",64,PatchTone,,script+doc,-64,,,Pitch Env Level 4 (1~127),[],"{""file"": ""original-roland-files/Script/A8EE/Script.xml"", ""line"": 11456}"
fm.pat.tone[2].tvfFilterType,1F 00 24 48,int1x7,1,"[0, 6]",1,PatchTone,,script+doc,,"[""OFF"", ""LPF"", ""BPF"", ""HPF"", ""PKG"", ""LPF2"", ""LPF3""]",,TVF Filter Type (0~6),"[""enum labels ui-derived from stringTable filterTypeTable""]","{""file"": ""original-roland-files/Script/A8EE/Script.xml"", ""line"": 11464}"
fm.pat.tone[2].tvfCutoffFrequency,1F 00 24 49,int1x7,1,"[0, 127]",127,PatchTone,,script+doc,,,,TVF Cutoff Frequency (0~127),[],"{""file"": ""original-roland-files/Script/A8EE/Script.xml"", ""line"": 11472}"
fm.pat.tone[2].tvfCutoffKeyfollow,1F 00 24 4A,int1x7,1,"[44, 84]",64,PatchTone,,script+doc,-44,"[""-200"", ""-190"", ""-180"", ""-170"", ""-160"", ""-150"", ""-140"", ""-130"", ""-120"", ""-110"", ""-100"", ""-90"", ""-80"", ""-70"", ""-60"", ""-50"", ""-40"", ""-30"", ""-20"", ""-10"", ""0"", ""+10"", ""+20"", ""+30"", ""+40"", ""+50"", ""+60"", ""+70"", ""+80"", ""+90"", ""+100"", ""+110"", ""+120"", ""+130"", ""+140"", ""+150"", ""+160"", ""+170"", ""+180"", ""+190"", ""+200""]",,TVF Cutoff Keyfollow (44~ 84),"[""enum labels ui-derived from stringTable kf-200-10Table""]","{""file"": ""original-roland-files/Script/A8EE/Script.xml"", ""line"": 11480}"
fm.pat.tone[2].tvfCutoffVelocityCurve,1F 00 24 4B,int1x7,1,"[0, 7]",1,PatchTone,,script+doc,,"[""FIX."", ""1"", ""2"", ""3"", ""4"", ""5"", ""6"", ""7""]",,TVF Cutoff Velocity Curve (0~7),"[""enum labels ui-derived from stringTable velocityCurveTable""]","{""file"": ""original-roland-files/Script/A8EE/Script.xml"", ""line"": 11488}"
fm.pat.tone[2].tvfCutoffVelocitySens,1F 00 24 4C,int1x7,1,"[1, 127]",64,PatchTone,,script+doc,-64,,,TVF Cutoff Velocity Sens (1~127),[],"{""file"": ""original-roland-files/Script/A8EE/Script.xml"", ""line"": 11496}"
fm.pat.tone[2].tvfResonance,1F 00 24 4D,int1x7,1,"[0, 127]",0,PatchTone,,script+doc,,,,TVF Resonance (0~127),[],"{""file"": ""original-roland-files/Script/A8EE/Script.xml"", ""line"": 11504}"
fm.pat.tone[2].tvfResonanceVelocitySens,1F 00 24 4E,int1x7,1,"[1, 127]",64,PatchTone,,script+doc,-64,,,TVF Resonance Velocity Sens (1~127),[],"{""file"": ""original-roland-files/Script/A8EE/Script.xml"", ""line"": 11512}"
fm.pat.tone[2].tvfEnvDepth,1F 00 24 4F,int1x7,1,"[1, 127]",64,PatchTone,,script+doc,-64,,,TVF Env Depth (1~127),[],"{""file"": ""original-roland-files/Script/A8EE/Script.xml"", ""line"": 11520}"
fm.pat.tone[2].tvfEnvVelocityCurve,1F 00 24 50,int1x7,1,"[0, 7]",1,PatchTone,,script+doc,,"[""FIX."", ""1"", ""2"", ""3"", ""4"", ""5"", ""6"", ""7""]",,TVF Env Velocity Curve (0~7),"[""enum labels ui-derived from stringTable velocityCurveTable""]","{""file"": ""original-roland-files/Script/A8EE/Script.xml"", ""line"": 11528}"
fm.pat.tone[2].tvfEnvVelocitySens,1F 00 24 51,int1x7,1,"[1, 127]",64,PatchTone,,script+doc,-64,,,TVF Env Velocity Sens (1~127),[],"{""file"": ""original-roland-files/Script/A8EE/Script.xml"", ""line"": 11536}"
fm.pat.tone[2].tvfEnvTime1VelocitySens,1F 00 24 52,int1x7,1,"[1, 127]",64,PatchTone,,script+doc,-64,,,TVF Env Time 1 Velocity Sens (1~127),[],"{""file"": ""original-roland-files/Script/A8EE/Script.xml"", ""line"": 11544}"
fm.pat.tone[2].tvfEnvTime4VelocitySens,1F 00 24 53,int1x7,1,"[1, 127]",64,PatchTone,,script+doc,-64,,,TVF Env Time 4 Velocity Sens (1~127),[],"{""file"": ""original-roland-files/Script/A8EE/Script.xml"", ""line"": 11552}"
fm.pat.tone[2].tvfEnvTimeKeyfollow,1F 00 24 54,int1x7,1,"[54, 74]",64,PatchTone,,script+doc,-54,"[""-100"", ""-90"", ""-80"", ""-70"", ""-60"", ""-50"", ""-40"", ""-30"", ""-20"", ""-10"", ""0"", ""+10"", ""+20"", ""+30"", ""+40"", ""+50"", ""+60"", ""+70"", ""+80"", ""+90"", ""+100""]",,TVF Env Time Keyfollow (54~74),"[""enum labels ui-derived from stringTable kf-100-10Table""]","{""file"": ""original-roland-files/Script/A8EE/Script.xml"", ""line"": 11560}"
fm.pat.tone[2].tvfEnvTime1,1F 00 24 55,int1x7,1,"[0, 127]",0,PatchTone,,script+doc,,,,TVF Env Time 1 (0~127),[],"{""file"": ""original-roland-files/Script/A8EE/Script.xml"", ""line"": 11568}"
fm.pat.tone[2].tvfEnvTime2,1F 00 24 56,int1x7,1,"[0, 127]",10,PatchTone,,script+doc,,,,TVF Env Time 2 (0~127),[],"{""file"": ""original-roland-files/Script/A8EE/Script.xml"", ""line"": 11576}"
fm.pat.tone[2].tvfEnvTime3,1F 00 24 57,int1x7,1,"[0, 127]",10,PatchTone,,script+doc,,,,TVF Env Time 3 (0~127),[],"{""file"": ""original-roland-files/Script/A8EE/Script.xml"", ""line"": 11584}"
fm.pat.tone[2].tvfEnvTime4,1F 00 24 58,int1x7,1,"[0, 127]",64,PatchTone,,script+doc,,,,TVF Env Time 4 (0~127),[],"{""file"": ""original-roland-files/Script/A8EE/Script.xml"", ""line"": 11592}"
fm.pat.tone[2].tvfEnvLevel0,1F 00 24 59,int1x7,1,"[0, 127]",0,PatchTone,,script+doc,,,,TVF Env Level 0 (0~127),[],"{""file"": ""original-roland-files/Script/A8EE/Script.xml"", ""line"": 11600}"
fm.pat.tone[2].tvfEnvLevel1,1F 00 24 5A,int1x7,1,"[0, 127]",127,PatchTone,,script+doc,,,,TVF Env Level 1 (0~127),[],"{""file"": ""original-roland-files/Script/A8EE/Script.xml"", ""line"": 11608}"
fm.pat.tone[2].tvfEnvLevel2,1F 00 24 5B,int1x7,1,"[0, 127]",127,PatchTone,,script+doc,,,,TVF Env Level 2 (0~127),[],"{""file"": ""original-roland-files/Script/A8EE/Script.xml"", ""line"": 11616}"
fm.pat.tone[2].tvfEnvLevel3,1F 00 24 5C,int1x7,1,"[0, 127]",127,PatchTone,,script+doc,,,,TVF Env Level 3 (0~127),[],"{""file"": ""original-roland-files/Script/A8EE/Script.xml"", ""line"": 11624}"
fm.pat.tone[2].tvfEnvLevel4,1F 00 24 5D,int1x7,1,"[0, 127]",0,PatchTone,,script+doc,,,,TVF Env Level 4 (0~127),[],"{""file"": ""original-roland-files/Script/A8EE/Script.xml"", ""line"": 11632}"
fm.pat.tone[2].biasLevel,1F 00 24 5E,int1x7,1,"[54, 74]",64,PatchTone,,script+doc,,"[""-100"", ""-90"", ""-80"", ""-70"", ""-60"", ""-50"", ""-40"", ""-30"", ""-20"", ""-10"", ""0"", ""+10"", ""+20"", ""+30"", ""+40"", ""+50"", ""+60"", ""+70"", ""+80"", ""+90"", ""+100""]",,Bias Level (54~74),"[""enum labels ui-derived from stringTable kf-100-10Table""]","{""file"": ""original-roland-files/Script/A8EE/Script.xml"", ""line"": 11640}"
fm.pat.tone[2].biasPosition,1F 00 24 5F,int1x7,1,"[0, 127]",60,PatchTone,,script+doc,,"[""C-1"", ""C#-1"", ""D-1"", ""Eb-1"", ""E-1"", ""F-1"", ""F#-1"", ""G-1"", ""G#-1"", ""A-1"", ""Bb-1"", ""B-1"", ""C0"", ""C#0"", ""D0"", ""Eb0"", ""E0"", ""F0"", ""F#0"", ""G0"", ""G#0"", ""A0"", ""Bb0"", ""B0"", ""C1"", ""C#1"", ""D1"", ""Eb1"", ""E1"", ""F1"", ""F#1"", ""G1"", ""G#1"", ""A1"", ""Bb1"", ""B1"", ""C2"", ""C#2"", ""D2"", ""Eb2"", ""E2"", ""F2"", ""F#2"", ""G2"", ""G#2"", ""A2"", ""Bb2"", ""B2"", ""C3"", ""C#3"", ""D3"", ""Eb3"", ""E3"", ""F3"", ""F#3"", ""G3"", ""G#3"", ""A3"", ""Bb3"", ""B3"", ""C4"", ""C#4"", ""D4"", ""Eb4"", ""E4"", ""F4"", ""F#4"", ""G4"", ""G#4"", ""A4"", ""Bb4"", ""B4"", ""C5"", ""C#5"", ""D5"", ""Eb5"", ""E5"", ""F5"", ""F#5"", ""G5"", ""G#5"", ""A5"", ""Bb5"", ""B5"", ""C6"", ""C#6"", ""D6"", ""Eb6"", ""E6"", ""F6"", ""F#6"", ""G6"", ""G#6"", ""A6"", ""Bb6"", ""B6"", ""C7"", ""C#7"", ""D7"", ""Eb7"", ""E7"", ""F7"", ""F#7"", ""G7"", ""G#7"", ""A7"", ""Bb7"", ""B7"", ""C8"", ""C#8"", ""D8"", ""Eb8"", ""E8"", ""F8"", ""F#8"", ""G8"", ""G#8"", ""A8"", ""Bb8"", ""B8"", ""C9"", ""C#9"", ""D9"", ""Eb9"", ""E9"", ""F9"", ""F#9"", ""G9""]",,Bias Position (0~127),"[""enum labels ui-derived from stringTable noteTable""]","{""file"": ""original-roland-files/Script/A8EE/Script.xml"", ""line"": 11648}"
fm.pat.tone[2].biasDirection,1F 00 24 60,int1x7,1,"[0, 3]",3,PatchTone,,script+doc,,"[""LOWER"", ""UPPER"", ""LO&UP"", ""ALL""]",,Bias Direction (0~3),"[""enum labels ui-derived from stringTable biasDirectionTable""]","{""file"": ""original-roland-files/Script/A8EE/Script.xml"", ""line"": 11656}"
fm.pat.tone[2].tvaLevelVelocityCurve,1F 00 24 61,int1x7,1,"[0, 7]",1,PatchTone,,script+doc,,"[""FIX."", ""1"", ""2"", ""3"", ""4"", ""5"", ""6"", ""7""]",,TVA Level Velocity Curve (0~7),"[""enum labels ui-derived from stringTable velocityCurveTable""]","{""file"": ""original-roland-files/Script/A8EE/Script.xml"", ""line"": 11664}"
fm.pat.tone[2].tvaLevelVelocitySens,1F 00 24 62,int1x7,1,"[1, 127]",96,PatchTone,,script+doc,-64,,,TVA Level Velocity Sens (1~127),[],"{""file"": ""original-roland-files/Script/A8EE/Script.xml"", ""line"": 11672}"
fm.pat.tone[2].tvaEnvTime1VelocitySens,1F 00 24 63,int1x7,1,"[1, 127]",64,PatchTone,,script+doc,-64,,,TVA Env Time 1 Velocity Sens (1~127),[],"{""file"": ""original-roland-files/Script/A8EE/Script.xml"", ""line"": 11680}"
fm.pat.tone[2].tvaEnvTime4VelocitySens,1F 00 24 64,int1x7,1,"[1, 127]",64,PatchTone,,script+doc,-64,,,TVA Env Time 4 Velocity Sens (1~127),[],"{""file"": ""original-roland-files/Script/A8EE/Script.xml"", ""line"": 11688}"
fm.pat.tone[2].tvaEnvTimeKeyfollow,1F 00 24 65,int1x7,1,"[54, 74]",64,PatchTone,,script+doc,-54,"[""-100"", ""-90"", ""-80"", ""-70"", ""-60"", ""-50"", ""-40"", ""-30"", ""-20"", ""-10"", ""0"", ""+10"", ""+20"", ""+30"", ""+40"", ""+50"", ""+60"", ""+70"", ""+80"", ""+90"", ""+100""]",,TVA Env Time Keyfollow (54~74),"[""enum labels ui-derived from stringTable kf-100-10Table""]","{""file"": ""original-roland-files/Script/A8EE/Script.xml"", ""line"": 11696}"
fm.pat.tone[2].tvaEnvTime1,1F 00 24 66,int1x7,1,"[0, 127]",0,PatchTone,,script+doc,,,,TVA Env Time 1 (0~127),[],"{""file"": ""original-roland-files/Script/A8EE/Script.xml"", ""line"": 11704}"
fm.pat.tone[2].tvaEnvTime2,1F 00 24 67,int1x7,1,"[0, 127]",10,PatchTone,,script+doc,,,,TVA Env Time 2 (0~127),[],"{""file"": ""original-roland-files/Script/A8EE/Script.xml"", ""line"": 11712}"
fm.pat.tone[2].tvaEnvTime3,1F 00 24 68,int1x7,1,"[0, 127]",10,PatchTone,,script+doc,,,,TVA Env Time 3 (0~127),[],"{""file"": ""original-roland-files/Script/A8EE/Script.xml"", ""line"": 11720}"
fm.pat.tone[2].tvaEnvTime4,1F 00 24 69,int1x7,1,"[0, 127]",10,PatchTone,,script+doc,,,,TVA Env Time 4 (0~127),[],"{""file"": ""original-roland-files/Script/A8EE/Script.xml"", ""line"": 11728}"
fm.pat.tone[2].tvaEnvLevel1,1F 00 24 6A,int1x7,1,"[0, 127]",127,PatchTone,,script+doc,,,,TVA Env Level 1 (0~127),[],"{""file"": ""original-roland-files/Script/A8EE/Script.xml"", ""line"": 11736}"
fm.pat.tone[2].tvaEnvLevel2,1F 00 24 6B,int1x7,1,"[0, 127]",127,PatchTone,,script+doc,,,,TVA Env Level 2 (0~127),[],"{""file"": ""original-roland-files/Script/A8EE/Script.xml"", ""line"": 11744}"
fm.pat.tone[2].tvaEnvLevel3,1F 00 24 6C,int1x7,1,"[0, 127]",127,PatchTone,,script+doc,,,,TVA Env Level 3 (0~127),[],"{""file"": ""original-roland-files/Script/A8EE/Script.xml"", ""line"": 11752}"
fm.pat.tone[2].lfoWaveForm[0],1F 00 24 6D,int1x7,1,"[0, 12]",1,PatchTone,,script+doc,,"[""SIN"", ""TRI"", ""SAW-UP"", ""SAW-DW"", ""SQR"", ""RND"", ""BEND-UP"", ""BEND-DW"", ""TRP"", ""S&H"", ""CHS"", ""VSIN"", ""STEP""]",,LFO1 Waveform (0~12),"[""enum labels ui-derived from stringTable lfoWaveFormTable""]","{""file"": ""original-roland-files/Script/A8EE/Script.xml"", ""line"": 11761}"
fm.pat.tone[2].lfoRate[0],1F 00 24 6E,int2x4,2,"[0, 127]",92,PatchTone,,script+doc,,,,,[],"{""file"": ""original-roland-files/Script/A8EE/Script.xml"", ""line"": 11769}"
fm.pat.tone[2].lfoOffset[0],1F 00 24 70,int1x7,1,"[0, 4]",2,PatchTone,,script+doc,,,,LFO1 Offset (0~4),[],"{""file"": ""original-roland-files/Script/A8EE/Script.xml"", ""line"": 11778}"
fm.pat.tone[2].lfoRateDetune[0],1F 00 24 71,int1x7,1,"[0, 127]",0,PatchTone,,script+doc,,,,LFO1 Rate Detune (0~127),[],"{""file"": ""original-roland-files/Script/A8EE/Script.xml"", ""line"": 11786}"
fm.pat.tone[2].lfoDelayTime[0],1F 00 24 72,int1x7,1,"[0, 127]",0,PatchTone,,script+doc,,,,LFO1 Delay Time (0~127),[],"{""file"": ""original-roland-files/Script/A8EE/Script.xml"", ""line"": 11794}"
fm.pat.tone[2].lfoDelayTimeKeyfollow[0],1F 00 24 73,int1x7,1,"[54, 74]",64,PatchTone,,script+doc,,,,LFO1 Delay Time Keyfollow (54~74),[],"{""file"": ""original-roland-files/Script/A8EE/Script.xml"", ""line"": 11802}"
fm.pat.tone[2].lfoFadeMode[0],1F 00 24 74,int1x7,1,"[0, 3]",0,PatchTone,,script+doc,,"[""ON-IN"", ""ON-OUT"", ""OFF-IN"", ""OFF-OUT""]",,LFO1 Fade Mode (0~3),"[""enum labels ui-derived from stringTable lfoFadeModeTable""]","{""file"": ""original-roland-files/Script/A8EE/Script.xml"", ""line"": 11810}"
fm.pat.tone[2].lfoFadeTime[0],1F 00 24 75,int1x7,1,"[0, 127]",0,PatchTone,,script+doc,,,,LFO1 Fade Time (0~127),[],"{""file"": ""original-roland-files/Script/A8EE/Script.xml"", ""line"": 11818}"
fm.pat.tone[2].lfoKeyTrigger[0],1F 00 24 76,int1x7,1,"[0, 1]",0,PatchTone,,script,,,,LFO1 Key Trigger (0~127) (0~127),"[""doc cross-check: range differs (doc [0, 127])""]","{""file"": ""original-roland-files/Script/A8EE/Script.xml"", ""line"": 11826}"
fm.pat.tone[2].lfoPitchDepth[0],1F 00 24 77,int1x7,1,"[1, 127]",64,PatchTone,,script+doc,-64,,,LFO1 Pitch Depth (1~127),[],"{""file"": ""original-roland-files/Script/A8EE/Script.xml"", ""line"": 11834}"
fm.pat.tone[2].lfoTvfDepth[0],1F 00 24 78,int1x7,1,"[1, 127]",64,PatchTone,,script+doc,-64,,,LFO1 TVF Depth (1~127),[],"{""file"": ""original-roland-files/Script/A8EE/Script.xml"", ""line"": 11842}"
fm.pat.tone[2].lfoTvaDepth[0],1F 00 24 79,int1x7,1,"[1, 127]",64,PatchTone,,script+doc,-64,,,LFO1 TVA Depth (1~127),[],"{""file"": ""original-roland-files/Script/A8EE/Script.xml"", ""line"": 11850}"
fm.pat.tone[2].lfoPanDepth[0],1F 00 24 7A,int1x7,1,"[1, 127]",64,PatchTone,,script+doc,-64,,,LFO1 Pan Depth (1~127),[],"{""file"": ""original-roland-files/Script/A8EE/Script.xml"", ""line"": 11858}"
fm.pat.tone[2].lfoWaveForm[1],1F 00 24 7B,int1x7,1,"[0, 12]",1,PatchTone,,script+doc,,"[""SIN"", ""TRI"", ""SAW-UP"", ""SAW-DW"", ""SQR"", ""RND"", ""BEND-UP"", ""BEND-DW"", ""TRP"", ""S&H"", ""CHS"", ""VSIN"", ""STEP""]",,LFO2 Waveform (0~12),"[""enum labels ui-derived from stringTable lfoWaveFormTable""]","{""file"": ""original-roland-files/Script/A8EE/Script.xml"", ""line"": 11867}"
fm.pat.tone[2].lfoRate[1],1F 00 24 7C,int2x4,2,"[0, 127]",92,PatchTone,,script+doc,,,,,[],"{""file"": ""original-roland-files/Script/A8EE/Script.xml"", ""line"": 11875}"
fm.pat.tone[2].lfoOffset[1],1F 00 24 7E,int1x7,1,"[0, 4]",2,PatchTone,,script+doc,,,,LFO2 Offset (0~4),[],"{""file"": ""original-roland-files/Script/A8EE/Script.xml"", ""line"": 11883}"
fm.pat.tone[2].lfoRateDetune[1],1F 00 24 7F,int1x7,1,"[0, 127]",0,PatchTone,,script+doc,,,,LFO2 Rate Detune (0~127),[],"{""file"": ""original-roland-files/Script/A8EE/Script.xml"", ""line"": 11891}"
fm.pat.tone[2].lfoDelayTime[1],1F 00 25 00,int1x7,1,"[0, 127]",0,PatchTone,,script+doc,,,,LFO2 Delay Time (0~127),[],"{""file"": ""original-roland-files/Script/A8EE/Script.xml"", ""line"": 11899}"
fm.pat.tone[2].lfoDelayTimeKeyfollow[1],1F 00 25 01,int1x7,1,"[54, 74]",64,PatchTone,,script+doc,,,,LFO2 Delay Time Keyfollow (54~74),[],"{""file"": ""original-roland-files/Script/A8EE/Script.xml"", ""line"": 11907}"
fm.pat.tone[2].lfoFadeMode[1],1F 00 25 02,int1x7,1,"[0, 3]",0,PatchTone,,script+doc,,"[""ON-IN"", ""ON-OUT"", ""OFF-IN"", ""OFF-OUT""]",,LFO2 Fade Mode (0~3),"[""enum labels ui-derived from stringTable lfoFadeModeTable""]","{""file"": ""original-roland-files/Script/A8EE/Script.xml"", ""line"": 11915}"
fm.pat.tone[2].lfoFadeTime[1],1F 00 25 03,int1x7,1,"[0, 127]",0,PatchTone,,script+doc,,,,LFO2 Fade Time (0~127),[],"{""file"": ""original-roland-files/Script/A8EE/Script.xml"", ""line"": 11923}"
fm.pat.tone[2].lfoKeyTrigger[1],1F 00 25 04,int1x7,1,"[0, 1]",0,PatchTone,,script+doc,,,,LFO2 Key Trigger (0~1),[],"{""file"": ""original-roland-files/Script/A8EE/Script.xml"", ""line"": 11931}"
fm.pat.tone[2].lfoPitchDepth[1],1F 00 25 05,int1x7,1,"[1, 127]",64,PatchTone,,script+doc,-64,,,LFO2 Pitch Depth (1~127),[],"{""file"": ""original-roland-files/Script/A8EE/Script.xml"", ""line"": 11939}"
fm.pat.tone[2].lfoTvfDepth[1],1F 00 25 06,int1x7,1,"[1, 127]",64,PatchTone,,script+doc,-64,,,LFO2 TVF Depth (1~127),[],"{""file"": ""original-roland-files/Script/A8EE/Script.xml"", ""line"": 11947}"
fm.pat.tone[2].lfoTvaDepth[1],1F 00 25 07,int1x7,1,"[1, 127]",64,PatchTone,,script+doc,-64,,,LFO2 TVA Depth (1~127),[],"{""file"": ""original-roland-files/Script/A8EE/Script.xml"", ""line"": 11955}"
fm.pat.tone[2].lfoPanDepth[1],1F 00 25 08,int1x7,1,"[1, 127]",64,PatchTone,,script+doc,-64,,,LFO2 Pan Depth (1~127),[],"{""file"": ""original-roland-files/Script/A8EE/Script.xml"", ""line"": 11963}"
fm.pat.tone[2].lfoStepType,1F 00 25 09,int1x7,1,"[0, 1]",0,PatchTone,,script+doc,,,,LFO Step Type (0~1),[],"{""file"": ""original-roland-files/Script/A8EE/Script.xml"", ""line"": 11972}"
fm.pat.tone[2].lfoStep1,1F 00 25 0A,int1x7,1,"[28, 100]",64,PatchTone,,script+doc,-64,,,LFO Step1 (28~100),[],"{""file"": ""original-roland-files/Script/A8EE/Script.xml"", ""line"": 11980}"
fm.pat.tone[2].lfoStep2,1F 00 25 0B,int1x7,1,"[28, 100]",64,PatchTone,,script+doc,-64,,,LFO Step2 (28~100),[],"{""file"": ""original-roland-files/Script/A8EE/Script.xml"", ""line"": 11988}"
fm.pat.tone[2].lfoStep3,1F 00 25 0C,int1x7,1,"[28, 100]",64,PatchTone,,script+doc,-64,,,LFO Step3 (28~100),[],"{""file"": ""original-roland-files/Script/A8EE/Script.xml"", ""line"": 11996}"
fm.pat.tone[2].lfoStep4,1F 00 25 0D,int1x7,1,"[28, 100]",64,PatchTone,,script+doc,-64,,,LFO Step4 (28~100),[],"{""file"": ""original-roland-files/Script/A8EE/Script.xml"", ""line"": 12004}"
fm.pat.tone[2].lfoStep5,1F 00 25 0E,int1x7,1,"[28, 100]",64,PatchTone,,script+doc,-64,,,LFO Step5 (28~100),[],"{""file"": ""original-roland-files/Script/A8EE/Script.xml"", ""line"": 12012}"
fm.pat.tone[2].lfoStep6,1F 00 25 0F,int1x7,1,"[28, 100]",64,PatchTone,,script+doc,-64,,,LFO Step6 (28~100),[],"{""file"": ""original-roland-files/Script/A8EE/Script.xml"", ""line"": 12020}"
fm.pat.tone[2].lfoStep7,1F 00 25 10,int1x7,1,"[28, 100]",64,PatchTone,,script+doc,-64,,,LFO Step7 (28~100),[],"{""file"": ""original-roland-files/Script/A8EE/Script.xml"", ""line"": 12028}"
fm.pat.tone[2].lfoStep8,1F 00 25 11,int1x7,1,"[28, 100]",64,PatchTone,,script+doc,-64,,,LFO Step8 (28~100),[],"{""file"": ""original-roland-files/Script/A8EE/Script.xml"", ""line"": 12036}"
fm.pat.tone[2].lfoStep9,1F 00 25 12,int1x7,1,"[28, 100]",64,PatchTone,,script+doc,-64,,,LFO Step9 (28~100),[],"{""file"": ""original-roland-files/Script/A8EE/Script.xml"", ""line"": 12044}"
fm.pat.tone[2].lfoStep10,1F 00 25 13,int1x7,1,"[28, 100]",64,PatchTone,,script+doc,-64,,,LFO Step10 (28~100),[],"{""file"": ""original-roland-files/Script/A8EE/Script.xml"", ""line"": 12052}"
fm.pat.tone[2].lfoStep11,1F 00 25 14,int1x7,1,"[28, 100]",64,PatchTone,,script+doc,-64,,,LFO Step11 (28~100),[],"{""file"": ""original-roland-files/Script/A8EE/Script.xml"", ""line"": 12060}"
fm.pat.tone[2].lfoStep12,1F 00 25 15,int1x7,1,"[28, 100]",64,PatchTone,,script+doc,-64,,,LFO Step12 (28~100),[],"{""file"": ""original-roland-files/Script/A8EE/Script.xml"", ""line"": 12068}"
fm.pat.tone[2].lfoStep13,1F 00 25 16,int1x7,1,"[28, 100]",64,PatchTone,,script+doc,-64,,,LFO Step13 (28~100),[],"{""file"": ""original-roland-files/Script/A8EE/Script.xml"", ""line"": 12076}"
fm.pat.tone[2].lfoStep14,1F 00 25 17,int1x7,1,"[28, 100]",64,PatchTone,,script+doc,-64,,,LFO Step14 (28~100),[],"{""file"": ""original-roland-files/Script/A8EE/Script.xml"", ""line"": 12084}"
fm.pat.tone[2].lfoStep15,1F 00 25 18,int1x7,1,"[28, 100]",64,PatchTone,,script+doc,-64,,,LFO Step15 (28~100),[],"{""file"": ""original-roland-files/Script/A8EE/Script.xml"", ""line"": 12092}"
fm.pat.tone[2].lfoStep16,1F 00 25 19,int1x7,1,"[28, 100]",64,PatchTone,,script+doc,-64,,,LFO Step16 (28~100),[],"{""file"": ""original-roland-files/Script/A8EE/Script.xml"", ""line"": 12100}"
fm.pat.tone[3].toneLevel,1F 00 26 00,int1x7,1,"[0, 127]",127,PatchTone,,script+doc,,,,Tone Level (0~127),[],"{""file"": ""original-roland-files/Script/A8EE/Script.xml"", ""line"": 10967}"
fm.pat.tone[3].toneCoarseTune,1F 00 26 01,int1x7,1,"[16, 112]",64,PatchTone,,script+doc,-64,,,Tone Coarse Tune (16 - 112),[],"{""file"": ""original-roland-files/Script/A8EE/Script.xml"", ""line"": 10975}"
fm.pat.tone[3].toneFineTune,1F 00 26 02,int1x7,1,"[14, 114]",64,PatchTone,,script+doc,-64,,,Tone Fine Tune (14 - 114),[],"{""file"": ""original-roland-files/Script/A8EE/Script.xml"", ""line"": 10983}"
fm.pat.tone[3].toneRandomPitchDepth,1F 00 26 03,int1x7,1,"[0, 30]",0,PatchTone,,script+doc,,"[""0"", ""1"", ""2"", ""3"", ""4"", ""5"", ""6"", ""7"", ""8"", ""9"", ""10"", ""20"", ""30"", ""40"", ""50"", ""60"", ""70"", ""80"", ""90"", ""100"", ""200"", ""300"", ""400"", ""500"", ""600"", ""700"", ""800"", ""900"", ""1000"", ""1100"", ""1200""]",,Tone Random Pitch Depth (0~30),"[""enum labels ui-derived from stringTable toneRandomPitchDepthTable""]","{""file"": ""original-roland-files/Script/A8EE/Script.xml"", ""line"": 10991}"
fm.pat.tone[3].tonePan,1F 00 26 04,int1x7,1,"[0, 127]",64,PatchTone,,script+doc,,"[""L64"", ""L63"", ""L62"", ""L61"", ""L60"", ""L59"", ""L58"", ""L57"", ""L56"", ""L55"", ""L54"", ""L53"", ""L52"", ""L51"", ""L50"", ""L49"", ""L48"", ""L47"", ""L46"", ""L45"", ""L44"", ""L43"", ""L42"", ""L41"", ""L40"", ""L39"", ""L38"", ""L37"", ""L36"", ""L35"", ""L34"", ""L33"", ""L32"", ""L31"", ""L30"", ""L29"", ""L28"", ""L27"", ""L26"", ""L25"", ""L24"", ""L23"", ""L22"", ""L21"", ""L20"", ""L19"", ""L18"", ""L17"", ""L16"", ""L15"", ""L14"", ""L13"", ""L12"", ""L11"", ""L10"", ""L09"", ""L08"", ""L07"", ""L06"", ""L05"", ""L04"", ""L03"", ""L02"", ""L01"", ""0"", ""01R"", ""02R"", ""03R"", ""04R"", ""05R"", ""06R"", ""07R"", ""08R"", ""09R"", ""10R"", ""11R"", ""12R"", ""13R"", ""14R"", ""15R"", ""16R"", ""17R"", ""18R"", ""19R"", ""20R"", ""21R"", ""22R"", ""23R"", ""24R"", ""25R"", ""26R"", ""27R"", ""28R"", ""29R"", ""30R"", ""31R"", ""32R"", ""33R"", ""34R"", ""35R"", ""36R"", ""37R"", ""38R"", ""39R"", ""40R"", ""41R"", ""42R"", ""43R"", ""44R"", ""45R"", ""46R"", ""47R"", ""48R"", ""49R"", ""50R"", ""51R"", ""52R"", ""53R"", ""54R"", ""55R"", ""56R"", ""57R"", ""58R"", ""59R"", ""60R"", ""61R"", ""62R"", ""63R""]",,Tone Pan (0~127),"[""enum labels ui-derived from stringTable panTable""]","{""file"": ""original-roland-files/Script/A8EE/Script.xml"", ""line"": 10999}"
fm.pat.tone[3].tonePanKeyfollow,1F 00 26 05,int1x7,1,"[54, 74]",64,PatchTone,,script+doc,-54,"[""-100"", ""-90"", ""-80"", ""-70"", ""-60"", ""-50"", ""-40"", ""-30"", ""-20"", ""-10"", ""0"", ""+10"", ""+20"", ""+30"", ""+40"", ""+50"", ""+60"", ""+70"", ""+80"", ""+90"", ""+100""]",,Tone Pan Keyfollow (54~74),"[""enum labels ui-derived from stringTable kf-100-10Table""]","{""file"": ""original-roland-files/Script/A8EE/Script.xml"", ""line"": 11007}"
fm.pat.tone[3].toneRandomPanDepth,1F 00 26 06,int1x7,1,"[0, 63]",0,PatchTone,,script+doc,,,,Tone Random Pan Depth (0~63),[],"{""file"": ""original-roland-files/Script/A8EE/Script.xml"", ""line"": 11015}"
fm.pat.tone[3].toneAlternatePanDepth,1F 00 26 07,int1x7,1,"[1, 127]",64,PatchTone,,script+doc,,"[""L63"", ""L62"", ""L61"", ""L60"", ""L59"", ""L58"", ""L57"", ""L56"", ""L55"", ""L54"", ""L53"", ""L52"", ""L51"", ""L50"", ""L49"", ""L48"", ""L47"", ""L46"", ""L45"", ""L44"", ""L43"", ""L42"", ""L41"", ""L40"", ""L39"", ""L38"", ""L37"", ""L36"", ""L35"", ""L34"", ""L33"", ""L32"", ""L31"", ""L30"", ""L29"", ""L28"", ""L27"", ""L26"", ""L25"", ""L24"", ""L23"", ""L22"", ""L21"", ""L20"", ""L19"", ""L18"", ""L17"", ""L16"", ""L15"", ""L14"", ""L13"", ""L12"", ""L11"", ""L10"", ""L09"", ""L08"", ""L07"", ""L06"", ""L05"", ""L04"", ""L03"", ""L02"", ""L01"", ""0"", ""01R"", ""02R"", ""03R"", ""04R"", ""05R"", ""06R"", ""07R"", ""08R"", ""09R"", ""10R"", ""11R"", ""12R"", ""13R"", ""14R"", ""15R"", ""16R"", ""17R"", ""18R"", ""19R"", ""20R"", ""21R"", ""22R"", ""23R"", ""24R"", ""25R"", ""26R"", ""27R"", ""28R"", ""29R"", ""30R"", ""31R"", ""32R"", ""33R"", ""34R"", ""35R"", ""36R"", ""37R"", ""38R"", ""39R"", ""40R"", ""41R"", ""42R"", ""43R"", ""44R"", ""45R"", ""46R"", ""47R"", ""48R"", ""49R"", ""50R"", ""51R"", ""52R"", ""53R"", ""54R"", ""55R"", ""56R"", ""57R"", ""58R"", ""59R"", ""60R"", ""61R"", ""62R"", ""63R""]",,Tone Alternate Pan Depth (1~127),"[""enum labels ui-derived from stringTable panTableL63""]","{""file"": ""original-roland-files/Script/A8EE/Script.xml"", ""line"": 11023}"
fm.pat.tone[3].toneEnvMode,1F 00 26 08,int1x7,1,"[0, 1]",1,PatchTone,,script+doc,,,,Tone Env Mode (0~1),[],"{""file"": ""original-roland-files/Script/A8EE/Script.xml"", ""line"": 11031}"
fm.pat.tone[3].toneDelayMode,1F 00 26 09,int1x7,1,"[0, 3]",0,PatchTone,,script+doc,,,,Tone Delay Mode (0~3),[],"{""file"": ""original-roland-files/Script/A8EE/Script.xml"", ""line"": 11039}"
fm.pat.tone[3].toneDelayTime,1F 00 26 0A,int2x4,2,"[0, 127]",0,PatchTone,,script+doc,,,,,[],"{""file"": ""original-roland-files/Script/A8EE/Script.xml"", ""line"": 11047}"
fm.pat.tone[3].toneDrySendLevel,1F 00 26 0C,int1x7,1,"[0, 127]",127,PatchTone,,script+doc,,,,Tone Dry Send Level (0~127),[],"{""file"": ""original-roland-files/Script/A8EE/Script.xml"", ""line"": 11055}"
fm.pat.tone[3].toneChorusSendLevelMFX,1F 00 26 0D,int1x7,1,"[0, 127]",0,PatchTone,,script+doc,,,,Tone Chorus Send Level (MFX) (0~127),[],"{""file"": ""original-roland-files/Script/A8EE/Script.xml"", ""line"": 11063}"
fm.pat.tone[3].toneReverbSendLevelMFX,1F 00 26 0E,int1x7,1,"[0, 127]",0,PatchTone,,script+doc,,,,Tone Reverb Send Level (MFX) (0~127),[],"{""file"": ""original-roland-files/Script/A8EE/Script.xml"", ""line"": 11071}"
fm.pat.tone[3].toneChorusSendLevelNonMFX,1F 00 26 0F,int1x7,1,"[0, 127]",127,PatchTone,,script+doc,,,,Tone Chorus Send Level (non MFX) (0~127),[],"{""file"": ""original-roland-files/Script/A8EE/Script.xml"", ""line"": 11079}"
fm.pat.tone[3].toneReverbSendLevelNonMFX,1F 00 26 10,int1x7,1,"[0, 127]",127,PatchTone,,script+doc,,,,Tone Reverb Send Level (non MFX) (0~127),[],"{""file"": ""original-roland-files/Script/A8EE/Script.xml"", ""line"": 11087}"
fm.pat.tone[3].toneOutputAssign,1F 00 26 11,int1x7,1,"[0, 12]",0,PatchTone,,script+doc,,"[""MFX"", ""L+R"", ""L"", ""R""]","[0, 1, 5, 6]",Tone Output Assign ) (0~12,"[""enum labels ui-derived from stringTable toneOutputAssignTable""]","{""file"": ""original-roland-files/Script/A8EE/Script.xml"", ""line"": 11095}"
fm.pat.tone[3].toneReceiveBender,1F 00 26 12,int1x7,1,"[0, 1]",1,PatchTone,,script+doc,,,,Tone Receive Bender (0~1),[],"{""file"": ""original-roland-files/Script/A8EE/Script.xml"", ""line"": 11104}"
fm.pat.tone[3].toneReceiveExpression,1F 00 26 13,int1x7,1,"[0, 1]",1,PatchTone,,script+doc,,,,Tone Receive Expression (0~1),[],"{""file"": ""original-roland-files/Script/A8EE/Script.xml"", ""line"": 11112}"
fm.pat.tone[3].toneReceiveHold-1,1F 00 26 14,int1x7,1,"[0, 1]",1,PatchTone,,script+doc,,,,Tone Receive Hold-1 (0~1),[],"{""file"": ""original-roland-files/Script/A8EE/Script.xml"", ""line"": 11120}"
fm.pat.tone[3].toneReceivePanMode,1F 00 26 15,int1x7,1,"[0, 1]",0,PatchTone,,script+doc,,,,Tone Receive Pan Mode (0~1),[],"{""file"": ""original-roland-files/Script/A8EE/Script.xml"", ""line"": 11128}"
fm.pat.tone[3].toneRedamperSwitch,1F 00 26 16,int1x7,1,"[0, 1]",0,PatchTone,,script+doc,,,,Tone Redamper Switch (0~1),[],"{""file"": ""original-roland-files/Script/A8EE/Script.xml"", ""line"": 11136}"
fm.pat.tone[3].toneControl1Switch1,1F 00 26 17,int1x7,1,"[0, 2]",1,PatchTone,,script+doc,,,,Tone Control 1 Switch 1 (0~2),[],"{""file"": ""original-roland-files/Script/A8EE/Script.xml"", ""line"": 11144}"
fm.pat.tone[3].toneControl1Switch2,1F 00 26 18,int1x7,1,"[0, 2]",1,PatchTone,,script+doc,,,,Tone Control 1 Switch 2 (0~2) (0~2),[],"{""file"": ""original-roland-files/Script/A8EE/Script.xml"", ""line"": 11152}"
fm.pat.tone[3].toneControl1Switch3,1F 00 26 19,int1x7,1,"[0, 2]",1,PatchTone,,script+doc,,,,Tone Control 1 Switch 3 (0~2),[],"{""file"": ""original-roland-files/Script/A8EE/Script.xml"", ""line"": 11160}"
fm.pat.tone[3].toneControl1Switch4,1F 00 26 1A,int1x7,1,"[0, 2]",1,PatchTone,,script+doc,,,,Tone Control 1 Switch 4 (0~2),[],"{""file"": ""original-roland-files/Script/A8EE/Script.xml"", ""line"": 11168}"
fm.pat.tone[3].toneControl2Switch1,1F 00 26 1B,int1x7,1,"[0, 2]",1,PatchTone,,script+doc,,,,Tone Control 2 Switch 1 (0~2),[],"{""file"": ""original-roland-files/Script/A8EE/Script.xml"", ""line"": 11176}"
fm.pat.tone[3].toneControl2Switch2,1F 00 26 1C,int1x7,1,"[0, 2]",1,PatchTone,,script+doc,,,,Tone Control 2 Switch 2 (0~2),[],"{""file"": ""original-roland-files/Script/A8EE/Script.xml"", ""line"": 11184}"
fm.pat.tone[3].toneControl2Switch3,1F 00 26 1D,int1x7,1,"[0, 2]",1,PatchTone,,script+doc,,,,Tone Control 2 Switch 3 (0~2),[],"{""file"": ""original-roland-files/Script/A8EE/Script.xml"", ""line"": 11192}"
fm.pat.tone[3].toneControl2Switch4,1F 00 26 1E,int1x7,1,"[0, 2]",1,PatchTone,,script+doc,,,,Tone Control 2 Switch 4 (0~2),[],"{""file"": ""original-roland-files/Script/A8EE/Script.xml"", ""line"": 11200}"
fm.pat.tone[3].toneControl3Switch1,1F 00 26 1F,int1x7,1,"[0, 2]",1,PatchTone,,script+doc,,,,Tone Control 3 Switch 1 (0~2),[],"{""file"": ""original-roland-files/Script/A8EE/Script.xml"", ""line"": 11208}"
fm.pat.tone[3].toneControl3Switch2,1F 00 26 20,int1x7,1,"[0, 2]",1,PatchTone,,script+doc,,,,Tone Control 3 Switch 2 (0~2),[],"{""file"": ""original-roland-files/Script/A8EE/Script.xml"", ""line"": 11216}"
fm.pat.tone[3].toneControl3Switch3,1F 00 26 21,int1x7,1,"[0, 2]",1,PatchTone,,script+doc,,,,Tone Control 3 Switch 3 (0~2),[],"{""file"": ""original-roland-files/Script/A8EE/Script.xml"", ""line"": 11224}"
fm.pat.tone[3].toneControl3Switch4,1F 00 26 22,int1x7,1,"[0, 2]",1,PatchTone,,script+doc,,,,Tone Control 3 Switch 4 (0~2),[],"{""file"": ""original-roland-files/Script/A8EE/Script.xml"", ""line"": 11232}"
fm.pat.tone[3].toneControl4Switch1,1F 00 26 23,int1x7,1,"[0, 2]",1,PatchTone,,script+doc,,,,Tone Control 4 Switch 1 (0~2),[],"{""file"": ""original-roland-files/Script/A8EE/Script.xml"", ""line"": 11240}"
fm.pat.tone[3].toneControl4Switch2,1F 00 26 24,int1x7,1,"[0, 2]",1,PatchTone,,script+doc,,,,Tone Control 4 Switch 2 (0~2),[],"{""file"": ""original-roland-files/Script/A8EE/Script.xml"", ""line"": 11248}"
fm.pat.tone[3].toneControl4Switch3,1F 00 26 25,int1x7,1,"[0, 2]",1,PatchTone,,script+doc,,,,Tone Control 4 Switch 3 (0~2),[],"{""file"": ""original-roland-files/Script/A8EE/Script.xml"", ""line"": 11256}"
fm.pat.tone[3].toneControl4Switch4,1F 00 26 26,int1x7,1,"[0, 2]",1,PatchTone,,script+doc,,,,Tone Control 4 Switch 4 (0~2),[],"{""file"": ""original-roland-files/Script/A8EE/Script.xml"", ""line"": 11264}"
fm.pat.tone[3].waveGroupType,1F 00 26 27,int1x7,1,"[0, 3]",1,PatchTone,,script+doc,,,,Wave Group Type (0~3),[],"{""file"": ""original-roland-files/Script/A8EE/Script.xml"", ""line"": 11272}"
fm.pat.tone[3].waveGroupID,1F 00 26 28,int4x4,4,"[0, 16384]",23,PatchTone,,script+doc,,,,,[],"{""file"": ""original-roland-files/Script/A8EE/Script.xml"", ""line"": 11280}"
fm.pat.tone[3].waveNumberL,1F 00 26 2C,int4x4,4,"[0, 16384]",1,PatchTone,,script+doc,,,,,[],"{""file"": ""original-roland-files/Script/A8EE/Script.xml"", ""line"": 11288}"
fm.pat.tone[3].waveNumberR,1F 00 26 30,int4x4,4,"[0, 16384]",0,PatchTone,,script+doc,,,,,[],"{""file"": ""original-roland-files/Script/A8EE/Script.xml"", ""line"": 11296}"
fm.pat.tone[3].waveGain,1F 00 26 34,int1x7,1,"[0, 3]",1,PatchTone,,script+doc,,"[""-6"", ""0"", ""+6"", ""+12""]",,Wave Gain (0~3),"[""enum labels ui-derived from stringTable gain-6-6Table""]","{""file"": ""original-roland-files/Script/A8EE/Script.xml"", ""line"": 11304}"
fm.pat.tone[3].waveFXMSwitch,1F 00 26 35,int1x7,1,"[0, 1]",0,PatchTone,,script+doc,,,,Wave FXM Switch (0~1),[],"{""file"": ""original-roland-files/Script/A8EE/Script.xml"", ""line"": 11312}"
fm.pat.tone[3].waveFXMColor,1F 00 26 36,int1x7,1,"[0, 3]",0,PatchTone,,script+doc,1,,,Wave FXM Color (0~3),[],"{""file"": ""original-roland-files/Script/A8EE/Script.xml"", ""line"": 11320}"
fm.pat.tone[3].waveFXMDepth,1F 00 26 37,int1x7,1,"[0, 16]",0,PatchTone,,script+doc,,,,Wave FXM Depth (0~16),[],"{""file"": ""original-roland-files/Script/A8EE/Script.xml"", ""line"": 11328}"
fm.pat.tone[3].reserve38,1F 00 26 38,int1x7,1,"[0, 1]",0,PatchTone,,script+doc,,,,(reserve) (0~1),[],"{""file"": ""original-roland-files/Script/A8EE/Script.xml"", ""line"": 11336}"
fm.pat.tone[3].wavePitchKeyfollow,1F 00 26 39,int1x7,1,"[44, 84]",74,PatchTone,,script+doc,-44,"[""-200"", ""-190"", ""-180"", ""-170"", ""-160"", ""-150"", ""-140"", ""-130"", ""-120"", ""-110"", ""-100"", ""-90"", ""-80"", ""-70"", ""-60"", ""-50"", ""-40"", ""-30"", ""-20"", ""-10"", ""0"", ""+10"", ""+20"", ""+30"", ""+40"", ""+50"", ""+60"", ""+70"", ""+80"", ""+90"", ""+100"", ""+110"", ""+120"", ""+130"", ""+140"", ""+150"", ""+160"", ""+170"", ""+180"", ""+190"", ""+200""]",,Wave Pitch Keyfollow (44 ~84),"[""enum labels ui-derived from stringTable kf-200-10Table""]","{""file"": ""original-roland-files/Script/A8EE/Script.xml"", ""line"": 11344}"
fm.pat.tone[3].pitchEnvDepth,1F 00 26 3A,int1x7,1,"[52, 76]",64,PatchTone,,script+doc,-64,,,Pitch Env Depth (52 - 76),[],"{""file"": ""original-roland-files/Script/A8EE/Script.xml"", ""line"": 11352}"
fm.pat.tone[3].pitchEnvVelocitySens,1F 00 26 3B,int1x7,1,"[1, 127]",64,PatchTone,,script+doc,-64,,,Pitch Env Velocity Sens (1~127),[],"{""file"": ""original-roland-files/Script/A8EE/Script.xml"", ""line"": 11360}"
fm.pat.tone[3].pitchEnvTime1VelocitySens,1F 00 26 3C,int1x7,1,"[1, 127]",64,PatchTone,,script+doc,-64,,,Pitch Env Time 1 Velocity Sens (1~127),[],"{""file"": ""original-roland-files/Script/A8EE/Script.xml"", ""line"": 11368}"
fm.pat.tone[3].pitchEnvTime4VelocitySens,1F 00 26 3D,int1x7,1,"[1, 127]",64,PatchTone,,script+doc,-64,,,Pitch Env Time 4 Velocity Sens (1~127),[],"{""file"": ""original-roland-files/Script/A8EE/Script.xml"", ""line"": 11376}"
fm.pat.tone[3].pitchEnvTimeKeyFollow,1F 00 26 3E,int1x7,1,"[54, 74]",64,PatchTone,,script+doc,-54,"[""-100"", ""-90"", ""-80"", ""-70"", ""-60"", ""-50"", ""-40"", ""-30"", ""-20"", ""-10"", ""0"", ""+10"", ""+20"", ""+30"", ""+40"", ""+50"", ""+60"", ""+70"", ""+80"", ""+90"", ""+100""]",,Pitch Env Time Keyfollow (54~ 74),"[""enum labels ui-derived from stringTable kf-100-10Table""]","{""file"": ""original-roland-files/Script/A8EE/Script.xml"", ""line"": 11384}"
fm.pat.tone[3].pitchEnvTime1,1F 00 26 3F,int1x7,1,"[0, 127]",40,PatchTone,,script+doc,,,,Pitch Env Time 1 (0~127),[],"{""file"": ""original-roland-files/Script/A8EE/Script.xml"", ""line"": 11392}"
fm.pat.tone[3].pitchEnvTime2,1F 00 26 40,int1x7,1,"[0, 127]",80,PatchTone,,script+doc,,,,Pitch Env Time 2 (0~127),[],"{""file"": ""original-roland-files/Script/A8EE/Script.xml"", ""line"": 11400}"
fm.pat.tone[3].pitchEnvTime3,1F 00 26 41,int1x7,1,"[0, 127]",40,PatchTone,,script+doc,,,,Pitch Env Time 3 (0~127),[],"{""file"": ""original-roland-files/Script/A8EE/Script.xml"", ""line"": 11408}"
fm.pat.tone[3].pitchEnvTime4,1F 00 26 42,int1x7,1,"[0, 127]",0,PatchTone,,script+doc,,,,Pitch Env Time 4 (0~127),[],"{""file"": ""original-roland-files/Script/A8EE/Script.xml"", ""line"": 11416}"
fm.pat.tone[3].pitchEnvLevel0,1F 00 26 43,int1x7,1,"[1, 127]",64,PatchTone,,script+doc,-64,,,Pitch Env Level 0 (1~127),[],"{""file"": ""original-roland-files/Script/A8EE/Script.xml"", ""line"": 11424}"
fm.pat.tone[3].pitchEnvLevel1,1F 00 26 44,int1x7,1,"[1, 127]",34,PatchTone,,script+doc,-64,,,Pitch Env Level 1 (1~127),[],"{""file"": ""original-roland-files/Script/A8EE/Script.xml"", ""line"": 11432}"
fm.pat.tone[3].pitchEnvLevel2,1F 00 26 45,int1x7,1,"[1, 127]",94,PatchTone,,script+doc,-64,,,Pitch Env Level 2 (1~127),[],"{""file"": ""original-roland-files/Script/A8EE/Script.xml"", ""line"": 11440}"
fm.pat.tone[3].pitchEnvLevel3,1F 00 26 46,int1x7,1,"[1, 127]",64,PatchTone,,script+doc,-64,,,Pitch Env Level 3 (1~127),[],"{""file"": ""original-roland-files/Script/A8EE/Script.xml"", ""line"": 11448}"
fm.pat.tone[3].pitchEnvLevel4,1F 00 26 47,int1x7,1,"[1, 127]",64,PatchTone,,script+doc,-64,,,Pitch Env Level 4 (1~127),[],"{""file"": ""original-roland-files/Script/A8EE/Script.xml"", ""line"": 11456}"
fm.pat.tone[3].tvfFilterType,1F 00 26 48,int1x7,1,"[0, 6]",1,PatchTone,,script+doc,,"[""OFF"", ""LPF"", ""BPF"", ""HPF"", ""PKG"", ""LPF2"", ""LPF3""]",,TVF Filter Type (0~6),"[""enum labels ui-derived from stringTable filterTypeTable""]","{""file"": ""original-roland-files/Script/A8EE/Script.xml"", ""line"": 11464}"
fm.pat.tone[3].tvfCutoffFrequency,1F 00 26 49,int1x7,1,"[0, 127]",127,PatchTone,,script+doc,,,,TVF Cutoff Frequency (0~127),[],"{""file"": ""original-roland-files/Script/A8EE/Script.xml"", ""line"": 11472}"
fm.pat.tone[3].tvfCutoffKeyfollow,1F 00 26 4A,int1x7,1,"[44, 84]",64,PatchTone,,script+doc,-44,"[""-200"", ""-190"", ""-180"", ""-170"", ""-160"", ""-150"", ""-140"", ""-130"", ""-120"", ""-110"", ""-100"", ""-90"", ""-80"", ""-70"", ""-60"", ""-50"", ""-40"", ""-30"", ""-20"", ""-10"", ""0"", ""+10"", ""+20"", ""+30"", ""+40"", ""+50"", ""+60"", ""+70"", ""+80"", ""+90"", ""+100"", ""+110"", ""+120"", ""+130"", ""+140"", ""+150"", ""+160"", ""+170"", ""+180"", ""+190"", ""+200""]",,TVF Cutoff Keyfollow (44~ 84),"[""enum labels ui-derived from stringTable kf-200-10Table""]","{""file"": ""original-roland-files/Script/A8EE/Script.xml"", ""line"": 11480}"
fm.pat.tone[3].tvfCutoffVelocityCurve,1F 00 26 4B,int1x7,1,"[0, 7]",1,PatchTone,,script+doc,,"[""FIX."", ""1"", ""2"", ""3"", ""4"", ""5"", ""6"", ""7""]",,TVF Cutoff Velocity Curve (0~7),"[""enum labels ui-derived from stringTable velocityCurveTable""]","{""file"": ""original-roland-files/Script/A8EE/Script.xml"", ""line"": 11488}"
fm.pat.tone[3].tvfCutoffVelocitySens,1F 00 26 4C,int1x7,1,"[1, 127]",64,PatchTone,,script+doc,-64,,,TVF Cutoff Velocity Sens (1~127),[],"{""file"": ""original-roland-files/Script/A8EE/Script.xml"", ""line"": 11496}"
fm.pat.tone[3].tvfResonance,1F 00 26 4D,int1x7,1,"[0, 127]",0,PatchTone,,script+doc,,,,TVF Resonance (0~127),[],"{""file"": ""original-roland-files/Script/A8EE/Script.xml"", ""line"": 11504}"
fm.pat.tone[3].tvfResonanceVelocitySens,1F 00 26 4E,int1x7,1,"[1, 127]",64,PatchTone,,script+doc,-64,,,TVF Resonance Velocity Sens (1~127),[],"{""file"": ""original-roland-files/Script/A8EE/Script.xml"", ""line"": 11512}"
fm.pat.tone[3].tvfEnvDepth,1F 00 26 4F,int1x7,1,"[1, 127]",64,PatchTone,,script+doc,-64,,,TVF Env Depth (1~127),[],"{""file"": ""original-roland-files/Script/A8EE/Script.xml"", ""line"": 11520}"
fm.pat.tone[3].tvfEnvVelocityCurve,1F 00 26 50,int1x7,1,"[0, 7]",1,PatchTone,,script+doc,,"[""FIX."", ""1"", ""2"", ""3"", ""4"", ""5"", ""6"", ""7""]",,TVF Env Velocity Curve (0~7),"[""enum labels ui-derived from stringTable velocityCurveTable""]","{""file"": ""original-roland-files/Script/A8EE/Script.xml"", ""line"": 11528}"
fm.pat.tone[3].tvfEnvVelocitySens,1F 00 26 51,int1x7,1,"[1, 127]",64,PatchTone,,script+doc,-64,,,TVF Env Velocity Sens (1~127),[],"{""file"": ""original-roland-files/Script/A8EE/Script.xml"", ""line"": 11536}"
fm.pat.tone[3].tvfEnvTime1VelocitySens,1F 00 26 52,int1x7,1,"[1, 127]",64,PatchTone,,script+doc,-64,,,TVF Env Time 1 Velocity Sens (1~127),[],"{""file"": ""original-roland-files/Script/A8EE/Script.xml"", ""line"": 11544}"
fm.pat.tone[3].tvfEnvTime4VelocitySens,1F 00 26 53,int1x7,1,"[1, 127]",64,PatchTone,,script+doc,-64,,,TVF Env Time 4 Velocity Sens (1~127),[],"{""file"": ""original-roland-files/Script/A8EE/Script.xml"", ""line"": 11552}"
fm.pat.tone[3].tvfEnvTimeKeyfollow,1F 00 26 54,int1x7,1,"[54, 74]",64,PatchTone,,script+doc,-54,"[""-100"", ""-90"", ""-80"", ""-70"", ""-60"", ""-50"", ""-40"", ""-30"", ""-20"", ""-10"", ""0"", ""+10"", ""+20"", ""+30"", ""+40"", ""+50"", ""+60"", ""+70"", ""+80"", ""+90"", ""+100""]",,TVF Env Time Keyfollow (54~74),"[""enum labels ui-derived from stringTable kf-100-10Table""]","{""file"": ""original-roland-files/Script/A8EE/Script.xml"", ""line"": 11560}"
fm.pat.tone[3].tvfEnvTime1,1F 00 26 55,int1x7,1,"[0, 127]",0,PatchTone,,script+doc,,,,TVF Env Time 1 (0~127),[],"{""file"": ""original-roland-files/Script/A8EE/Script.xml"", ""line"": 11568}"
fm.pat.tone[3].tvfEnvTime2,1F 00 26 56,int1x7,1,"[0, 127]",10,PatchTone,,script+doc,,,,TVF Env Time 2 (0~127),[],"{""file"": ""original-roland-files/Script/A8EE/Script.xml"", ""line"": 11576}"
fm.pat.tone[3].tvfEnvTime3,1F 00 26 57,int1x7,1,"[0, 127]",10,PatchTone,,script+doc,,,,TVF Env Time 3 (0~127),[],"{""file"": ""original-roland-files/Script/A8EE/Script.xml"", ""line"": 11584}"
fm.pat.tone[3].tvfEnvTime4,1F 00 26 58,int1x7,1,"[0, 127]",64,PatchTone,,script+doc,,,,TVF Env Time 4 (0~127),[],"{""file"": ""original-roland-files/Script/A8EE/Script.xml"", ""line"": 11592}"
fm.pat.tone[3].tvfEnvLevel0,1F 00 26 59,int1x7,1,"[0, 127]",0,PatchTone,,script+doc,,,,TVF Env Level 0 (0~127),[],"{""file"": ""original-roland-files/Script/A8EE/Script.xml"", ""line"": 11600}"
fm.pat.tone[3].tvfEnvLevel1,1F 00 26 5A,int1x7,1,"[0, 127]",127,PatchTone,,script+doc,,,,TVF Env Level 1 (0~127),[],"{""file"": ""original-roland-files/Script/A8EE/Script.xml"", ""line"": 11608}"
fm.pat.tone[3].tvfEnvLevel2,1F 00 26 5B,int1x7,1,"[0, 127]",127,PatchTone,,script+doc,,,,TVF Env Level 2 (0~127),[],"{""file"": ""original-roland-files/Script/A8EE/Script.xml"", ""line"": 11616}"
fm.pat.tone[3].tvfEnvLevel3,1F 00 26 5C,int1x7,1,"[0, 127]",127,PatchTone,,script+doc,,,,TVF Env Level 3 (0~127),[],"{""file"": ""original-roland-files/Script/A8EE/Script.xml"", ""line"": 11624}"
fm.pat.tone[3].tvfEnvLevel4,1F 00 26 5D,int1x7,1,"[0, 127]",0,PatchTone,,script+doc,,,,TVF Env Level 4 (0~127),[],"{""file"": ""original-roland-files/Script/A8EE/Script.xml"", ""line"": 11632}"
fm.pat.tone[3].biasLevel,1F 00 26 5E,int1x7,1,"[54, 74]",64,PatchTone,,script+doc,,"[""-100"", ""-90"", ""-80"", ""-70"", ""-60"", ""-50"", ""-40"", ""-30"", ""-20"", ""-10"", ""0"", ""+10"", ""+20"", ""+30"", ""+40"", ""+50"", ""+60"", ""+70"", ""+80"", ""+90"", ""+100""]",,Bias Level (54~74),"[""enum labels ui-derived from stringTable kf-100-10Table""]","{""file"": ""original-roland-files/Script/A8EE/Script.xml"", ""line"": 11640}"
fm.pat.tone[3].biasPosition,1F 00 26 5F,int1x7,1,"[0, 127]",60,PatchTone,,script+doc,,"[""C-1"", ""C#-1"", ""D-1"", ""Eb-1"", ""E-1"", ""F-1"", ""F#-1"", ""G-1"", ""G#-1"", ""A-1"", ""Bb-1"", ""B-1"", ""C0"", ""C#0"", ""D0"", ""Eb0"", ""E0"", ""F0"", ""F#0"", ""G0"", ""G#0"", ""A0"", ""Bb0"", ""B0"", ""C1"", ""C#1"", ""D1"", ""Eb1"", ""E1"", ""F1"", ""F#1"", ""G1"", ""G#1"", ""A1"", ""Bb1"", ""B1"", ""C2"", ""C#2"", ""D2"", ""Eb2"", ""E2"", ""F2"", ""F#2"", ""G2"", ""G#2"", ""A2"", ""Bb2"", ""B2"", ""C3"", ""C#3"", ""D3"", ""Eb3"", ""E3"", ""F3"", ""F#3"", ""G3"", ""G#3"", ""A3"", ""Bb3"", ""B3"", ""C4"", ""C#4"", ""D4"", ""Eb4"", ""E4"", ""F4"", ""F#4"", ""G4"", ""G#4"", ""A4"", ""Bb4"", ""B4"", ""C5"", ""C#5"", ""D5"", ""Eb5"", ""E5"", ""F5"", ""F#5"", ""G5"", ""G#5"", ""A5"", ""Bb5"", ""B5"", ""C6"", ""C#6"", ""D6"", ""Eb6"", ""E6"", ""F6"", ""F#6"", ""G6"", ""G#6"", ""A6"", ""Bb6"", ""B6"", ""C7"", ""C#7"", ""D7"", ""Eb7"", ""E7"", ""F7"", ""F#7"", ""G7"", ""G#7"", ""A7"", ""Bb7"", ""B7"", ""C8"", ""C#8"", ""D8"", ""Eb8"", ""E8"", ""F8"", ""F#8"", ""G8"", ""G#8"", ""A8"", ""Bb8"", ""B8"", ""C9"", ""C#9"", ""D9"", ""Eb9"", ""E9"", ""F9"", ""F#9"", ""G9""]",,Bias Position (0~127),"[""enum labels ui-derived from stringTable noteTable""]","{""file"": ""original-roland-files/Script/A8EE/Script.xml"", ""line"": 11648}"
fm.pat.tone[3].biasDirection,1F 00 26 60,int1x7,1,"[0, 3]",3,PatchTone,,script+doc,,"[""LOWER"", ""UPPER"", ""LO&UP"", ""ALL""]",,Bias Direction (0~3),"[""enum labels ui-derived from stringTable biasDirectionTable""]","{""file"": ""original-roland-files/Script/A8EE/Script.xml"", ""line"": 11656}"
fm.pat.tone[3].tvaLevelVelocityCurve,1F 00 26 61,int1x7,1,"[0, 7]",1,PatchTone,,script+doc,,"[""FIX."", ""1"", ""2"", ""3"", ""4"", ""5"", ""6"", ""7""]",,TVA Level Velocity Curve (0~7),"[""enum labels ui-derived from stringTable velocityCurveTable""]","{""file"": ""original-roland-files/Script/A8EE/Script.xml"", ""line"": 11664}"
fm.pat.tone[3].tvaLevelVelocitySens,1F 00 26 62,int1x7,1,"[1, 127]",96,PatchTone,,script+doc,-64,,,TVA Level Velocity Sens (1~127),[],"{""file"": ""original-roland-files/Script/A8EE/Script.xml"", ""line"": 11672}"
fm.pat.tone[3].tvaEnvTime1VelocitySens,1F 00 26 63,int1x7,1,"[1, 127]",64,PatchTone,,script+doc,-64,,,TVA Env Time 1 Velocity Sens (1~127),[],"{""file"": ""original-roland-files/Script/A8EE/Script.xml"", ""line"": 11680}"
fm.pat.tone[3].tvaEnvTime4VelocitySens,1F 00 26 64,int1x7,1,"[1, 127]",64,PatchTone,,script+doc,-64,,,TVA Env Time 4 Velocity Sens (1~127),[],"{""file"": ""original-roland-files/Script/A8EE/Script.xml"", ""line"": 11688}"
fm.pat.tone[3].tvaEnvTimeKeyfollow,1F 00 26 65,int1x7,1,"[54, 74]",64,PatchTone,,script+doc,-54,"[""-100"", ""-90"", ""-80"", ""-70"", ""-60"", ""-50"", ""-40"", ""-30"", ""-20"", ""-10"", ""0"", ""+10"", ""+20"", ""+30"", ""+40"", ""+50"", ""+60"", ""+70"", ""+80"", ""+90"", ""+100""]",,TVA Env Time Keyfollow (54~74),"[""enum labels ui-derived from stringTable kf-100-10Table""]","{""file"": ""original-roland-files/Script/A8EE/Script.xml"", ""line"": 11696}"
fm.pat.tone[3].tvaEnvTime1,1F 00 26 66,int1x7,1,"[0, 127]",0,PatchTone,,script+doc,,,,TVA Env Time 1 (0~127),[],"{""file"": ""original-roland-files/Script/A8EE/Script.xml"", ""line"": 11704}"
fm.pat.tone[3].tvaEnvTime2,1F 00 26 67,int1x7,1,"[0, 127]",10,PatchTone,,script+doc,,,,TVA Env Time 2 (0~127),[],"{""file"": ""original-roland-files/Script/A8EE/Script.xml"", ""line"": 11712}"
fm.pat.tone[3].tvaEnvTime3,1F 00 26 68,int1x7,1,"[0, 127]",10,PatchTone,,script+doc,,,,TVA Env Time 3 (0~127),[],"{""file"": ""original-roland-files/Script/A8EE/Script.xml"", ""line"": 11720}"
fm.pat.tone[3].tvaEnvTime4,1F 00 26 69,int1x7,1,"[0, 127]",10,PatchTone,,script+doc,,,,TVA Env Time 4 (0~127),[],"{""file"": ""original-roland-files/Script/A8EE/Script.xml"", ""line"": 11728}"
fm.pat.tone[3].tvaEnvLevel1,1F 00 26 6A,int1x7,1,"[0, 127]",127,PatchTone,,script+doc,,,,TVA Env Level 1 (0~127),[],"{""file"": ""original-roland-files/Script/A8EE/Script.xml"", ""line"": 11736}"
fm.pat.tone[3].tvaEnvLevel2,1F 00 26 6B,int1x7,1,"[0, 127]",127,PatchTone,,script+doc,,,,TVA Env Level 2 (0~127),[],"{""file"": ""original-roland-files/Script/A8EE/Script.xml"", ""line"": 11744}"
fm.pat.tone[3].tvaEnvLevel3,1F 00 26 6C,int1x7,1,"[0, 127]",127,PatchTone,,script+doc,,,,TVA Env Level 3 (0~127),[],"{""file"": ""original-roland-files/Script/A8EE/Script.xml"", ""line"": 11752}"
fm.pat.tone[3].lfoWaveForm[0],1F 00 26 6D,int1x7,1,"[0, 12]",1,PatchTone,,script+doc,,"[""SIN"", ""TRI"", ""SAW-UP"", ""SAW-DW"", ""SQR"", ""RND"", ""BEND-UP"", ""BEND-DW"", ""TRP"", ""S&H"", ""CHS"", ""VSIN"", ""STEP""]",,LFO1 Waveform (0~12),"[""enum labels ui-derived from stringTable lfoWaveFormTable""]","{""file"": ""original-roland-files/Script/A8EE/Script.xml"", ""line"": 11761}"
fm.pat.tone[3].lfoRate[0],1F 00 26 6E,int2x4,2,"[0, 127]",92,PatchTone,,script+doc,,,,,[],"{""file"": ""original-roland-files/Script/A8EE/Script.xml"", ""line"": 11769}"
fm.pat.tone[3].lfoOffset[0],1F 00 26 70,int1x7,1,"[0, 4]",2,PatchTone,,script+doc,,,,LFO1 Offset (0~4),[],"{""file"": ""original-roland-files/Script/A8EE/Script.xml"", ""line"": 11778}"
fm.pat.tone[3].lfoRateDetune[0],1F 00 26 71,int1x7,1,"[0, 127]",0,PatchTone,,script+doc,,,,LFO1 Rate Detune (0~127),[],"{""file"": ""original-roland-files/Script/A8EE/Script.xml"", ""line"": 11786}"
fm.pat.tone[3].lfoDelayTime[0],1F 00 26 72,int1x7,1,"[0, 127]",0,PatchTone,,script+doc,,,,LFO1 Delay Time (0~127),[],"{""file"": ""original-roland-files/Script/A8EE/Script.xml"", ""line"": 11794}"
fm.pat.tone[3].lfoDelayTimeKeyfollow[0],1F 00 26 73,int1x7,1,"[54, 74]",64,PatchTone,,script+doc,,,,LFO1 Delay Time Keyfollow (54~74),[],"{""file"": ""original-roland-files/Script/A8EE/Script.xml"", ""line"": 11802}"
fm.pat.tone[3].lfoFadeMode[0],1F 00 26 74,int1x7,1,"[0, 3]",0,PatchTone,,script+doc,,"[""ON-IN"", ""ON-OUT"", ""OFF-IN"", ""OFF-OUT""]",,LFO1 Fade Mode (0~3),"[""enum labels ui-derived from stringTable lfoFadeModeTable""]","{""file"": ""original-roland-files/Script/A8EE/Script.xml"", ""line"": 11810}"
fm.pat.tone[3].lfoFadeTime[0],1F 00 26 75,int1x7,1,"[0, 127]",0,PatchTone,,script+doc,,,,LFO1 Fade Time (0~127),[],"{""file"": ""original-roland-files/Script/A8EE/Script.xml"", ""line"": 11818}"
fm.pat.tone[3].lfoKeyTrigger[0],1F 00 26 76,int1x7,1,"[0, 1]",0,PatchTone,,script,,,,LFO1 Key Trigger (0~127) (0~127),"[""doc cross-check: range differs (doc [0, 127])""]","{""file"": ""original-roland-files/Script/A8EE/Script.xml"", ""line"": 11826}"
fm.pat.tone[3].lfoPitchDepth[0],1F 00 26 77,int1x7,1,"[1, 127]",64,PatchTone,,script+doc,-64,,,LFO1 Pitch Depth (1~127),[],"{""file"": ""original-roland-files/Script/A8EE/Script.xml"", ""line"": 11834}"
fm.pat.tone[3].lfoTvfDepth[0],1F 00 26 78,int1x7,1,"[1, 127]",64,PatchTone,,script+doc,-64,,,LFO1 TVF Depth (1~127),[],"{""file"": ""original-roland-files/Script/A8EE/Script.xml"", ""line"": 11842}"
fm.pat.tone[3].lfoTvaDepth[0],1F 00 26 79,int1x7,1,"[1, 127]",64,PatchTone,,script+doc,-64,,,LFO1 TVA Depth (1~127),[],"{""file"": ""original-roland-files/Script/A8EE/Script.xml"", ""line"": 11850}"
fm.pat.tone[3].lfoPanDepth[0],1F 00 26 7A,int1x7,1,"[1, 127]",64,PatchTone,,script+doc,-64,,,LFO1 Pan Depth (1~127),[],"{""file"": ""original-roland-files/Script/A8EE/Script.xml"", ""line"": 11858}"
fm.pat.tone[3].lfoWaveForm[1],1F 00 26 7B,int1x7,1,"[0, 12]",1,PatchTone,,script+doc,,"[""SIN"", ""TRI"", ""SAW-UP"", ""SAW-DW"", ""SQR"", ""RND"", ""BEND-UP"", ""BEND-DW"", ""TRP"", ""S&H"", ""CHS"", ""VSIN"", ""STEP""]",,LFO2 Waveform (0~12),"[""enum labels ui-derived from stringTable lfoWaveFormTable""]","{""file"": ""original-roland-files/Script/A8EE/Script.xml"", ""line"": 11867}"
fm.pat.tone[3].lfoRate[1],1F 00 26 7C,int2x4,2,"[0, 127]",92,PatchTone,,script+doc,,,,,[],"{""file"": ""original-roland-files/Script/A8EE/Script.xml"", ""line"": 11875}"
fm.pat.tone[3].lfoOffset[1],1F 00 26 7E,int1x7,1,"[0, 4]",2,PatchTone,,script+doc,,,,LFO2 Offset (0~4),[],"{""file"": ""original-roland-files/Script/A8EE/Script.xml"", ""line"": 11883}"
fm.pat.tone[3].lfoRateDetune[1],1F 00 26 7F,int1x7,1,"[0, 127]",0,PatchTone,,script+doc,,,,LFO2 Rate Detune (0~127),[],"{""file"": ""original-roland-files/Script/A8EE/Script.xml"", ""line"": 11891}"
fm.pat.tone[3].lfoDelayTime[1],1F 00 27 00,int1x7,1,"[0, 127]",0,PatchTone,,script+doc,,,,LFO2 Delay Time (0~127),[],"{""file"": ""original-roland-files/Script/A8EE/Script.xml"", ""line"": 11899}"
fm.pat.tone[3].lfoDelayTimeKeyfollow[1],1F 00 27 01,int1x7,1,"[54, 74]",64,PatchTone,,script+doc,,,,LFO2 Delay Time Keyfollow (54~74),[],"{""file"": ""original-roland-files/Script/A8EE/Script.xml"", ""line"": 11907}"
fm.pat.tone[3].lfoFadeMode[1],1F 00 27 02,int1x7,1,"[0, 3]",0,PatchTone,,script+doc,,"[""ON-IN"", ""ON-OUT"", ""OFF-IN"", ""OFF-OUT""]",,LFO2 Fade Mode (0~3),"[""enum labels ui-derived from stringTable lfoFadeModeTable""]","{""file"": ""original-roland-files/Script/A8EE/Script.xml"", ""line"": 11915}"
fm.pat.tone[3].lfoFadeTime[1],1F 00 27 03,int1x7,1,"[0, 127]",0,PatchTone,,script+doc,,,,LFO2 Fade Time (0~127),[],"{""file"": ""original-roland-files/Script/A8EE/Script.xml"", ""line"": 11923}"
fm.pat.tone[3].lfoKeyTrigger[1],1F 00 27 04,int1x7,1,"[0, 1]",0,PatchTone,,script+doc,,,,LFO2 Key Trigger (0~1),[],"{""file"": ""original-roland-files/Script/A8EE/Script.xml"", ""line"": 11931}"
fm.pat.tone[3].lfoPitchDepth[1],1F 00 27 05,int1x7,1,"[1, 127]",64,PatchTone,,script+doc,-64,,,LFO2 Pitch Depth (1~127),[],"{""file"": ""original-roland-files/Script/A8EE/Script.xml"", ""line"": 11939}"
fm.pat.tone[3].lfoTvfDepth[1],1F 00 27 06,int1x7,1,"[1, 127]",64,PatchTone,,script+doc,-64,,,LFO2 TVF Depth (1~127),[],"{""file"": ""original-roland-files/Script/A8EE/Script.xml"", ""line"": 11947}"
fm.pat.tone[3].lfoTvaDepth[1],1F 00 27 07,int1x7,1,"[1, 127]",64,PatchTone,,script+doc,-64,,,LFO2 TVA Depth (1~127),[],"{""file"": ""original-roland-files/Script/A8EE/Script.xml"", ""line"": 11955}"
fm.pat.tone[3].lfoPanDepth[1],1F 00 27 08,int1x7,1,"[1, 127]",64,PatchTone,,script+doc,-64,,,LFO2 Pan Depth (1~127),[],"{""file"": ""original-roland-files/Script/A8EE/Script.xml"", ""line"": 11963}"
fm.pat.tone[3].lfoStepType,1F 00 27 09,int1x7,1,"[0, 1]",0,PatchTone,,script+doc,,,,LFO Step Type (0~1),[],"{""file"": ""original-roland-files/Script/A8EE/Script.xml"", ""line"": 11972}"
fm.pat.tone[3].lfoStep1,1F 00 27 0A,int1x7,1,"[28, 100]",64,PatchTone,,script+doc,-64,,,LFO Step1 (28~100),[],"{""file"": ""original-roland-files/Script/A8EE/Script.xml"", ""line"": 11980}"
fm.pat.tone[3].lfoStep2,1F 00 27 0B,int1x7,1,"[28, 100]",64,PatchTone,,script+doc,-64,,,LFO Step2 (28~100),[],"{""file"": ""original-roland-files/Script/A8EE/Script.xml"", ""line"": 11988}"
fm.pat.tone[3].lfoStep3,1F 00 27 0C,int1x7,1,"[28, 100]",64,PatchTone,,script+doc,-64,,,LFO Step3 (28~100),[],"{""file"": ""original-roland-files/Script/A8EE/Script.xml"", ""line"": 11996}"
fm.pat.tone[3].lfoStep4,1F 00 27 0D,int1x7,1,"[28, 100]",64,PatchTone,,script+doc,-64,,,LFO Step4 (28~100),[],"{""file"": ""original-roland-files/Script/A8EE/Script.xml"", ""line"": 12004}"
fm.pat.tone[3].lfoStep5,1F 00 27 0E,int1x7,1,"[28, 100]",64,PatchTone,,script+doc,-64,,,LFO Step5 (28~100),[],"{""file"": ""original-roland-files/Script/A8EE/Script.xml"", ""line"": 12012}"
fm.pat.tone[3].lfoStep6,1F 00 27 0F,int1x7,1,"[28, 100]",64,PatchTone,,script+doc,-64,,,LFO Step6 (28~100),[],"{""file"": ""original-roland-files/Script/A8EE/Script.xml"", ""line"": 12020}"
fm.pat.tone[3].lfoStep7,1F 00 27 10,int1x7,1,"[28, 100]",64,PatchTone,,script+doc,-64,,,LFO Step7 (28~100),[],"{""file"": ""original-roland-files/Script/A8EE/Script.xml"", ""line"": 12028}"
fm.pat.tone[3].lfoStep8,1F 00 27 11,int1x7,1,"[28, 100]",64,PatchTone,,script+doc,-64,,,LFO Step8 (28~100),[],"{""file"": ""original-roland-files/Script/A8EE/Script.xml"", ""line"": 12036}"
fm.pat.tone[3].lfoStep9,1F 00 27 12,int1x7,1,"[28, 100]",64,PatchTone,,script+doc,-64,,,LFO Step9 (28~100),[],"{""file"": ""original-roland-files/Script/A8EE/Script.xml"", ""line"": 12044}"
fm.pat.tone[3].lfoStep10,1F 00 27 13,int1x7,1,"[28, 100]",64,PatchTone,,script+doc,-64,,,LFO Step10 (28~100),[],"{""file"": ""original-roland-files/Script/A8EE/Script.xml"", ""line"": 12052}"
fm.pat.tone[3].lfoStep11,1F 00 27 14,int1x7,1,"[28, 100]",64,PatchTone,,script+doc,-64,,,LFO Step11 (28~100),[],"{""file"": ""original-roland-files/Script/A8EE/Script.xml"", ""line"": 12060}"
fm.pat.tone[3].lfoStep12,1F 00 27 15,int1x7,1,"[28, 100]",64,PatchTone,,script+doc,-64,,,LFO Step12 (28~100),[],"{""file"": ""original-roland-files/Script/A8EE/Script.xml"", ""line"": 12068}"
fm.pat.tone[3].lfoStep13,1F 00 27 16,int1x7,1,"[28, 100]",64,PatchTone,,script+doc,-64,,,LFO Step13 (28~100),[],"{""file"": ""original-roland-files/Script/A8EE/Script.xml"", ""line"": 12076}"
fm.pat.tone[3].lfoStep14,1F 00 27 17,int1x7,1,"[28, 100]",64,PatchTone,,script+doc,-64,,,LFO Step14 (28~100),[],"{""file"": ""original-roland-files/Script/A8EE/Script.xml"", ""line"": 12084}"
fm.pat.tone[3].lfoStep15,1F 00 27 18,int1x7,1,"[28, 100]",64,PatchTone,,script+doc,-64,,,LFO Step15 (28~100),[],"{""file"": ""original-roland-files/Script/A8EE/Script.xml"", ""line"": 12092}"
fm.pat.tone[3].lfoStep16,1F 00 27 19,int1x7,1,"[28, 100]",64,PatchTone,,script+doc,-64,,,LFO Step16 (28~100),[],"{""file"": ""original-roland-files/Script/A8EE/Script.xml"", ""line"": 12100}"
cm.command.uexpInformation,0F 00 00 00,int1x7,1,"[0, 127]",0,SystemInformation,,script,,,,,[],"{""file"": ""original-roland-files/Script/A8EE/Script.xml"", ""line"": 12136}"
cm.command.presetPerformanceBankInformation,0F 00 00 01,int1x7,1,"[0, 127]",0,SystemInformation,,script,,,,,[],"{""file"": ""original-roland-files/Script/A8EE/Script.xml"", ""line"": 12144}"
cm.command.presetPatchBankInformation,0F 00 00 02,int1x7,1,"[0, 127]",0,SystemInformation,,script,,,,,[],"{""file"": ""original-roland-files/Script/A8EE/Script.xml"", ""line"": 12152}"
cm.command.presetRhythmSetBankInformation,0F 00 00 03,int1x7,1,"[0, 127]",0,SystemInformation,,script,,,,,[],"{""file"": ""original-roland-files/Script/A8EE/Script.xml"", ""line"": 12160}"
cm.command.waveNumberInformation,0F 00 01 00,int1x7,1,"[0, 127]",0,SystemInformation,,script,,,,,[],"{""file"": ""original-roland-files/Script/A8EE/Script.xml"", ""line"": 12168}"
cm.command.waveANameInformation,0F 00 01 01,int1x7,1,"[0, 127]",0,SystemInformation,,script,,,,,[],"{""file"": ""original-roland-files/Script/A8EE/Script.xml"", ""line"": 12176}"
cm.command.waveANameInformation2,0F 00 01 02,int1x7,1,"[0, 127]",0,SystemInformation,,script,,,,,[],"{""file"": ""original-roland-files/Script/A8EE/Script.xml"", ""line"": 12184}"
cm.command.waveBNameInformation,0F 00 01 03,int1x7,1,"[0, 127]",0,SystemInformation,,script,,,,,[],"{""file"": ""original-roland-files/Script/A8EE/Script.xml"", ""line"": 12192}"
cm.command.waveBNameInformation2,0F 00 01 04,int1x7,1,"[0, 127]",0,SystemInformation,,script,,,,,[],"{""file"": ""original-roland-files/Script/A8EE/Script.xml"", ""line"": 12200}"
cm.command.performanceNumberInformation,0F 00 02 00,int1x7,1,"[0, 127]",0,SystemInformation,,script,,,,,[],"{""file"": ""original-roland-files/Script/A8EE/Script.xml"", ""line"": 12208}"
cm.command.performanceNameInformation,0F 00 02 01,int1x7,1,"[0, 127]",0,SystemInformation,,script,,,,,[],"{""file"": ""original-roland-files/Script/A8EE/Script.xml"", ""line"": 12216}"
cm.command.performanceNameInformation2,0F 00 02 02,int1x7,1,"[0, 127]",0,SystemInformation,,script,,,,,[],"{""file"": ""original-roland-files/Script/A8EE/Script.xml"", ""line"": 12224}"
cm.command.patchNumberInformation,0F 00 03 00,int1x7,1,"[0, 127]",0,SystemInformation,,script,,,,,[],"{""file"": ""original-roland-files/Script/A8EE/Script.xml"", ""line"": 12232}"
cm.command.patchNameInformation,0F 00 03 01,int1x7,1,"[0, 127]",0,SystemInformation,,script,,,,,[],"{""file"": ""original-roland-files/Script/A8EE/Script.xml"", ""line"": 12240}"
cm.command.patchNameInformation2,0F 00 03 02,int1x7,1,"[0, 127]",0,SystemInformation,,script,,,,,[],"{""file"": ""original-roland-files/Script/A8EE/Script.xml"", ""line"": 12248}"
cm.command.patchCategoryIndexInformation,0F 00 03 03,int1x7,1,"[0, 127]",0,SystemInformation,,script,,,,,[],"{""file"": ""original-roland-files/Script/A8EE/Script.xml"", ""line"": 12256}"
cm.command.patchCategoryGroupIndexInformation,0F 00 03 04,int1x7,1,"[0, 127]",0,SystemInformation,,script,,,,,[],"{""file"": ""original-roland-files/Script/A8EE/Script.xml"", ""line"": 12264}"
cm.command.patchCategoryNumberInformation,0F 00 03 20,int1x7,1,"[0, 127]",0,SystemInformation,,script,,,,,[],"{""file"": ""original-roland-files/Script/A8EE/Script.xml"", ""line"": 12272}"
cm.command.patchCategoryNameInformation1,0F 00 03 21,int1x7,1,"[0, 127]",0,SystemInformation,,script,,,,,[],"{""file"": ""original-roland-files/Script/A8EE/Script.xml"", ""line"": 12280}"
cm.command.patchCategoryNameInformation2,0F 00 03 22,int1x7,1,"[0, 127]",0,SystemInformation,,script,,,,,[],"{""file"": ""original-roland-files/Script/A8EE/Script.xml"", ""line"": 12288}"
cm.command.patchCategoryGroupNumberInformation,0F 00 03 30,int1x7,1,"[0, 127]",0,SystemInformation,,script,,,,,[],"{""file"": ""original-roland-files/Script/A8EE/Script.xml"", ""line"": 12296}"
cm.command.patchCategoryGroupNameInformation1,0F 00 03 31,int1x7,1,"[0, 127]",0,SystemInformation,,script,,,,,[],"{""file"": ""original-roland-files/Script/A8EE/Script.xml"", ""line"": 12304}"
cm.command.patchCategoryGroupNameInformation2,0F 00 03 32,int1x7,1,"[0, 127]",0,SystemInformation,,script,,,,,[],"{""file"": ""original-roland-files/Script/A8EE/Script.xml"", ""line"": 12312}"
cm.command.patchCategoryGroupBankPCInformation,0F 00 03 33,int1x7,1,"[0, 127]",0,SystemInformation,,script,,,,,[],"{""file"": ""original-roland-files/Script/A8EE/Script.xml"", ""line"": 12320}"
cm.command.rhythmSetNumberInformation,0F 00 04 00,int1x7,1,"[0, 127]",0,SystemInformation,,script,,,,,[],"{""file"": ""original-roland-files/Script/A8EE/Script.xml"", ""line"": 12328}"
cm.command.rhythmSetNameInformation,0F 00 04 01,int1x7,1,"[0, 127]",0,SystemInformation,,script,,,,,[],"{""file"": ""original-roland-files/Script/A8EE/Script.xml"", ""line"": 12336}"
cm.command.rhythmSetNameInformation2,0F 00 04 02,int1x7,1,"[0, 127]",0,SystemInformation,,script,,,,,[],"{""file"": ""original-roland-files/Script/A8EE/Script.xml"", ""line"": 12344}"
cm.command.multisampleNumberInformation,0F 00 06 00,int1x7,1,"[0, 127]",0,SystemInformation,,script,,,,,[],"{""file"": ""original-roland-files/Script/A8EE/Script.xml"", ""line"": 12352}"
cm.command.multisampleNameInformation,0F 00 06 01,int1x7,1,"[0, 127]",0,SystemInformation,,script,,,,,[],"{""file"": ""original-roland-files/Script/A8EE/Script.xml"", ""line"": 12360}"
cm.command.multisampleNameInformation2,0F 00 06 02,int1x7,1,"[0, 127]",0,SystemInformation,,script,,,,,[],"{""file"": ""original-roland-files/Script/A8EE/Script.xml"", ""line"": 12368}"
cm.command.sampleNumberInformation,0F 00 07 00,int1x7,1,"[0, 127]",0,SystemInformation,,script,,,,,[],"{""file"": ""original-roland-files/Script/A8EE/Script.xml"", ""line"": 12376}"
cm.command.sampleNameInformation,0F 00 07 01,int1x7,1,"[0, 127]",0,SystemInformation,,script,,,,,[],"{""file"": ""original-roland-files/Script/A8EE/Script.xml"", ""line"": 12384}"
cm.command.sampleNameInformation2,0F 00 07 02,int1x7,1,"[0, 127]",0,SystemInformation,,script,,,,,[],"{""file"": ""original-roland-files/Script/A8EE/Script.xml"", ""line"": 12392}"
cm.command.writeRequest,0F 00 10 00,int1x7,1,"[0, 127]",0,SystemInformation,,script,,,,,[],"{""file"": ""original-roland-files/Script/A8EE/Script.xml"", ""line"": 12400}"
cm.command.writeStart,0F 00 10 01,int1x7,1,"[0, 127]",0,SystemInformation,,script,,,,,[],"{""file"": ""original-roland-files/Script/A8EE/Script.xml"", ""line"": 12408}"
cm.command.writeComplete,0F 00 10 02,int1x7,1,"[0, 127]",0,SystemInformation,,script,,,,,[],"{""file"": ""original-roland-files/Script/A8EE/Script.xml"", ""line"": 12416}"
cm.command.phrasePreviewSwitch,0F 00 20 00,int1x7,1,"[0, 16]",0,SystemInformation,,script,,,,,[],"{""file"": ""original-roland-files/Script/A8EE/Script.xml"", ""line"": 12424}"
cm.command.sampleMemoryWhole,0F 00 0F 00,int1x7,1,"[0, 1]",0,SystemInformation,,script,,,,,[],"{""file"": ""original-roland-files/Script/A8EE/Script.xml"", ""line"": 12432}"
cm.command.sampleMemoryRemain,0F 00 0F 01,int1x7,1,"[0, 1]",0,SystemInformation,,script,,,,,[],"{""file"": ""original-roland-files/Script/A8EE/Script.xml"", ""line"": 12440}"
cm.command.pcModeRequest,0F 00 7F 00,int1x7,1,"[0, 1]",0,SystemInformation,,script,,,,,[],"{""file"": ""original-roland-files/Script/A8EE/Script.xml"", ""line"": 12448}"
cm.command.pcModeResult,0F 00 7F 01,int1x7,1,"[0, 1]",0,SystemInformation,,script,,,,,[],"{""file"": ""original-roland-files/Script/A8EE/Script.xml"", ""line"": 12456}"
